iteracion,COMPRAR_100,COMPRAR_75,COMPRAR_50,COMPRAR_25,COMPRAR_10,MANTENER,VENDER_10,VENDER_25,VENDER_50,VENDER_75,VENDER_100
1,0.0,0.0,0.0,0.0,0.0,0.0,0.0,0.0,0.0,0.0,0.792953
2,0.0,0.0,0.0,0.0,0.0,0.546563,0.0,0.0,0.0,0.0,0.792953
3,0.0,0.002819,0.0,0.0,0.0,0.546563,0.0,0.0,0.0,0.0,0.792953
4,0.0,0.002819,0.0,0.0,0.0,0.546563,0.0,0.0,1.284178,0.0,0.792953
5,0.0,0.002819,0.0,0.0,0.0,0.546563,0.445499,0.0,1.284178,0.0,0.792953
6,0.0,0.002819,0.06423,0.0,0.0,0.546563,0.445499,0.0,1.284178,0.0,0.792953
7,0.0,0.002819,0.06423,1.02254,0.0,0.546563,0.445499,0.0,1.284178,0.0,0.792953
8,0.0,0.002819,0.06423,1.02254,0.0,0.546563,0.445499,0.0,1.284178,0.313358,0.792953
9,0.0,0.002819,0.06423,1.02254,0.396212,0.546563,0.445499,0.0,1.284178,0.313358,0.792953
10,0.0,0.002819,0.06423,1.02254,0.396212,0.546563,0.445499,0.287059,1.284178,0.313358,0.792953
11,0.0,0.002819,0.06423,1.02254,0.396212,0.546563,0.445499,0.287059,1.284178,0.313358,0.792953
12,0.0,0.002819,0.06423,1.02254,0.396212,0.546563,0.445499,0.287059,1.105963,0.313358,0.792953
13,0.0,0.002819,0.06423,0.534491,0.396212,0.546563,0.445499,0.287059,1.105963,0.313358,0.792953
14,0.0,0.002819,0.06423,0.534491,0.396212,0.546563,0.445499,0.287059,1.105963,0.313358,0.763029
15,0.0,0.002819,0.06423,0.534491,0.396212,0.227379,0.445499,0.287059,1.105963,0.313358,0.763029
16,0.0,0.002819,0.06423,0.534491,0.396212,0.227379,0.552427,0.287059,1.105963,0.313358,0.763029
17,0.0,0.002819,0.06423,0.534491,0.396212,0.227379,0.552427,0.287059,0.763587,0.313358,0.763029
18,0.0,0.002819,0.06423,0.534491,0.594381,0.227379,0.552427,0.287059,0.763587,0.313358,0.763029
19,0.0,0.002819,0.06423,0.534491,0.594381,0.227379,0.552427,0.287059,0.763587,0.597541,0.763029
20,0.0,0.002819,0.06423,0.534491,0.594381,0.227379,0.552427,0.288875,0.763587,0.597541,0.763029
21,0.0,0.002819,0.155478,0.534491,0.594381,0.227379,0.552427,0.288875,0.763587,0.597541,0.763029
22,0.0,0.002819,0.155478,0.534491,0.594381,0.227379,0.552427,0.288875,0.763587,0.597541,0.817745
23,0.0,0.059249,0.155478,0.534491,0.594381,0.227379,0.552427,0.288875,0.763587,0.597541,0.817745
24,0.012364,0.059249,0.155478,0.534491,0.594381,0.227379,0.552427,0.288875,0.763587,0.597541,0.817745
25,0.012364,0.059249,0.155478,0.534491,0.594381,0.227379,0.552427,0.288875,0.763587,0.493789,0.817745
26,0.012364,0.059249,0.155478,0.534491,0.484361,0.227379,0.552427,0.288875,0.763587,0.493789,0.817745
27,0.012364,0.059249,0.155478,0.534491,0.484361,0.227379,0.435689,0.288875,0.763587,0.493789,0.817745
28,0.012364,0.059249,0.155478,0.52977,0.484361,0.227379,0.435689,0.288875,0.763587,0.493789,0.817745
29,0.012364,0.059249,0.155478,0.52977,0.484361,0.227379,0.435689,0.288875,0.763587,0.493789,0.832322
30,0.012364,0.059249,0.155478,0.52977,0.484361,0.227379,0.435689,0.288875,0.650793,0.493789,0.832322
31,0.012364,0.059249,0.155478,0.52977,0.484361,0.227379,0.435689,0.288875,0.650793,0.493789,0.722087
32,0.012364,0.059249,0.155478,0.52977,0.484361,0.227379,0.435689,0.375355,0.650793,0.493789,0.722087
33,0.012364,0.059249,0.155478,0.52977,0.484361,0.3569,0.435689,0.375355,0.650793,0.493789,0.722087
34,0.012364,0.059249,0.155478,0.734387,0.484361,0.3569,0.435689,0.375355,0.650793,0.493789,0.722087
35,0.012364,0.059249,0.155478,0.789881,0.484361,0.3569,0.435689,0.375355,0.650793,0.493789,0.722087
36,0.012364,0.059249,0.103652,0.789881,0.484361,0.3569,0.435689,0.375355,0.650793,0.493789,0.722087
37,0.012364,0.059249,0.103652,0.789881,0.484361,0.3569,0.435689,0.375355,0.650793,0.71263,0.722087
38,0.012364,0.059249,0.103652,0.789881,0.484361,0.3569,0.435689,0.375355,0.650793,0.632566,0.722087
39,0.012364,0.059249,0.103652,0.789881,0.370548,0.3569,0.435689,0.375355,0.650793,0.632566,0.722087
40,0.012364,0.059249,0.103652,0.789881,0.370548,0.3569,0.435689,0.375355,0.545776,0.632566,0.722087
41,0.012364,0.059249,0.103652,0.667222,0.370548,0.3569,0.435689,0.375355,0.545776,0.632566,0.722087
42,0.012364,0.059249,0.103652,0.667222,0.370548,0.3569,0.385592,0.375355,0.545776,0.632566,0.722087
43,0.012364,0.060996,0.103652,0.667222,0.370548,0.3569,0.385592,0.375355,0.545776,0.632566,0.722087
44,0.012364,0.060996,0.103652,0.667222,0.370548,0.3569,0.385592,0.483963,0.545776,0.632566,0.722087
45,-0.006541,0.060996,0.103652,0.667222,0.370548,0.3569,0.385592,0.483963,0.545776,0.632566,0.722087
46,-0.006541,0.060996,0.103652,0.667222,0.370548,0.3569,0.385592,0.483963,0.545776,0.632566,0.769728
47,-0.006541,0.060996,0.103652,0.667222,0.370548,0.413505,0.385592,0.483963,0.545776,0.632566,0.769728
48,-0.006541,0.060996,0.103652,0.667222,0.370548,0.413505,0.385592,0.483963,0.545776,0.632566,0.666479
49,-0.006541,0.060996,0.103652,0.667222,0.370548,0.413505,0.385592,0.483963,0.545776,0.665754,0.666479
50,-0.006541,0.060996,0.103652,0.667222,0.370548,0.413505,0.385592,0.424347,0.545776,0.665754,0.666479
51,-0.006541,0.060996,0.103652,0.667222,0.370548,0.472117,0.385592,0.424347,0.545776,0.665754,0.666479
52,-0.006541,0.060996,0.103652,0.579035,0.370548,0.472117,0.385592,0.424347,0.545776,0.665754,0.666479
53,-0.006541,0.060996,0.103652,0.579035,0.370548,0.472117,0.385592,0.424347,0.545776,0.698011,0.666479
54,-0.006541,0.060996,0.103652,0.579035,0.370548,0.472117,0.385592,0.424347,0.622605,0.698011,0.666479
55,-0.006541,0.060996,0.103652,0.579035,0.370548,0.472117,0.506369,0.424347,0.622605,0.698011,0.666479
56,-0.006541,0.060996,0.103652,0.579035,0.345585,0.472117,0.506369,0.424347,0.622605,0.698011,0.666479
57,-0.006541,0.060996,0.103652,0.579035,0.345585,0.472117,0.506369,0.424347,0.649768,0.698011,0.666479
58,-0.006541,0.060996,0.103652,0.579035,0.345585,0.472117,0.465177,0.424347,0.649768,0.698011,0.666479
59,-0.006541,0.060996,0.103652,0.579035,0.345585,0.472117,0.465177,0.424347,0.649768,0.610759,0.666479
60,-0.006541,0.060996,0.169121,0.579035,0.345585,0.472117,0.465177,0.424347,0.649768,0.610759,0.666479
61,-0.006541,0.060996,0.169121,0.579035,0.345585,0.398307,0.465177,0.424347,0.649768,0.610759,0.666479
62,-0.006541,0.060996,0.169121,0.579035,0.345585,0.398307,0.465177,0.424347,0.649768,0.610759,0.583169
63,-0.006541,0.060996,0.169121,0.579035,0.345585,0.398307,0.465177,0.424347,0.620714,0.610759,0.583169
64,-0.006541,0.143668,0.169121,0.579035,0.345585,0.398307,0.465177,0.424347,0.620714,0.610759,0.583169
65,-0.006541,0.143668,0.169121,0.579035,0.345585,0.398307,0.465177,0.403105,0.620714,0.610759,0.583169
66,-0.006541,0.143668,0.169121,0.533658,0.345585,0.398307,0.465177,0.403105,0.620714,0.610759,0.583169
67,-0.004906,0.143668,0.169121,0.533658,0.345585,0.398307,0.465177,0.403105,0.620714,0.610759,0.583169
68,-0.004906,0.143668,0.169121,0.533658,0.345585,0.398307,0.589108,0.403105,0.620714,0.610759,0.583169
69,-0.004906,0.143668,0.169121,0.533658,0.345585,0.398307,0.51547,0.403105,0.620714,0.610759,0.583169
70,-0.004906,0.143668,0.169121,0.533658,0.345585,0.398307,0.51547,0.403105,0.638104,0.610759,0.583169
71,-0.004906,0.143668,0.169121,0.533658,0.357596,0.398307,0.51547,0.403105,0.638104,0.610759,0.583169
72,-0.004906,0.143668,0.169121,0.533658,0.357596,0.398307,0.51547,0.403105,0.638104,0.556399,0.583169
73,-0.004906,0.143668,0.206987,0.533658,0.357596,0.398307,0.51547,0.403105,0.638104,0.556399,0.583169
74,-0.004906,0.143668,0.206987,0.533658,0.357596,0.398307,0.51547,0.403105,0.638104,0.556399,0.641621
75,-0.004906,0.143668,0.206987,0.533658,0.357596,0.398307,0.51547,0.403105,0.638104,0.556399,0.595518
76,-0.004906,0.143668,0.206987,0.533658,0.357596,0.398307,0.51547,0.403105,0.574293,0.556399,0.595518
77,-0.004906,0.151271,0.206987,0.533658,0.357596,0.398307,0.51547,0.403105,0.574293,0.556399,0.595518
78,-0.004906,0.151271,0.206987,0.533658,0.357596,0.398307,0.51547,0.406573,0.574293,0.556399,0.595518
79,-0.004906,0.151271,0.206987,0.533658,0.357596,0.473814,0.51547,0.406573,0.574293,0.556399,0.595518
80,-0.004906,0.151271,0.206987,0.533658,0.357596,0.414587,0.51547,0.406573,0.574293,0.556399,0.595518
81,-0.004906,0.151271,0.206987,0.474363,0.357596,0.414587,0.51547,0.406573,0.574293,0.556399,0.595518
82,-0.004906,0.151271,0.206987,0.474363,0.306511,0.414587,0.51547,0.406573,0.574293,0.556399,0.595518
83,-0.004906,0.151271,0.206987,0.474363,0.306511,0.414587,0.526596,0.406573,0.574293,0.556399,0.595518
84,-0.004906,0.151271,0.206987,0.474363,0.306511,0.414587,0.526596,0.406573,0.574293,0.493619,0.595518
85,-0.004906,0.151271,0.394767,0.474363,0.306511,0.414587,0.526596,0.406573,0.574293,0.493619,0.595518
86,-0.004906,0.151271,0.341478,0.474363,0.306511,0.414587,0.526596,0.406573,0.574293,0.493619,0.595518
87,-0.004906,0.151271,0.341478,0.474363,0.306511,0.414587,0.526596,0.406573,0.574293,0.493619,0.505499
88,-0.004906,0.151271,0.341478,0.474363,0.306511,0.414587,0.526596,0.436983,0.574293,0.493619,0.505499
89,-0.004906,0.151271,0.341478,0.474363,0.306511,0.414587,0.536469,0.436983,0.574293,0.493619,0.505499
90,-0.004906,0.151271,0.341478,0.474363,0.306511,0.414587,0.536469,0.436983,0.602328,0.493619,0.505499
91,-0.004906,0.151271,0.341478,0.474363,0.306511,0.414587,0.536469,0.436983,0.630292,0.493619,0.505499
92,-0.004906,0.151271,0.341478,0.474363,0.306511,0.414587,0.536469,0.440924,0.630292,0.493619,0.505499
93,-0.003925,0.151271,0.341478,0.474363,0.306511,0.414587,0.536469,0.440924,0.630292,0.493619,0.505499
94,-0.003925,0.151271,0.341478,0.474363,0.306511,0.414587,0.536469,0.440924,0.602914,0.493619,0.505499
95,-0.003925,0.194455,0.341478,0.474363,0.306511,0.414587,0.536469,0.440924,0.602914,0.493619,0.505499
96,-0.003925,0.194455,0.341478,0.474363,0.306511,0.414587,0.59252,0.440924,0.602914,0.493619,0.505499
97,-0.003925,0.194455,0.341478,0.474363,0.306511,0.414587,0.572941,0.440924,0.602914,0.493619,0.505499
98,-0.003925,0.194455,0.323057,0.474363,0.306511,0.414587,0.572941,0.440924,0.602914,0.493619,0.505499
99,-0.003925,0.194455,0.323057,0.474363,0.306511,0.398242,0.572941,0.440924,0.602914,0.493619,0.505499
100,-0.003925,0.194455,0.323057,0.447808,0.306511,0.398242,0.572941,0.440924,0.602914,0.493619,0.505499
101,-0.003925,0.194455,0.323057,0.447808,0.295791,0.398242,0.572941,0.440924,0.602914,0.493619,0.505499
102,-0.003925,0.194455,0.323057,0.447808,0.295791,0.398242,0.572941,0.440924,0.602914,0.44633,0.505499
103,-0.003925,0.194455,0.323057,0.447808,0.295791,0.398242,0.572941,0.396832,0.602914,0.44633,0.505499
104,-0.003925,0.194455,0.323057,0.447808,0.295791,0.398242,0.571083,0.396832,0.602914,0.44633,0.505499
105,-0.003925,0.194455,0.323057,0.447808,0.295791,0.398242,0.571083,0.396832,0.600993,0.44633,0.505499
106,-0.003925,0.233771,0.323057,0.447808,0.295791,0.398242,0.571083,0.396832,0.600993,0.44633,0.505499
107,-0.003925,0.233771,0.323057,0.447808,0.295791,0.398242,0.571083,0.396832,0.600993,0.44633,0.551824
108,-0.003925,0.233771,0.323057,0.447808,0.295791,0.398242,0.571083,0.396832,0.600993,0.44633,0.521501
109,-0.003925,0.233771,0.323057,0.447808,0.295791,0.398242,0.541449,0.396832,0.600993,0.44633,0.521501
110,-0.003925,0.233771,0.323057,0.447808,0.295791,0.398242,0.541449,0.396832,0.630784,0.44633,0.521501
111,-0.003925,0.233771,0.323057,0.447808,0.295791,0.398242,0.541449,0.396832,0.666966,0.44633,0.521501
112,-0.003925,0.233771,0.323057,0.447808,0.295791,0.398242,0.541449,0.396832,0.657653,0.44633,0.521501
113,-0.003925,0.233771,0.323057,0.447808,0.295791,0.414397,0.541449,0.396832,0.657653,0.44633,0.521501
114,-0.003925,0.233771,0.323057,0.513159,0.295791,0.414397,0.541449,0.396832,0.657653,0.44633,0.521501
115,-0.003925,0.233771,0.323057,0.577786,0.295791,0.414397,0.541449,0.396832,0.657653,0.44633,0.521501
116,-0.003925,0.233771,0.323057,0.533341,0.295791,0.414397,0.541449,0.396832,0.657653,0.44633,0.521501
117,-0.003925,0.233771,0.322248,0.533341,0.295791,0.414397,0.541449,0.396832,0.657653,0.44633,0.521501
118,-0.003925,0.233771,0.322248,0.533341,0.295791,0.414397,0.541449,0.396832,0.666014,0.44633,0.521501
119,-0.003925,0.201969,0.322248,0.533341,0.295791,0.414397,0.541449,0.396832,0.666014,0.44633,0.521501
120,-0.003925,0.201969,0.322248,0.533341,0.295791,0.414397,0.541449,0.396832,0.661092,0.44633,0.521501
121,-0.003925,0.201969,0.322248,0.533341,0.295791,0.427986,0.541449,0.396832,0.661092,0.44633,0.521501
122,-0.003925,0.201969,0.322248,0.558991,0.295791,0.427986,0.541449,0.396832,0.661092,0.44633,0.521501
123,-0.003925,0.201969,0.322248,0.558991,0.275775,0.427986,0.541449,0.396832,0.661092,0.44633,0.521501
124,-0.003925,0.201969,0.322248,0.521725,0.275775,0.427986,0.541449,0.396832,0.661092,0.44633,0.521501
125,0.150575,0.201969,0.322248,0.521725,0.275775,0.427986,0.541449,0.396832,0.661092,0.44633,0.521501
126,0.129065,0.201969,0.322248,0.521725,0.275775,0.427986,0.541449,0.396832,0.661092,0.44633,0.521501
127,0.129065,0.201969,0.322248,0.521725,0.275775,0.427986,0.541449,0.396832,0.661092,0.44633,0.507032
128,0.129065,0.201969,0.322248,0.521725,0.275775,0.427986,0.541449,0.396832,0.661092,0.41556,0.507032
129,0.129065,0.201969,0.322248,0.521725,0.275775,0.427986,0.541449,0.380168,0.661092,0.41556,0.507032
130,0.129065,0.201969,0.322248,0.521725,0.275775,0.427986,0.541449,0.380168,0.626486,0.41556,0.507032
131,0.129065,0.201969,0.322248,0.521725,0.275775,0.427986,0.522354,0.380168,0.626486,0.41556,0.507032
132,0.129065,0.201969,0.322248,0.521725,0.275775,0.380512,0.522354,0.380168,0.626486,0.41556,0.507032
133,0.129065,0.201969,0.306986,0.521725,0.275775,0.380512,0.522354,0.380168,0.626486,0.41556,0.507032
134,0.129065,0.201969,0.306986,0.521725,0.275775,0.380512,0.522354,0.380168,0.626486,0.41556,0.505452
135,0.129065,0.201969,0.306986,0.521725,0.275775,0.380512,0.561061,0.380168,0.626486,0.41556,0.505452
136,0.129065,0.201969,0.306986,0.521725,0.275775,0.380512,0.5354,0.380168,0.626486,0.41556,0.505452
137,0.129065,0.201969,0.306986,0.495698,0.275775,0.380512,0.5354,0.380168,0.626486,0.41556,0.505452
138,0.129065,0.201969,0.306986,0.495698,0.275775,0.380512,0.5354,0.380168,0.582423,0.41556,0.505452
139,0.129065,0.201969,0.306986,0.495698,0.275775,0.380512,0.5354,0.348785,0.582423,0.41556,0.505452
140,0.129065,0.201969,0.306986,0.495698,0.32279,0.380512,0.5354,0.348785,0.582423,0.41556,0.505452
141,0.129065,0.201969,0.306986,0.495698,0.32279,0.380512,0.5354,0.348785,0.582423,0.392505,0.505452
142,0.112932,0.201969,0.306986,0.495698,0.32279,0.380512,0.5354,0.348785,0.582423,0.392505,0.505452
143,0.112932,0.201969,0.306986,0.495698,0.374808,0.380512,0.5354,0.348785,0.582423,0.392505,0.505452
144,0.112932,0.201969,0.306986,0.495698,0.323903,0.380512,0.5354,0.348785,0.582423,0.392505,0.505452
145,0.112932,0.201969,0.306986,0.495698,0.323903,0.380512,0.5354,0.348785,0.582423,0.392505,0.48766
146,0.112932,0.221503,0.306986,0.495698,0.323903,0.380512,0.5354,0.348785,0.582423,0.392505,0.48766
147,0.112932,0.221503,0.277963,0.495698,0.323903,0.380512,0.5354,0.348785,0.582423,0.392505,0.48766
148,0.112932,0.221503,0.277963,0.495698,0.323903,0.380512,0.572161,0.348785,0.582423,0.392505,0.48766
149,0.112932,0.221503,0.277963,0.495698,0.323903,0.380512,0.544655,0.348785,0.582423,0.392505,0.48766
150,0.112932,0.221503,0.277963,0.495698,0.323903,0.440894,0.544655,0.348785,0.582423,0.392505,0.48766
151,0.112932,0.221503,0.277963,0.495698,0.323903,0.438175,0.544655,0.348785,0.582423,0.392505,0.48766
152,0.112932,0.221503,0.277963,0.468707,0.323903,0.438175,0.544655,0.348785,0.582423,0.392505,0.48766
153,0.112932,0.221503,0.277963,0.468707,0.323903,0.469175,0.544655,0.348785,0.582423,0.392505,0.48766
154,0.112932,0.221503,0.277963,0.468707,0.323903,0.442597,0.544655,0.348785,0.582423,0.392505,0.48766
155,0.112932,0.221503,0.277963,0.468707,0.323903,0.442597,0.544655,0.348785,0.582423,0.392505,0.463351
156,0.112932,0.200353,0.277963,0.468707,0.323903,0.442597,0.544655,0.348785,0.582423,0.392505,0.463351
157,0.112932,0.200353,0.277963,0.468707,0.323903,0.442597,0.544655,0.348785,0.631231,0.392505,0.463351
158,0.112932,0.200353,0.277963,0.468707,0.323903,0.442597,0.544655,0.348785,0.603786,0.392505,0.463351
159,0.112932,0.200353,0.277963,0.468707,0.323903,0.442597,0.544655,0.348785,0.603786,0.421946,0.463351
160,0.112932,0.200353,0.277963,0.468707,0.323903,0.442597,0.546398,0.348785,0.603786,0.421946,0.463351
161,0.112932,0.200353,0.277963,0.468707,0.323903,0.442597,0.546398,0.348785,0.603786,0.403667,0.463351
162,0.112932,0.200353,0.277963,0.468707,0.323903,0.442597,0.546398,0.364786,0.603786,0.403667,0.463351
163,0.112932,0.200353,0.277963,0.468707,0.323903,0.442597,0.546398,0.364786,0.578629,0.403667,0.463351
164,0.112932,0.200353,0.277963,0.468707,0.323903,0.442597,0.564539,0.364786,0.578629,0.403667,0.463351
165,0.112932,0.200353,0.277963,0.468707,0.323903,0.442597,0.561579,0.364786,0.578629,0.403667,0.463351
166,0.112932,0.200353,0.277963,0.468707,0.323903,0.442597,0.561579,0.346226,0.578629,0.403667,0.463351
167,0.112932,0.200353,0.277963,0.468707,0.326461,0.442597,0.561579,0.346226,0.578629,0.403667,0.463351
168,0.112932,0.200353,0.277963,0.482986,0.326461,0.442597,0.561579,0.346226,0.578629,0.403667,0.463351
169,0.112203,0.200353,0.277963,0.482986,0.326461,0.442597,0.561579,0.346226,0.578629,0.403667,0.463351
170,0.112203,0.200353,0.277963,0.482986,0.326461,0.442597,0.576754,0.346226,0.578629,0.403667,0.463351
171,0.112203,0.200353,0.277963,0.482986,0.326461,0.442597,0.578371,0.346226,0.578629,0.403667,0.463351
172,0.112203,0.200353,0.256796,0.482986,0.326461,0.442597,0.578371,0.346226,0.578629,0.403667,0.463351
173,0.112203,0.200353,0.256796,0.482986,0.326461,0.429316,0.578371,0.346226,0.578629,0.403667,0.463351
174,0.112203,0.200353,0.256796,0.482986,0.326461,0.429316,0.578371,0.346226,0.578629,0.403667,0.465173
175,0.112203,0.200353,0.256796,0.523787,0.326461,0.429316,0.578371,0.346226,0.578629,0.403667,0.465173
176,0.112203,0.200353,0.256796,0.550334,0.326461,0.429316,0.578371,0.346226,0.578629,0.403667,0.465173
177,0.112203,0.200353,0.256796,0.526157,0.326461,0.429316,0.578371,0.346226,0.578629,0.403667,0.465173
178,0.112203,0.200353,0.256796,0.526157,0.326461,0.429316,0.578371,0.346226,0.566629,0.403667,0.465173
179,0.112203,0.200353,0.256796,0.526157,0.326461,0.429316,0.557683,0.346226,0.566629,0.403667,0.465173
180,0.112203,0.200353,0.256796,0.526157,0.326461,0.429316,0.557683,0.346226,0.566629,0.420919,0.465173
181,0.112203,0.200353,0.256796,0.513362,0.326461,0.429316,0.557683,0.346226,0.566629,0.420919,0.465173
182,0.112203,0.200353,0.256796,0.513362,0.326461,0.429316,0.557683,0.346226,0.566629,0.396849,0.465173
183,0.112203,0.200353,0.256796,0.513362,0.326461,0.429316,0.557683,0.346226,0.566629,0.396849,0.44069
184,0.112203,0.200353,0.256796,0.513362,0.331109,0.429316,0.557683,0.346226,0.566629,0.396849,0.44069
185,0.112203,0.190735,0.256796,0.513362,0.331109,0.429316,0.557683,0.346226,0.566629,0.396849,0.44069
186,0.112203,0.190735,0.256796,0.513362,0.331109,0.422426,0.557683,0.346226,0.566629,0.396849,0.44069
187,0.112203,0.190735,0.256796,0.513362,0.331109,0.422426,0.557683,0.346226,0.564108,0.396849,0.44069
188,0.112203,0.190735,0.256796,0.513362,0.331109,0.422426,0.557683,0.363298,0.564108,0.396849,0.44069
189,0.112203,0.190735,0.256796,0.513362,0.331109,0.422426,0.579456,0.363298,0.564108,0.396849,0.44069
190,0.112203,0.190735,0.256796,0.513362,0.331109,0.422426,0.598844,0.363298,0.564108,0.396849,0.44069
191,0.112203,0.190735,0.256796,0.513362,0.331109,0.422426,0.622268,0.363298,0.564108,0.396849,0.44069
192,0.112203,0.190735,0.256796,0.513362,0.331109,0.422426,0.600811,0.363298,0.564108,0.396849,0.44069
193,0.112203,0.190735,0.256796,0.522075,0.331109,0.422426,0.600811,0.363298,0.564108,0.396849,0.44069
194,0.112203,0.190735,0.256796,0.522075,0.331109,0.422426,0.587654,0.363298,0.564108,0.396849,0.44069
195,0.112203,0.190735,0.256796,0.522075,0.331109,0.422426,0.587654,0.36799,0.564108,0.396849,0.44069
196,0.112203,0.190735,0.256796,0.522075,0.331109,0.422426,0.587654,0.36799,0.55711,0.396849,0.44069
197,0.112203,0.190735,0.256796,0.540993,0.331109,0.422426,0.587654,0.36799,0.55711,0.396849,0.44069
198,0.112203,0.190735,0.256796,0.568003,0.331109,0.422426,0.587654,0.36799,0.55711,0.396849,0.44069
199,0.112203,0.190735,0.256796,0.582385,0.331109,0.422426,0.587654,0.36799,0.55711,0.396849,0.44069
200,0.112203,0.190735,0.256796,0.564673,0.331109,0.422426,0.587654,0.36799,0.55711,0.396849,0.44069
201,0.112203,0.190735,0.256796,0.564673,0.316038,0.422426,0.587654,0.36799,0.55711,0.396849,0.44069
202,0.12176,0.190735,0.256796,0.564673,0.316038,0.422426,0.587654,0.36799,0.55711,0.396849,0.44069
203,0.12176,0.190735,0.263138,0.564673,0.316038,0.422426,0.587654,0.36799,0.55711,0.396849,0.44069
204,0.12176,0.190735,0.263138,0.554694,0.316038,0.422426,0.587654,0.36799,0.55711,0.396849,0.44069
205,0.12176,0.190735,0.263138,0.554694,0.316038,0.442217,0.587654,0.36799,0.55711,0.396849,0.44069
206,0.12176,0.190735,0.263138,0.554694,0.316038,0.433297,0.587654,0.36799,0.55711,0.396849,0.44069
207,0.12176,0.190735,0.263138,0.554694,0.316038,0.433297,0.587654,0.36799,0.55711,0.396849,0.471375
208,0.12176,0.190735,0.263138,0.554694,0.316038,0.433297,0.587654,0.36799,0.55711,0.396849,0.451303
209,0.12176,0.190735,0.263138,0.554694,0.316038,0.433297,0.587654,0.36799,0.55711,0.408313,0.451303
210,0.12176,0.190735,0.263138,0.554694,0.316038,0.433297,0.587654,0.36799,0.537214,0.408313,0.451303
211,0.12176,0.190735,0.263138,0.554694,0.316038,0.433297,0.587654,0.381676,0.537214,0.408313,0.451303
212,0.12176,0.190735,0.263138,0.554694,0.316038,0.433297,0.577833,0.381676,0.537214,0.408313,0.451303
213,0.12176,0.190735,0.263138,0.554694,0.316038,0.433297,0.577833,0.381676,0.537214,0.408291,0.451303
214,0.12176,0.174841,0.263138,0.554694,0.316038,0.433297,0.577833,0.381676,0.537214,0.408291,0.451303
215,0.12176,0.174841,0.263138,0.554694,0.316038,0.433297,0.577833,0.397667,0.537214,0.408291,0.451303
216,0.12176,0.174841,0.263138,0.541758,0.316038,0.433297,0.577833,0.397667,0.537214,0.408291,0.451303
217,0.12176,0.174841,0.254612,0.541758,0.316038,0.433297,0.577833,0.397667,0.537214,0.408291,0.451303
218,0.12176,0.174841,0.254612,0.541758,0.316038,0.433297,0.577833,0.377103,0.537214,0.408291,0.451303
219,0.12176,0.174841,0.254612,0.541758,0.316038,0.433297,0.577833,0.377103,0.537214,0.408291,0.444579
220,0.12176,0.174841,0.254612,0.541758,0.316038,0.433297,0.582083,0.377103,0.537214,0.408291,0.444579
221,0.12176,0.174841,0.254612,0.541758,0.316038,0.423471,0.582083,0.377103,0.537214,0.408291,0.444579
222,0.12176,0.174841,0.254612,0.541758,0.309705,0.423471,0.582083,0.377103,0.537214,0.408291,0.444579
223,0.12176,0.174841,0.254612,0.541758,0.309705,0.423471,0.59849,0.377103,0.537214,0.408291,0.444579
224,0.12176,0.174841,0.254612,0.541758,0.309705,0.423471,0.580887,0.377103,0.537214,0.408291,0.444579
225,0.12176,0.174841,0.254612,0.541758,0.309705,0.423471,0.580887,0.377103,0.537214,0.387876,0.444579
226,0.110691,0.174841,0.254612,0.541758,0.309705,0.423471,0.580887,0.377103,0.537214,0.387876,0.444579
227,0.110691,0.174841,0.254612,0.541758,0.309705,0.423471,0.580887,0.377103,0.520724,0.387876,0.444579
228,0.110691,0.174841,0.254612,0.549738,0.309705,0.423471,0.580887,0.377103,0.520724,0.387876,0.444579
229,0.110691,0.174841,0.254612,0.558898,0.309705,0.423471,0.580887,0.377103,0.520724,0.387876,0.444579
230,0.110691,0.174841,0.254612,0.539356,0.309705,0.423471,0.580887,0.377103,0.520724,0.387876,0.444579
231,0.110691,0.174841,0.254612,0.539356,0.309705,0.423471,0.580887,0.377103,0.520724,0.387876,0.453425
232,0.110691,0.174841,0.254612,0.539356,0.309705,0.423471,0.586632,0.377103,0.520724,0.387876,0.453425
233,0.110691,0.174841,0.254612,0.539356,0.309705,0.423471,0.596895,0.377103,0.520724,0.387876,0.453425
234,0.110691,0.174841,0.254612,0.539356,0.309705,0.423471,0.6028,0.377103,0.520724,0.387876,0.453425
235,0.110691,0.174841,0.254612,0.539356,0.309705,0.423471,0.588083,0.377103,0.520724,0.387876,0.453425
236,0.110691,0.174841,0.254612,0.539356,0.309705,0.408646,0.588083,0.377103,0.520724,0.387876,0.453425
237,0.110691,0.174841,0.254612,0.539356,0.309705,0.408646,0.588083,0.377103,0.520724,0.387876,0.463917
238,0.110691,0.174841,0.254612,0.539356,0.309705,0.408646,0.588083,0.377103,0.520724,0.387876,0.456077
239,0.110691,0.174841,0.320225,0.539356,0.309705,0.408646,0.588083,0.377103,0.520724,0.387876,0.456077
240,0.110691,0.174841,0.311135,0.539356,0.309705,0.408646,0.588083,0.377103,0.520724,0.387876,0.456077
241,0.110691,0.174841,0.293504,0.539356,0.309705,0.408646,0.588083,0.377103,0.520724,0.387876,0.456077
242,0.110691,0.174841,0.293504,0.539356,0.297595,0.408646,0.588083,0.377103,0.520724,0.387876,0.456077
243,0.110691,0.174841,0.293504,0.539356,0.297595,0.408646,0.588083,0.365297,0.520724,0.387876,0.456077
244,0.110691,0.174841,0.293504,0.539356,0.297595,0.408646,0.588083,0.365297,0.510367,0.387876,0.456077
245,0.110691,0.195062,0.293504,0.539356,0.297595,0.408646,0.588083,0.365297,0.510367,0.387876,0.456077
246,0.110691,0.195062,0.293504,0.539356,0.297595,0.408646,0.588083,0.365297,0.510367,0.371285,0.456077
247,0.110691,0.195062,0.293504,0.539356,0.297595,0.408646,0.57418,0.365297,0.510367,0.371285,0.456077
248,0.110691,0.195062,0.293504,0.523827,0.297595,0.408646,0.57418,0.365297,0.510367,0.371285,0.456077
249,0.110691,0.195062,0.293504,0.523827,0.297595,0.408646,0.57418,0.365297,0.510367,0.371285,0.448944
250,0.110691,0.195062,0.293504,0.523827,0.297595,0.390879,0.57418,0.365297,0.510367,0.371285,0.448944
251,0.110691,0.195062,0.293504,0.523827,0.297595,0.390879,0.57418,0.365297,0.499271,0.371285,0.448944
252,0.110691,0.201688,0.293504,0.523827,0.297595,0.390879,0.57418,0.365297,0.499271,0.371285,0.448944
253,0.101467,0.201688,0.293504,0.523827,0.297595,0.390879,0.57418,0.365297,0.499271,0.371285,0.448944
254,0.101467,0.201688,0.293504,0.523827,0.297595,0.390879,0.57418,0.393602,0.499271,0.371285,0.448944
255,0.101467,0.201688,0.293504,0.523827,0.297595,0.390879,0.57418,0.376266,0.499271,0.371285,0.448944
256,0.101467,0.201688,0.293504,0.523827,0.297595,0.390879,0.569698,0.376266,0.499271,0.371285,0.448944
257,0.101467,0.201688,0.293504,0.523827,0.281971,0.390879,0.569698,0.376266,0.499271,0.371285,0.448944
258,0.101467,0.201688,0.293504,0.510081,0.281971,0.390879,0.569698,0.376266,0.499271,0.371285,0.448944
259,0.101467,0.201688,0.293504,0.510081,0.281971,0.390879,0.569698,0.376266,0.499271,0.371285,0.432634
260,0.101467,0.201688,0.277199,0.510081,0.281971,0.390879,0.569698,0.376266,0.499271,0.371285,0.432634
261,0.101467,0.201688,0.277199,0.510081,0.281971,0.390879,0.569698,0.376266,0.499271,0.397263,0.432634
262,0.101467,0.201688,0.277199,0.510081,0.281971,0.390879,0.569698,0.376266,0.499271,0.387327,0.432634
263,0.101467,0.201688,0.277199,0.510081,0.281971,0.390879,0.569698,0.376266,0.515011,0.387327,0.432634
264,0.101467,0.201688,0.277199,0.510081,0.281971,0.390879,0.569698,0.376266,0.516145,0.387327,0.432634
265,0.101467,0.201688,0.277199,0.510081,0.281971,0.390879,0.571894,0.376266,0.516145,0.387327,0.432634
266,0.101467,0.201688,0.277199,0.510081,0.281971,0.390879,0.571894,0.376266,0.509042,0.387327,0.432634
267,0.101467,0.263269,0.277199,0.510081,0.281971,0.390879,0.571894,0.376266,0.509042,0.387327,0.432634
268,0.101467,0.242085,0.277199,0.510081,0.281971,0.390879,0.571894,0.376266,0.509042,0.387327,0.432634
269,0.101467,0.242085,0.277199,0.510081,0.281971,0.390879,0.568493,0.376266,0.509042,0.387327,0.432634
270,0.101467,0.242085,0.277199,0.510081,0.281971,0.390879,0.568493,0.409918,0.509042,0.387327,0.432634
271,0.101467,0.242085,0.277199,0.510081,0.281971,0.390879,0.568493,0.391982,0.509042,0.387327,0.432634
272,0.101467,0.242085,0.277199,0.510081,0.281971,0.412623,0.568493,0.391982,0.509042,0.387327,0.432634
273,0.101467,0.242085,0.277199,0.510081,0.281971,0.400445,0.568493,0.391982,0.509042,0.387327,0.432634
274,0.101467,0.242085,0.277199,0.510081,0.281971,0.400445,0.568493,0.391982,0.509042,0.386049,0.432634
275,0.101467,0.242085,0.277199,0.510081,0.281971,0.400445,0.576055,0.391982,0.509042,0.386049,0.432634
276,0.101467,0.242085,0.277199,0.510081,0.281971,0.400445,0.562963,0.391982,0.509042,0.386049,0.432634
277,0.101467,0.242085,0.277199,0.495508,0.281971,0.400445,0.562963,0.391982,0.509042,0.386049,0.432634
278,0.101467,0.242085,0.277199,0.495508,0.281971,0.400445,0.562963,0.391982,0.495603,0.386049,0.432634
279,0.101467,0.285235,0.277199,0.495508,0.281971,0.400445,0.562963,0.391982,0.495603,0.386049,0.432634
280,0.101467,0.274614,0.277199,0.495508,0.281971,0.400445,0.562963,0.391982,0.495603,0.386049,0.432634
281,0.101467,0.274614,0.277199,0.495508,0.281971,0.400445,0.562963,0.391982,0.495603,0.386049,0.425383
282,0.101467,0.274614,0.277199,0.495508,0.281971,0.400445,0.562963,0.379391,0.495603,0.386049,0.425383
283,0.101467,0.274614,0.277199,0.495508,0.295984,0.400445,0.562963,0.379391,0.495603,0.386049,0.425383
284,0.101467,0.274614,0.277199,0.495508,0.295984,0.385044,0.562963,0.379391,0.495603,0.386049,0.425383
285,0.101467,0.274614,0.277199,0.495508,0.295984,0.385044,0.562963,0.379391,0.495603,0.399769,0.425383
286,0.101467,0.274614,0.277199,0.495508,0.295984,0.385044,0.562963,0.379391,0.495603,0.378584,0.425383
287,0.110567,0.274614,0.277199,0.495508,0.295984,0.385044,0.562963,0.379391,0.495603,0.378584,0.425383
288,0.110567,0.274614,0.234092,0.495508,0.295984,0.385044,0.562963,0.379391,0.495603,0.378584,0.425383
289,0.110567,0.274614,0.234092,0.495508,0.295984,0.385044,0.558561,0.379391,0.495603,0.378584,0.425383
290,0.110567,0.274614,0.234092,0.495508,0.303578,0.385044,0.558561,0.379391,0.495603,0.378584,0.425383
291,0.110567,0.280322,0.234092,0.495508,0.303578,0.385044,0.558561,0.379391,0.495603,0.378584,0.425383
292,0.110567,0.280322,0.234092,0.495508,0.303578,0.385044,0.558561,0.379391,0.507641,0.378584,0.425383
293,0.110567,0.280322,0.234092,0.495508,0.303578,0.385044,0.558561,0.379391,0.503617,0.378584,0.425383
294,0.110567,0.280322,0.234092,0.483536,0.303578,0.385044,0.558561,0.379391,0.503617,0.378584,0.425383
295,0.110567,0.280322,0.234092,0.483536,0.303578,0.385044,0.558561,0.379391,0.503617,0.378584,0.410715
296,0.110567,0.280322,0.234092,0.483536,0.303578,0.385044,0.576417,0.379391,0.503617,0.378584,0.410715
297,0.110567,0.280322,0.234092,0.483536,0.303578,0.385044,0.587147,0.379391,0.503617,0.378584,0.410715
298,0.110567,0.280322,0.234092,0.483536,0.303578,0.385044,0.590584,0.379391,0.503617,0.378584,0.410715
299,0.110567,0.280322,0.234092,0.483536,0.303578,0.385044,0.586041,0.379391,0.503617,0.378584,0.410715
300,0.110567,0.280322,0.234092,0.483536,0.303578,0.385044,0.57432,0.379391,0.503617,0.378584,0.410715
301,0.110567,0.280322,0.234092,0.483536,0.303578,0.385044,0.57432,0.379391,0.491941,0.378584,0.410715
302,0.110567,0.280322,0.234092,0.483536,0.289121,0.385044,0.57432,0.379391,0.491941,0.378584,0.410715
303,0.110567,0.268774,0.234092,0.483536,0.289121,0.385044,0.57432,0.379391,0.491941,0.378584,0.410715
304,0.110567,0.268774,0.234092,0.483536,0.289121,0.385044,0.57432,0.364799,0.491941,0.378584,0.410715
305,0.110567,0.268774,0.234092,0.483536,0.289121,0.385044,0.563645,0.364799,0.491941,0.378584,0.410715
306,0.128668,0.268774,0.234092,0.483536,0.289121,0.385044,0.563645,0.364799,0.491941,0.378584,0.410715
307,0.128668,0.268774,0.234092,0.483536,0.289121,0.388902,0.563645,0.364799,0.491941,0.378584,0.410715
308,0.128668,0.268774,0.234092,0.484472,0.289121,0.388902,0.563645,0.364799,0.491941,0.378584,0.410715
309,0.128668,0.268774,0.234092,0.484472,0.289121,0.388902,0.563645,0.364799,0.491941,0.381961,0.410715
310,0.128668,0.268774,0.234092,0.484472,0.289121,0.388902,0.563645,0.364799,0.488464,0.381961,0.410715
311,0.128668,0.268774,0.234092,0.471723,0.289121,0.388902,0.563645,0.364799,0.488464,0.381961,0.410715
312,0.128668,0.268774,0.234092,0.471723,0.289121,0.391324,0.563645,0.364799,0.488464,0.381961,0.410715
313,0.128668,0.268774,0.234092,0.471723,0.289121,0.391324,0.563645,0.364799,0.488464,0.381961,0.397024
314,0.128668,0.268774,0.234092,0.471723,0.289121,0.391324,0.555216,0.364799,0.488464,0.381961,0.397024
315,0.12249,0.268774,0.234092,0.471723,0.289121,0.391324,0.555216,0.364799,0.488464,0.381961,0.397024
316,0.12249,0.268774,0.234092,0.471723,0.289121,0.391324,0.555216,0.364799,0.488464,0.388981,0.397024
317,0.12249,0.268774,0.234092,0.471723,0.289121,0.377942,0.555216,0.364799,0.488464,0.388981,0.397024
318,0.12249,0.268774,0.234092,0.471723,0.289121,0.377942,0.555216,0.364799,0.491158,0.388981,0.397024
319,0.12249,0.268774,0.234092,0.471723,0.289121,0.377942,0.555216,0.384,0.491158,0.388981,0.397024
320,0.12249,0.268774,0.234092,0.471723,0.289121,0.377942,0.555216,0.403295,0.491158,0.388981,0.397024
321,0.12249,0.268774,0.234092,0.471723,0.289121,0.377942,0.555216,0.389388,0.491158,0.388981,0.397024
322,0.12249,0.268774,0.234092,0.471723,0.289121,0.377942,0.555216,0.389388,0.491158,0.39254,0.397024
323,0.12249,0.268774,0.234092,0.471723,0.27598,0.377942,0.555216,0.389388,0.491158,0.39254,0.397024
324,0.12249,0.255975,0.234092,0.471723,0.27598,0.377942,0.555216,0.389388,0.491158,0.39254,0.397024
325,0.12249,0.255975,0.234092,0.471723,0.27598,0.377942,0.555216,0.389388,0.485277,0.39254,0.397024
326,0.12249,0.255975,0.234092,0.471723,0.27598,0.377942,0.545943,0.389388,0.485277,0.39254,0.397024
327,0.12249,0.255975,0.234092,0.471723,0.27598,0.377942,0.545943,0.389388,0.485277,0.384491,0.397024
328,0.12249,0.255975,0.234092,0.464418,0.27598,0.377942,0.545943,0.389388,0.485277,0.384491,0.397024
329,0.12249,0.255975,0.234092,0.464418,0.27598,0.377942,0.545943,0.393395,0.485277,0.384491,0.397024
330,0.12249,0.255975,0.234092,0.464418,0.27598,0.377942,0.545943,0.393395,0.485277,0.384491,0.42249
331,0.12249,0.255975,0.234092,0.464418,0.27598,0.377942,0.545943,0.393395,0.485277,0.384491,0.412378
332,0.12249,0.255975,0.234092,0.464418,0.27598,0.377942,0.545943,0.393395,0.485906,0.384491,0.412378
333,0.12249,0.255975,0.262459,0.464418,0.27598,0.377942,0.545943,0.393395,0.485906,0.384491,0.412378
334,0.12249,0.255975,0.298225,0.464418,0.27598,0.377942,0.545943,0.393395,0.485906,0.384491,0.412378
335,0.12249,0.255975,0.308895,0.464418,0.27598,0.377942,0.545943,0.393395,0.485906,0.384491,0.412378
336,0.12249,0.255975,0.296609,0.464418,0.27598,0.377942,0.545943,0.393395,0.485906,0.384491,0.412378
337,0.12249,0.255975,0.296609,0.464418,0.27598,0.377942,0.545943,0.387193,0.485906,0.384491,0.412378
338,0.12249,0.255975,0.296609,0.464418,0.27598,0.377942,0.545943,0.387193,0.485906,0.384491,0.440344
339,0.12249,0.255975,0.296609,0.464418,0.27598,0.377942,0.545943,0.387193,0.485906,0.384491,0.439829
340,0.12249,0.255975,0.296609,0.464418,0.27598,0.377942,0.545943,0.387193,0.485906,0.384491,0.429143
341,0.12249,0.255975,0.296609,0.464418,0.27598,0.377942,0.551145,0.387193,0.485906,0.384491,0.429143
342,0.12249,0.255975,0.296609,0.464418,0.27598,0.377942,0.554328,0.387193,0.485906,0.384491,0.429143
343,0.12249,0.255975,0.296609,0.464418,0.27598,0.377942,0.547715,0.387193,0.485906,0.384491,0.429143
344,0.12249,0.255975,0.296609,0.464418,0.27598,0.377942,0.547715,0.387193,0.49453,0.384491,0.429143
345,0.12249,0.255975,0.296609,0.464418,0.27598,0.377942,0.547715,0.387193,0.494201,0.384491,0.429143
346,0.12249,0.255975,0.296609,0.464418,0.27598,0.371881,0.547715,0.387193,0.494201,0.384491,0.429143
347,0.12249,0.255975,0.296609,0.467261,0.27598,0.371881,0.547715,0.387193,0.494201,0.384491,0.429143
348,0.12249,0.255975,0.296609,0.467261,0.27598,0.371881,0.547715,0.387193,0.484394,0.384491,0.429143
349,0.12249,0.255975,0.28425,0.467261,0.27598,0.371881,0.547715,0.387193,0.484394,0.384491,0.429143
350,0.12249,0.255975,0.28425,0.467261,0.27598,0.371881,0.547715,0.387193,0.484394,0.405548,0.429143
351,0.12249,0.255975,0.28425,0.467261,0.27598,0.371881,0.547715,0.387193,0.484394,0.399339,0.429143
352,0.12249,0.255975,0.28425,0.460068,0.27598,0.371881,0.547715,0.387193,0.484394,0.399339,0.429143
353,0.12249,0.255975,0.28425,0.460068,0.27598,0.371881,0.547715,0.387193,0.484394,0.399339,0.435218
354,0.148752,0.255975,0.28425,0.460068,0.27598,0.371881,0.547715,0.387193,0.484394,0.399339,0.435218
355,0.148752,0.255975,0.28425,0.460068,0.285559,0.371881,0.547715,0.387193,0.484394,0.399339,0.435218
356,0.148752,0.255975,0.28425,0.460068,0.285559,0.371881,0.547715,0.387193,0.484394,0.399339,0.436279
357,0.148752,0.255975,0.28425,0.460068,0.285559,0.371881,0.55983,0.387193,0.484394,0.399339,0.436279
358,0.148752,0.255975,0.28425,0.460068,0.285559,0.371881,0.56325,0.387193,0.484394,0.399339,0.436279
359,0.148752,0.255975,0.28425,0.460068,0.285559,0.371881,0.553703,0.387193,0.484394,0.399339,0.436279
360,0.220298,0.255975,0.28425,0.460068,0.285559,0.371881,0.553703,0.387193,0.484394,0.399339,0.436279
361,0.208059,0.255975,0.28425,0.460068,0.285559,0.371881,0.553703,0.387193,0.484394,0.399339,0.436279
362,0.23236,0.255975,0.28425,0.460068,0.285559,0.371881,0.553703,0.387193,0.484394,0.399339,0.436279
363,0.238409,0.255975,0.28425,0.460068,0.285559,0.371881,0.553703,0.387193,0.484394,0.399339,0.436279
364,0.238409,0.255975,0.28425,0.460068,0.285559,0.371881,0.553703,0.387193,0.484394,0.38683,0.436279
365,0.236198,0.255975,0.28425,0.460068,0.285559,0.371881,0.553703,0.387193,0.484394,0.38683,0.436279
366,0.236198,0.2456,0.28425,0.460068,0.285559,0.371881,0.553703,0.387193,0.484394,0.38683,0.436279
367,0.236198,0.2456,0.28425,0.460068,0.285559,0.371881,0.553703,0.393999,0.484394,0.38683,0.436279
368,0.236198,0.2456,0.28425,0.460068,0.293428,0.371881,0.553703,0.393999,0.484394,0.38683,0.436279
369,0.236198,0.2456,0.28425,0.460068,0.293428,0.371881,0.553703,0.405975,0.484394,0.38683,0.436279
370,0.236198,0.2456,0.28425,0.460068,0.293428,0.371881,0.553703,0.400937,0.484394,0.38683,0.436279
371,0.236198,0.2456,0.28425,0.460068,0.293428,0.371881,0.553703,0.400937,0.484394,0.38683,0.425272
372,0.236198,0.2456,0.28425,0.460068,0.293428,0.371881,0.557806,0.400937,0.484394,0.38683,0.425272
373,0.236198,0.2456,0.28425,0.460068,0.293428,0.371881,0.548483,0.400937,0.484394,0.38683,0.425272
374,0.236198,0.2456,0.28425,0.460068,0.293428,0.379307,0.548483,0.400937,0.484394,0.38683,0.425272
375,0.236198,0.2456,0.28425,0.459806,0.293428,0.379307,0.548483,0.400937,0.484394,0.38683,0.425272
376,0.236198,0.2456,0.28425,0.459806,0.293428,0.370638,0.548483,0.400937,0.484394,0.38683,0.425272
377,0.236198,0.2456,0.28425,0.459806,0.293428,0.370638,0.548483,0.400937,0.484726,0.38683,0.425272
378,0.236198,0.2456,0.28425,0.459806,0.287387,0.370638,0.548483,0.400937,0.484726,0.38683,0.425272
379,0.236198,0.2456,0.28425,0.459806,0.287387,0.370638,0.548483,0.400937,0.47608,0.38683,0.425272
380,0.236198,0.2456,0.28425,0.459806,0.287387,0.370638,0.548483,0.403325,0.47608,0.38683,0.425272
381,0.236198,0.2456,0.28425,0.46557,0.287387,0.370638,0.548483,0.403325,0.47608,0.38683,0.425272
382,0.236198,0.2456,0.28425,0.468526,0.287387,0.370638,0.548483,0.403325,0.47608,0.38683,0.425272
383,0.236198,0.2456,0.28425,0.468526,0.287387,0.370638,0.538621,0.403325,0.47608,0.38683,0.425272
384,0.259194,0.2456,0.28425,0.468526,0.287387,0.370638,0.538621,0.403325,0.47608,0.38683,0.425272
385,0.302418,0.2456,0.28425,0.468526,0.287387,0.370638,0.538621,0.403325,0.47608,0.38683,0.425272
386,0.329698,0.2456,0.28425,0.468526,0.287387,0.370638,0.538621,0.403325,0.47608,0.38683,0.425272
387,0.354219,0.2456,0.28425,0.468526,0.287387,0.370638,0.538621,0.403325,0.47608,0.38683,0.425272
388,0.358045,0.2456,0.28425,0.468526,0.287387,0.370638,0.538621,0.403325,0.47608,0.38683,0.425272
389,0.34786,0.2456,0.28425,0.468526,0.287387,0.370638,0.538621,0.403325,0.47608,0.38683,0.425272
390,0.378614,0.2456,0.28425,0.468526,0.287387,0.370638,0.538621,0.403325,0.47608,0.38683,0.425272
391,0.373155,0.2456,0.28425,0.468526,0.287387,0.370638,0.538621,0.403325,0.47608,0.38683,0.425272
392,0.360716,0.2456,0.28425,0.468526,0.287387,0.370638,0.538621,0.403325,0.47608,0.38683,0.425272
393,0.362565,0.2456,0.28425,0.468526,0.287387,0.370638,0.538621,0.403325,0.47608,0.38683,0.425272
394,0.362565,0.2456,0.334187,0.468526,0.287387,0.370638,0.538621,0.403325,0.47608,0.38683,0.425272
395,0.362565,0.2456,0.340635,0.468526,0.287387,0.370638,0.538621,0.403325,0.47608,0.38683,0.425272
396,0.362565,0.2456,0.37043,0.468526,0.287387,0.370638,0.538621,0.403325,0.47608,0.38683,0.425272
397,0.362565,0.2456,0.359913,0.468526,0.287387,0.370638,0.538621,0.403325,0.47608,0.38683,0.425272
398,0.362565,0.2456,0.344642,0.468526,0.287387,0.370638,0.538621,0.403325,0.47608,0.38683,0.425272
399,0.362565,0.2456,0.344642,0.476968,0.287387,0.370638,0.538621,0.403325,0.47608,0.38683,0.425272
400,0.362565,0.2456,0.344642,0.469922,0.287387,0.370638,0.538621,0.403325,0.47608,0.38683,0.425272
401,0.362565,0.2456,0.344642,0.469922,0.287387,0.370638,0.538621,0.403325,0.47608,0.394965,0.425272
402,0.362565,0.2456,0.344642,0.469922,0.287387,0.370638,0.538621,0.403325,0.47608,0.404385,0.425272
403,0.362565,0.2456,0.344642,0.469922,0.287387,0.370638,0.538621,0.403325,0.47608,0.424908,0.425272
404,0.362565,0.2456,0.344642,0.469922,0.287387,0.370638,0.538621,0.403325,0.47608,0.433286,0.425272
405,0.362565,0.2456,0.344642,0.469922,0.287387,0.370638,0.538621,0.403325,0.47608,0.442355,0.425272
406,0.362565,0.2456,0.344642,0.469922,0.287387,0.370638,0.538621,0.403325,0.47608,0.458682,0.425272
407,0.362565,0.2456,0.344642,0.469922,0.287387,0.370638,0.538621,0.403325,0.47608,0.449741,0.425272
408,0.362565,0.2456,0.344642,0.469922,0.287387,0.370638,0.538621,0.403325,0.47608,0.451225,0.425272
409,0.362565,0.2456,0.344642,0.469922,0.287387,0.370638,0.538621,0.403325,0.47608,0.442234,0.425272
410,0.362565,0.2456,0.344642,0.469922,0.287387,0.370638,0.538621,0.392121,0.47608,0.442234,0.425272
411,0.362565,0.2456,0.333189,0.469922,0.287387,0.370638,0.538621,0.392121,0.47608,0.442234,0.425272
412,0.362565,0.2456,0.333189,0.469922,0.287387,0.370638,0.538621,0.392121,0.47608,0.442234,0.422784
413,0.351235,0.2456,0.333189,0.469922,0.287387,0.370638,0.538621,0.392121,0.47608,0.442234,0.422784
414,0.351235,0.249374,0.333189,0.469922,0.287387,0.370638,0.538621,0.392121,0.47608,0.442234,0.422784
415,0.351235,0.249374,0.333189,0.469922,0.287387,0.392562,0.538621,0.392121,0.47608,0.442234,0.422784
416,0.351235,0.249374,0.333189,0.469922,0.287387,0.401474,0.538621,0.392121,0.47608,0.442234,0.422784
417,0.351235,0.249374,0.333189,0.469922,0.287387,0.43183,0.538621,0.392121,0.47608,0.442234,0.422784
418,0.351235,0.249374,0.333189,0.469922,0.287387,0.440605,0.538621,0.392121,0.47608,0.442234,0.422784
419,0.351235,0.249374,0.333189,0.469922,0.287387,0.431683,0.538621,0.392121,0.47608,0.442234,0.422784
420,0.351235,0.249374,0.333189,0.469922,0.287387,0.427707,0.538621,0.392121,0.47608,0.442234,0.422784
421,0.351235,0.249374,0.333189,0.469922,0.287387,0.443672,0.538621,0.392121,0.47608,0.442234,0.422784
422,0.351235,0.249374,0.333189,0.469922,0.287387,0.444505,0.538621,0.392121,0.47608,0.442234,0.422784
423,0.351235,0.249374,0.333189,0.469922,0.287387,0.439089,0.538621,0.392121,0.47608,0.442234,0.422784
424,0.351235,0.249374,0.333189,0.469922,0.287387,0.439089,0.538621,0.392121,0.483031,0.442234,0.422784
425,0.351235,0.249374,0.333189,0.469922,0.287387,0.439089,0.538621,0.392121,0.473444,0.442234,0.422784
426,0.351235,0.249374,0.333189,0.469922,0.312757,0.439089,0.538621,0.392121,0.473444,0.442234,0.422784
427,0.351235,0.249374,0.333189,0.469922,0.301173,0.439089,0.538621,0.392121,0.473444,0.442234,0.422784
428,0.351235,0.249374,0.333189,0.467882,0.301173,0.439089,0.538621,0.392121,0.473444,0.442234,0.422784
429,0.351235,0.249374,0.333189,0.467882,0.301173,0.44009,0.538621,0.392121,0.473444,0.442234,0.422784
430,0.351235,0.249374,0.333189,0.467882,0.301173,0.44009,0.551405,0.392121,0.473444,0.442234,0.422784
431,0.351235,0.249374,0.333189,0.467882,0.301173,0.44009,0.543829,0.392121,0.473444,0.442234,0.422784
432,0.351235,0.249374,0.333189,0.467882,0.301173,0.44009,0.543829,0.392121,0.473444,0.442234,0.435553
433,0.351235,0.249374,0.333189,0.467882,0.301173,0.44009,0.543829,0.392121,0.473444,0.442234,0.43813
434,0.351235,0.249374,0.333189,0.467882,0.301173,0.44009,0.543829,0.392121,0.473444,0.442234,0.427699
435,0.351235,0.249374,0.333189,0.467882,0.301173,0.44009,0.543829,0.392121,0.473444,0.443257,0.427699
436,0.351235,0.249374,0.333189,0.467882,0.301173,0.44009,0.538116,0.392121,0.473444,0.443257,0.427699
437,0.351235,0.249374,0.333189,0.467882,0.301173,0.434849,0.538116,0.392121,0.473444,0.443257,0.427699
438,0.351235,0.249374,0.333189,0.474917,0.301173,0.434849,0.538116,0.392121,0.473444,0.443257,0.427699
439,0.351235,0.249374,0.333189,0.465224,0.301173,0.434849,0.538116,0.392121,0.473444,0.443257,0.427699
440,0.351235,0.241418,0.333189,0.465224,0.301173,0.434849,0.538116,0.392121,0.473444,0.443257,0.427699
441,0.351235,0.241418,0.333189,0.465224,0.301173,0.434849,0.538116,0.392121,0.473444,0.433183,0.427699
442,0.351235,0.241418,0.333189,0.465224,0.301173,0.434849,0.538116,0.380826,0.473444,0.433183,0.427699
443,0.351235,0.241418,0.333189,0.465224,0.291459,0.434849,0.538116,0.380826,0.473444,0.433183,0.427699
444,0.351235,0.241418,0.333189,0.465224,0.291459,0.434849,0.538116,0.380826,0.463975,0.433183,0.427699
445,0.351235,0.241418,0.333189,0.465224,0.291459,0.434849,0.546846,0.380826,0.463975,0.433183,0.427699
446,0.351235,0.241418,0.333189,0.465224,0.291459,0.434849,0.538684,0.380826,0.463975,0.433183,0.427699
447,0.351235,0.241418,0.358366,0.465224,0.291459,0.434849,0.538684,0.380826,0.463975,0.433183,0.427699
448,0.351235,0.241418,0.347168,0.465224,0.291459,0.434849,0.538684,0.380826,0.463975,0.433183,0.427699
449,0.340591,0.241418,0.347168,0.465224,0.291459,0.434849,0.538684,0.380826,0.463975,0.433183,0.427699
450,0.340591,0.241418,0.347168,0.465224,0.291459,0.424966,0.538684,0.380826,0.463975,0.433183,0.427699
451,0.340591,0.241418,0.347168,0.465224,0.291459,0.424966,0.538684,0.380826,0.463975,0.433183,0.450061
452,0.340591,0.241418,0.347168,0.465224,0.291459,0.424966,0.538684,0.380826,0.463975,0.433183,0.44328
453,0.340591,0.241418,0.347168,0.465224,0.291459,0.424966,0.538684,0.380826,0.463975,0.433183,0.443149
454,0.340591,0.241418,0.347168,0.465224,0.291459,0.424966,0.541434,0.380826,0.463975,0.433183,0.443149
455,0.340591,0.241418,0.347168,0.465224,0.291459,0.424966,0.534727,0.380826,0.463975,0.433183,0.443149
456,0.340591,0.241418,0.359823,0.465224,0.291459,0.424966,0.534727,0.380826,0.463975,0.433183,0.443149
457,0.340591,0.241418,0.34924,0.465224,0.291459,0.424966,0.534727,0.380826,0.463975,0.433183,0.443149
458,0.340591,0.241418,0.34924,0.467951,0.291459,0.424966,0.534727,0.380826,0.463975,0.433183,0.443149
459,0.340591,0.241418,0.34924,0.467951,0.291459,0.424966,0.534727,0.380826,0.463975,0.433183,0.449288
460,0.340591,0.241418,0.34924,0.467951,0.291459,0.424966,0.534727,0.380826,0.463975,0.433183,0.439729
461,0.340591,0.241418,0.34924,0.465135,0.291459,0.424966,0.534727,0.380826,0.463975,0.433183,0.439729
462,0.340591,0.241418,0.34924,0.465135,0.291459,0.424966,0.534727,0.380826,0.463975,0.444843,0.439729
463,0.340591,0.241418,0.34924,0.465135,0.291459,0.424966,0.534727,0.380826,0.463975,0.441128,0.439729
464,0.340591,0.241418,0.34924,0.465135,0.291459,0.424966,0.534727,0.380826,0.462173,0.441128,0.439729
465,0.340591,0.241418,0.34924,0.465135,0.291459,0.424966,0.534727,0.380826,0.462173,0.4447,0.439729
466,0.340591,0.241418,0.34924,0.465135,0.291459,0.424966,0.534727,0.36975,0.462173,0.4447,0.439729
467,0.340591,0.23873,0.34924,0.465135,0.291459,0.424966,0.534727,0.36975,0.462173,0.4447,0.439729
468,0.340591,0.23873,0.34924,0.465135,0.291459,0.424966,0.530774,0.36975,0.462173,0.4447,0.439729
469,0.340591,0.23873,0.34924,0.465135,0.291459,0.424966,0.530774,0.36975,0.462173,0.435436,0.439729
470,0.340591,0.23873,0.34924,0.46895,0.291459,0.424966,0.530774,0.36975,0.462173,0.435436,0.439729
471,0.340591,0.23873,0.34924,0.472796,0.291459,0.424966,0.530774,0.36975,0.462173,0.435436,0.439729
472,0.340591,0.23873,0.34924,0.472742,0.291459,0.424966,0.530774,0.36975,0.462173,0.435436,0.439729
473,0.340591,0.23873,0.34924,0.472742,0.304604,0.424966,0.530774,0.36975,0.462173,0.435436,0.439729
474,0.340591,0.23873,0.34924,0.472742,0.295811,0.424966,0.530774,0.36975,0.462173,0.435436,0.439729
475,0.340591,0.23873,0.34924,0.472742,0.295811,0.427226,0.530774,0.36975,0.462173,0.435436,0.439729
476,0.340591,0.23873,0.34924,0.472742,0.295811,0.427226,0.530774,0.36975,0.456659,0.435436,0.439729
477,0.340591,0.23873,0.34924,0.472742,0.295811,0.427226,0.530774,0.36975,0.456659,0.435436,0.453061
478,0.340591,0.23873,0.34924,0.472742,0.295811,0.427226,0.530774,0.36975,0.456659,0.435436,0.461271
479,0.340591,0.23873,0.34924,0.472742,0.295811,0.427226,0.530774,0.36975,0.456659,0.435436,0.452045
480,0.341802,0.23873,0.34924,0.472742,0.295811,0.427226,0.530774,0.36975,0.456659,0.435436,0.452045
481,0.341802,0.23873,0.34183,0.472742,0.295811,0.427226,0.530774,0.36975,0.456659,0.435436,0.452045
482,0.341802,0.23873,0.34183,0.472742,0.295811,0.441981,0.530774,0.36975,0.456659,0.435436,0.452045
483,0.341802,0.23873,0.34183,0.472742,0.295811,0.434248,0.530774,0.36975,0.456659,0.435436,0.452045
484,0.341802,0.23873,0.34183,0.46779,0.295811,0.434248,0.530774,0.36975,0.456659,0.435436,0.452045
485,0.341802,0.23873,0.34183,0.46779,0.295811,0.434248,0.524805,0.36975,0.456659,0.435436,0.452045
486,0.341802,0.23873,0.34183,0.46779,0.295811,0.434248,0.524805,0.36975,0.456659,0.435436,0.442436
487,0.341802,0.23873,0.34183,0.46779,0.295811,0.449384,0.524805,0.36975,0.456659,0.435436,0.442436
488,0.341802,0.23873,0.34183,0.46779,0.295811,0.457519,0.524805,0.36975,0.456659,0.435436,0.442436
489,0.341802,0.23873,0.34183,0.46779,0.295811,0.448369,0.524805,0.36975,0.456659,0.435436,0.442436
490,0.341802,0.23873,0.34183,0.46779,0.295811,0.454352,0.524805,0.36975,0.456659,0.435436,0.442436
491,0.341802,0.23873,0.34183,0.46779,0.295811,0.449586,0.524805,0.36975,0.456659,0.435436,0.442436
492,0.340444,0.23873,0.34183,0.46779,0.295811,0.449586,0.524805,0.36975,0.456659,0.435436,0.442436
493,0.340444,0.23873,0.34183,0.46779,0.295811,0.449586,0.524805,0.36975,0.461881,0.435436,0.442436
494,0.340444,0.23873,0.34183,0.46779,0.295811,0.449586,0.524805,0.36975,0.452764,0.435436,0.442436
495,0.340444,0.23873,0.34183,0.46779,0.295811,0.449586,0.524805,0.36975,0.452764,0.426549,0.442436
496,0.340444,0.241434,0.34183,0.46779,0.295811,0.449586,0.524805,0.36975,0.452764,0.426549,0.442436
497,0.340444,0.241434,0.34183,0.46779,0.295811,0.449586,0.520594,0.36975,0.452764,0.426549,0.442436
498,0.340444,0.241434,0.34183,0.469858,0.295811,0.449586,0.520594,0.36975,0.452764,0.426549,0.442436
499,0.340444,0.241434,0.34183,0.469858,0.295811,0.449586,0.520594,0.373732,0.452764,0.426549,0.442436
500,0.340444,0.241434,0.34183,0.465428,0.295811,0.449586,0.520594,0.373732,0.452764,0.426549,0.442436
501,0.340444,0.241434,0.34183,0.465428,0.286268,0.449586,0.520594,0.373732,0.452764,0.426549,0.442436
502,0.340444,0.241434,0.34183,0.465428,0.286268,0.446178,0.520594,0.373732,0.452764,0.426549,0.442436
503,0.340444,0.241434,0.34183,0.465428,0.286268,0.446178,0.520594,0.380892,0.452764,0.426549,0.442436
504,0.340444,0.241434,0.34183,0.465428,0.286268,0.446178,0.520594,0.371602,0.452764,0.426549,0.442436
505,0.340444,0.241434,0.35086,0.465428,0.286268,0.446178,0.520594,0.371602,0.452764,0.426549,0.442436
506,0.340444,0.241434,0.350586,0.465428,0.286268,0.446178,0.520594,0.371602,0.452764,0.426549,0.442436
507,0.330987,0.241434,0.350586,0.465428,0.286268,0.446178,0.520594,0.371602,0.452764,0.426549,0.442436
508,0.330987,0.241434,0.350586,0.465428,0.286268,0.446178,0.520594,0.371602,0.452764,0.426549,0.451963
509,0.330987,0.241434,0.350586,0.465428,0.286268,0.446178,0.520594,0.371602,0.452764,0.426549,0.459967
510,0.330987,0.241434,0.350586,0.465428,0.286268,0.446178,0.520594,0.371602,0.452764,0.426549,0.451449
511,0.330987,0.241434,0.350586,0.465428,0.286268,0.446178,0.52448,0.371602,0.452764,0.426549,0.451449
512,0.330987,0.241434,0.350586,0.465428,0.286268,0.446178,0.533111,0.371602,0.452764,0.426549,0.451449
513,0.330987,0.241434,0.350586,0.465428,0.286268,0.446178,0.544196,0.371602,0.452764,0.426549,0.451449
514,0.330987,0.241434,0.350586,0.465428,0.286268,0.446178,0.538955,0.371602,0.452764,0.426549,0.451449
515,0.330987,0.241434,0.350586,0.465428,0.286268,0.446178,0.538616,0.371602,0.452764,0.426549,0.451449
516,0.330987,0.241434,0.350586,0.465428,0.286268,0.446178,0.544672,0.371602,0.452764,0.426549,0.451449
517,0.330987,0.241434,0.350586,0.465428,0.286268,0.446178,0.545735,0.371602,0.452764,0.426549,0.451449
518,0.330987,0.241434,0.350586,0.465428,0.286268,0.446178,0.538913,0.371602,0.452764,0.426549,0.451449
519,0.330987,0.250561,0.350586,0.465428,0.286268,0.446178,0.538913,0.371602,0.452764,0.426549,0.451449
520,0.330987,0.250561,0.350586,0.465428,0.286268,0.446178,0.53898,0.371602,0.452764,0.426549,0.451449
521,0.330987,0.250561,0.350586,0.465428,0.286268,0.446178,0.53898,0.371602,0.466697,0.426549,0.451449
522,0.330987,0.250561,0.350586,0.465428,0.286268,0.446178,0.53898,0.371602,0.460849,0.426549,0.451449
523,0.330987,0.250561,0.350586,0.469219,0.286268,0.446178,0.53898,0.371602,0.460849,0.426549,0.451449
524,0.330987,0.250561,0.350586,0.461921,0.286268,0.446178,0.53898,0.371602,0.460849,0.426549,0.451449
525,0.330987,0.250561,0.350586,0.461921,0.286268,0.446178,0.53898,0.371602,0.46498,0.426549,0.451449
526,0.330987,0.250561,0.350586,0.461921,0.286268,0.446178,0.53898,0.371602,0.479483,0.426549,0.451449
527,0.330987,0.250561,0.350586,0.461921,0.286268,0.446178,0.53898,0.371602,0.477458,0.426549,0.451449
528,0.330987,0.250561,0.350586,0.461921,0.286268,0.446178,0.53898,0.371602,0.47485,0.426549,0.451449
529,0.330987,0.250561,0.350586,0.461921,0.286268,0.446178,0.53898,0.371602,0.47485,0.426549,0.453001
530,0.330987,0.250561,0.360629,0.461921,0.286268,0.446178,0.53898,0.371602,0.47485,0.426549,0.453001
531,0.330987,0.250561,0.368771,0.461921,0.286268,0.446178,0.53898,0.371602,0.47485,0.426549,0.453001
532,0.330987,0.250561,0.37328,0.461921,0.286268,0.446178,0.53898,0.371602,0.47485,0.426549,0.453001
533,0.330987,0.250561,0.364176,0.461921,0.286268,0.446178,0.53898,0.371602,0.47485,0.426549,0.453001
534,0.330987,0.250561,0.364176,0.461921,0.286268,0.438343,0.53898,0.371602,0.47485,0.426549,0.453001
535,0.330987,0.250561,0.364176,0.461921,0.286268,0.438343,0.53898,0.371602,0.47485,0.418018,0.453001
536,0.330987,0.250561,0.364176,0.461921,0.286268,0.438343,0.532185,0.371602,0.47485,0.418018,0.453001
537,0.330987,0.254809,0.364176,0.461921,0.286268,0.438343,0.532185,0.371602,0.47485,0.418018,0.453001
538,0.330987,0.254809,0.364176,0.461921,0.286268,0.438343,0.532185,0.371602,0.466247,0.418018,0.453001
539,0.330987,0.254809,0.364176,0.461921,0.286268,0.438343,0.532185,0.371602,0.466247,0.418018,0.444963
540,0.330987,0.254809,0.364176,0.461921,0.286268,0.438343,0.532185,0.362747,0.466247,0.418018,0.444963
541,0.330987,0.260422,0.364176,0.461921,0.286268,0.438343,0.532185,0.362747,0.466247,0.418018,0.444963
542,0.330987,0.260422,0.364176,0.461921,0.286268,0.438343,0.526437,0.362747,0.466247,0.418018,0.444963
543,0.330987,0.260422,0.364176,0.458457,0.286268,0.438343,0.526437,0.362747,0.466247,0.418018,0.444963
544,0.330987,0.260422,0.364176,0.458457,0.278299,0.438343,0.526437,0.362747,0.466247,0.418018,0.444963
545,0.324643,0.260422,0.364176,0.458457,0.278299,0.438343,0.526437,0.362747,0.466247,0.418018,0.444963
546,0.324643,0.260422,0.364176,0.458457,0.278299,0.443096,0.526437,0.362747,0.466247,0.418018,0.444963
547,0.324643,0.260422,0.364176,0.458457,0.278299,0.451468,0.526437,0.362747,0.466247,0.418018,0.444963
548,0.324643,0.260422,0.364176,0.458457,0.278299,0.443548,0.526437,0.362747,0.466247,0.418018,0.444963
549,0.324643,0.260422,0.364176,0.458457,0.278299,0.443548,0.526437,0.362747,0.474925,0.418018,0.444963
550,0.324643,0.260422,0.364176,0.458457,0.278299,0.443548,0.526437,0.362747,0.467386,0.418018,0.444963
551,0.324643,0.260422,0.364176,0.458457,0.278299,0.443548,0.526437,0.362747,0.467386,0.421506,0.444963
552,0.324643,0.251741,0.364176,0.458457,0.278299,0.443548,0.526437,0.362747,0.467386,0.421506,0.444963
553,0.324643,0.251741,0.364176,0.458457,0.278299,0.443548,0.526437,0.362747,0.467386,0.421506,0.45668
554,0.324643,0.251741,0.364176,0.458457,0.278299,0.443548,0.526437,0.362747,0.467386,0.421506,0.468236
555,0.324643,0.251741,0.364176,0.458457,0.278299,0.443548,0.526437,0.362747,0.467386,0.421506,0.462043
556,0.324643,0.251741,0.364176,0.458457,0.278299,0.443548,0.526437,0.362747,0.467386,0.421506,0.459427
557,0.324643,0.251741,0.356728,0.458457,0.278299,0.443548,0.526437,0.362747,0.467386,0.421506,0.459427
558,0.324643,0.251741,0.356728,0.458457,0.278299,0.443548,0.526437,0.362747,0.467386,0.41382,0.459427
559,0.324643,0.251741,0.356728,0.458457,0.278299,0.443548,0.526437,0.362747,0.467386,0.41382,0.457323
560,0.324643,0.251741,0.356728,0.4608,0.278299,0.443548,0.526437,0.362747,0.467386,0.41382,0.457323
561,0.324643,0.251741,0.356728,0.4608,0.278299,0.443548,0.521467,0.362747,0.467386,0.41382,0.457323
562,0.324643,0.251741,0.356728,0.453367,0.278299,0.443548,0.521467,0.362747,0.467386,0.41382,0.457323
563,0.324643,0.251741,0.356728,0.453367,0.278299,0.443548,0.521467,0.362747,0.475927,0.41382,0.457323
564,0.324643,0.251741,0.356728,0.453367,0.278299,0.443548,0.521467,0.362747,0.468837,0.41382,0.457323
565,0.324643,0.251741,0.356728,0.453367,0.278299,0.437126,0.521467,0.362747,0.468837,0.41382,0.457323
566,0.324643,0.251741,0.356728,0.453367,0.278299,0.437126,0.521467,0.362747,0.468837,0.41382,0.464805
567,0.324643,0.251741,0.356728,0.453367,0.278299,0.437126,0.521467,0.362747,0.468837,0.41382,0.469616
568,0.324643,0.251741,0.356728,0.453367,0.278299,0.437126,0.521467,0.362747,0.468837,0.41382,0.467727
569,0.324643,0.251741,0.356728,0.453367,0.278299,0.437126,0.521467,0.362747,0.468837,0.41382,0.481881
570,0.324643,0.251741,0.356728,0.453367,0.278299,0.437126,0.521467,0.362747,0.468837,0.41382,0.479066
571,0.324643,0.251741,0.356728,0.453367,0.278299,0.437126,0.521467,0.362747,0.468837,0.41382,0.473119
572,0.324643,0.251741,0.356728,0.453367,0.278299,0.437126,0.521467,0.365153,0.468837,0.41382,0.473119
573,0.324643,0.251741,0.356728,0.453367,0.278299,0.437126,0.521467,0.365153,0.464114,0.41382,0.473119
574,0.316099,0.251741,0.356728,0.453367,0.278299,0.437126,0.521467,0.365153,0.464114,0.41382,0.473119
575,0.316099,0.251741,0.356728,0.453367,0.278299,0.437126,0.515332,0.365153,0.464114,0.41382,0.473119
576,0.316099,0.251741,0.356728,0.453367,0.278299,0.437126,0.515332,0.358711,0.464114,0.41382,0.473119
577,0.316099,0.251741,0.356728,0.453367,0.278299,0.437126,0.515332,0.358711,0.464114,0.41382,0.471038
578,0.316099,0.251741,0.356728,0.453367,0.300186,0.437126,0.515332,0.358711,0.464114,0.41382,0.471038
579,0.316099,0.251741,0.356728,0.453367,0.300838,0.437126,0.515332,0.358711,0.464114,0.41382,0.471038
580,0.316099,0.251741,0.356728,0.453367,0.290082,0.437126,0.515332,0.358711,0.464114,0.41382,0.471038
581,0.316099,0.251741,0.356728,0.453367,0.290082,0.437126,0.515332,0.358711,0.464114,0.411271,0.471038
582,0.316099,0.251741,0.365812,0.453367,0.290082,0.437126,0.515332,0.358711,0.464114,0.411271,0.471038
583,0.316099,0.251741,0.389589,0.453367,0.290082,0.437126,0.515332,0.358711,0.464114,0.411271,0.471038
584,0.316099,0.251741,0.392126,0.453367,0.290082,0.437126,0.515332,0.358711,0.464114,0.411271,0.471038
585,0.316099,0.251741,0.383601,0.453367,0.290082,0.437126,0.515332,0.358711,0.464114,0.411271,0.471038
586,0.316099,0.251741,0.378716,0.453367,0.290082,0.437126,0.515332,0.358711,0.464114,0.411271,0.471038
587,0.316099,0.251741,0.378716,0.44946,0.290082,0.437126,0.515332,0.358711,0.464114,0.411271,0.471038
588,0.316099,0.251741,0.378716,0.44946,0.290082,0.4306,0.515332,0.358711,0.464114,0.411271,0.471038
589,0.316099,0.251741,0.378716,0.44946,0.290082,0.4306,0.515332,0.358711,0.464114,0.411271,0.475616
590,0.316099,0.251741,0.378716,0.44946,0.290082,0.4306,0.515332,0.358711,0.464114,0.411271,0.47591
591,0.316099,0.272524,0.378716,0.44946,0.290082,0.4306,0.515332,0.358711,0.464114,0.411271,0.47591
592,0.316099,0.275206,0.378716,0.44946,0.290082,0.4306,0.515332,0.358711,0.464114,0.411271,0.47591
593,0.316099,0.272862,0.378716,0.44946,0.290082,0.4306,0.515332,0.358711,0.464114,0.411271,0.47591
594,0.316099,0.272862,0.378716,0.44946,0.290082,0.4306,0.515332,0.358711,0.457187,0.411271,0.47591
595,0.316099,0.272862,0.378716,0.44946,0.290082,0.4306,0.515332,0.358711,0.457187,0.411271,0.469762
596,0.316099,0.272862,0.378716,0.44946,0.290082,0.4306,0.514533,0.358711,0.457187,0.411271,0.469762
597,0.316099,0.272862,0.378716,0.44946,0.290082,0.4306,0.514533,0.358711,0.457187,0.422027,0.469762
598,0.316099,0.272862,0.378716,0.44946,0.290082,0.4306,0.514533,0.358711,0.457187,0.422679,0.469762
599,0.316099,0.272862,0.378716,0.44946,0.290082,0.4306,0.514533,0.358711,0.457187,0.415818,0.469762
600,0.316099,0.272862,0.375324,0.44946,0.290082,0.4306,0.514533,0.358711,0.457187,0.415818,0.469762
601,0.316099,0.272862,0.375324,0.44946,0.290082,0.4306,0.521993,0.358711,0.457187,0.415818,0.469762
602,0.316099,0.272862,0.375324,0.44946,0.290082,0.4306,0.516762,0.358711,0.457187,0.415818,0.469762
603,0.316099,0.272862,0.375324,0.442677,0.290082,0.4306,0.516762,0.358711,0.457187,0.415818,0.469762
604,0.316099,0.272862,0.375324,0.442677,0.290082,0.4306,0.517543,0.358711,0.457187,0.415818,0.469762
605,0.316099,0.272862,0.375324,0.442677,0.290082,0.4306,0.517543,0.370215,0.457187,0.415818,0.469762
606,0.316099,0.272862,0.375324,0.442677,0.290082,0.4306,0.517543,0.363998,0.457187,0.415818,0.469762
607,0.316099,0.272862,0.375324,0.442677,0.290082,0.4306,0.519822,0.363998,0.457187,0.415818,0.469762
608,0.316099,0.272862,0.375324,0.442677,0.290082,0.4306,0.526149,0.363998,0.457187,0.415818,0.469762
609,0.316099,0.272862,0.375324,0.442677,0.290082,0.4306,0.52043,0.363998,0.457187,0.415818,0.469762
610,0.307994,0.272862,0.375324,0.442677,0.290082,0.4306,0.52043,0.363998,0.457187,0.415818,0.469762
611,0.307994,0.272862,0.375324,0.442677,0.290082,0.43249,0.52043,0.363998,0.457187,0.415818,0.469762
612,0.307994,0.268939,0.375324,0.442677,0.290082,0.43249,0.52043,0.363998,0.457187,0.415818,0.469762
613,0.307994,0.268939,0.375324,0.442677,0.282025,0.43249,0.52043,0.363998,0.457187,0.415818,0.469762
614,0.307994,0.268939,0.375324,0.442677,0.282025,0.426719,0.52043,0.363998,0.457187,0.415818,0.469762
615,0.307994,0.268939,0.375324,0.442677,0.282025,0.426719,0.52043,0.363998,0.457187,0.415818,0.470999
616,0.307994,0.268939,0.375324,0.442677,0.282025,0.426719,0.52043,0.363998,0.470281,0.415818,0.470999
617,0.307994,0.268939,0.375324,0.442677,0.282025,0.426719,0.52043,0.363998,0.478359,0.415818,0.470999
618,0.307994,0.268939,0.375324,0.442677,0.282025,0.426719,0.52043,0.363998,0.473508,0.415818,0.470999
619,0.307994,0.268939,0.375324,0.442677,0.282025,0.426719,0.52043,0.363998,0.472869,0.415818,0.470999
620,0.307994,0.268939,0.375324,0.442677,0.282025,0.426719,0.52043,0.363998,0.472392,0.415818,0.470999
621,0.307994,0.268939,0.375324,0.442677,0.282025,0.426719,0.52043,0.363998,0.472392,0.433649,0.470999
622,0.307994,0.268939,0.375324,0.442677,0.282025,0.426719,0.52043,0.363998,0.472392,0.436314,0.470999
623,0.307994,0.268939,0.375324,0.442677,0.282025,0.426719,0.52043,0.363998,0.472392,0.437381,0.470999
624,0.307994,0.268939,0.375324,0.442677,0.282025,0.426719,0.52043,0.363998,0.472392,0.448249,0.470999
625,0.307994,0.268939,0.375324,0.442677,0.282025,0.426719,0.52043,0.363998,0.472392,0.461715,0.470999
626,0.307994,0.268939,0.375324,0.442677,0.282025,0.426719,0.52043,0.363998,0.472392,0.458505,0.470999
627,0.307994,0.268939,0.375324,0.442677,0.282025,0.426719,0.52043,0.363998,0.472392,0.455818,0.470999
628,0.307994,0.268939,0.375324,0.442677,0.282025,0.426719,0.52043,0.363998,0.472392,0.458783,0.470999
629,0.307994,0.268939,0.375324,0.442677,0.282025,0.426719,0.52043,0.363998,0.472392,0.451725,0.470999
630,0.307994,0.268939,0.375324,0.442677,0.282025,0.426719,0.52043,0.363998,0.472392,0.459154,0.470999
631,0.307994,0.268939,0.375324,0.442677,0.282025,0.426719,0.52043,0.363998,0.472392,0.452301,0.470999
632,0.307994,0.268939,0.375324,0.442677,0.282025,0.426719,0.52043,0.363998,0.467002,0.452301,0.470999
633,0.307994,0.268939,0.375324,0.442677,0.282025,0.426719,0.520975,0.363998,0.467002,0.452301,0.470999
634,0.307994,0.268939,0.375324,0.442677,0.282025,0.426719,0.520975,0.363998,0.467002,0.452301,0.465273
635,0.307994,0.268939,0.368014,0.442677,0.282025,0.426719,0.520975,0.363998,0.467002,0.452301,0.465273
636,0.307994,0.268939,0.368014,0.442677,0.282025,0.426719,0.520975,0.362267,0.467002,0.452301,0.465273
637,0.307994,0.268939,0.368014,0.442677,0.282025,0.426719,0.517281,0.362267,0.467002,0.452301,0.465273
638,0.307994,0.268939,0.368014,0.435736,0.282025,0.426719,0.517281,0.362267,0.467002,0.452301,0.465273
639,0.307994,0.268939,0.368014,0.435736,0.282025,0.426719,0.517281,0.362267,0.467002,0.461346,0.465273
640,0.307994,0.268939,0.368014,0.435736,0.282025,0.426719,0.517281,0.362267,0.467002,0.455314,0.465273
641,0.307994,0.268939,0.368014,0.435736,0.282025,0.426719,0.517281,0.362267,0.467002,0.45927,0.465273
642,0.307994,0.268939,0.368014,0.435736,0.282025,0.426719,0.517281,0.362267,0.467002,0.452801,0.465273
643,0.307994,0.268939,0.368014,0.435736,0.282025,0.426719,0.512598,0.362267,0.467002,0.452801,0.465273
644,0.307994,0.268939,0.368014,0.435736,0.282025,0.426719,0.512598,0.362267,0.466814,0.452801,0.465273
645,0.307994,0.268939,0.368014,0.435736,0.282025,0.420108,0.512598,0.362267,0.466814,0.452801,0.465273
646,0.307994,0.268939,0.368014,0.435736,0.282025,0.420108,0.512598,0.358914,0.466814,0.452801,0.465273
647,0.307994,0.268939,0.368014,0.435736,0.282025,0.420108,0.512598,0.358914,0.466814,0.452801,0.458986
648,0.307994,0.255586,0.368014,0.435736,0.282025,0.420108,0.512598,0.358914,0.466814,0.452801,0.458986
649,0.307994,0.255586,0.368014,0.435736,0.282025,0.420108,0.512598,0.358914,0.473956,0.452801,0.458986
650,0.307994,0.255586,0.368014,0.435736,0.282025,0.420108,0.512598,0.358914,0.467828,0.452801,0.458986
651,0.320568,0.255586,0.368014,0.435736,0.282025,0.420108,0.512598,0.358914,0.467828,0.452801,0.458986
652,0.312749,0.255586,0.368014,0.435736,0.282025,0.420108,0.512598,0.358914,0.467828,0.452801,0.458986
653,0.312749,0.255586,0.375262,0.435736,0.282025,0.420108,0.512598,0.358914,0.467828,0.452801,0.458986
654,0.312749,0.255586,0.376256,0.435736,0.282025,0.420108,0.512598,0.358914,0.467828,0.452801,0.458986
655,0.312749,0.255586,0.376256,0.431102,0.282025,0.420108,0.512598,0.358914,0.467828,0.452801,0.458986
656,0.312749,0.255586,0.376256,0.431102,0.295484,0.420108,0.512598,0.358914,0.467828,0.452801,0.458986
657,0.312749,0.255586,0.376256,0.431102,0.287708,0.420108,0.512598,0.358914,0.467828,0.452801,0.458986
658,0.312749,0.255586,0.376256,0.431102,0.287708,0.420108,0.507258,0.358914,0.467828,0.452801,0.458986
659,0.312749,0.255586,0.376256,0.431102,0.287708,0.420108,0.507258,0.358914,0.462308,0.452801,0.458986
660,0.312749,0.255586,0.376994,0.431102,0.287708,0.420108,0.507258,0.358914,0.462308,0.452801,0.458986
661,0.312749,0.255586,0.376994,0.431102,0.287708,0.420108,0.507258,0.358914,0.462308,0.460331,0.458986
662,0.312749,0.255586,0.376994,0.431102,0.287708,0.420108,0.507258,0.358914,0.462308,0.46633,0.458986
663,0.312749,0.255586,0.376994,0.431102,0.287708,0.420108,0.507258,0.358914,0.462308,0.4675,0.458986
664,0.312749,0.255586,0.376994,0.431102,0.287708,0.420108,0.507258,0.358914,0.462308,0.47494,0.458986
665,0.312749,0.255586,0.376994,0.431102,0.287708,0.420108,0.507258,0.358914,0.462308,0.471803,0.458986
666,0.312749,0.255586,0.376994,0.431102,0.287708,0.420108,0.507258,0.358914,0.462308,0.472507,0.458986
667,0.312749,0.255586,0.376994,0.431102,0.287708,0.420108,0.507258,0.358914,0.462308,0.469563,0.458986
668,0.312749,0.255586,0.376994,0.431102,0.287708,0.420108,0.507258,0.35476,0.462308,0.469563,0.458986
669,0.312749,0.255586,0.376994,0.431102,0.287708,0.420108,0.507258,0.35476,0.462308,0.469563,0.461619
670,0.312749,0.255586,0.376994,0.431102,0.287708,0.426598,0.507258,0.35476,0.462308,0.469563,0.461619
671,0.312749,0.255586,0.376994,0.431102,0.287708,0.42092,0.507258,0.35476,0.462308,0.469563,0.461619
672,0.312749,0.255586,0.376994,0.431102,0.287708,0.42092,0.507258,0.35476,0.462308,0.469563,0.46873
673,0.312749,0.255586,0.376994,0.431102,0.287708,0.42092,0.507258,0.35476,0.462308,0.469563,0.470098
674,0.312749,0.255586,0.376994,0.431102,0.287708,0.42092,0.507258,0.35476,0.462308,0.469563,0.465624
675,0.312749,0.255586,0.376994,0.431102,0.287708,0.42092,0.507258,0.35476,0.462308,0.46362,0.465624
676,0.312749,0.255586,0.373537,0.431102,0.287708,0.42092,0.507258,0.35476,0.462308,0.46362,0.465624
677,0.315611,0.255586,0.373537,0.431102,0.287708,0.42092,0.507258,0.35476,0.462308,0.46362,0.465624
678,0.315611,0.255586,0.373537,0.431102,0.287708,0.42092,0.502029,0.35476,0.462308,0.46362,0.465624
679,0.315611,0.255586,0.373537,0.429615,0.287708,0.42092,0.502029,0.35476,0.462308,0.46362,0.465624
680,0.315611,0.255586,0.373537,0.429615,0.287708,0.42092,0.502029,0.35476,0.462308,0.46362,0.46882
681,0.315611,0.255586,0.373537,0.429615,0.287708,0.42092,0.502029,0.35476,0.462308,0.46362,0.471081
682,0.315611,0.255586,0.373537,0.429615,0.287708,0.42092,0.502029,0.35476,0.462308,0.46362,0.470413
683,0.315611,0.255586,0.373537,0.429615,0.287708,0.42092,0.502029,0.35476,0.468283,0.46362,0.470413
684,0.315611,0.255586,0.373537,0.429615,0.287708,0.42092,0.502029,0.35476,0.474346,0.46362,0.470413
685,0.315611,0.255586,0.373537,0.429615,0.287708,0.42092,0.502029,0.35476,0.481095,0.46362,0.470413
686,0.315611,0.255586,0.373537,0.429615,0.287708,0.42092,0.502029,0.35476,0.484512,0.46362,0.470413
687,0.315611,0.255586,0.373537,0.429615,0.287708,0.42092,0.502029,0.35476,0.47958,0.46362,0.470413
688,0.315611,0.255586,0.373537,0.429615,0.287708,0.42092,0.502029,0.35476,0.483881,0.46362,0.470413
689,0.315611,0.255586,0.373537,0.429615,0.287708,0.42092,0.502029,0.35476,0.479445,0.46362,0.470413
690,0.315611,0.255586,0.373537,0.429615,0.281897,0.42092,0.502029,0.35476,0.479445,0.46362,0.470413
691,0.315611,0.255586,0.373537,0.429615,0.281897,0.42092,0.502029,0.35476,0.481547,0.46362,0.470413
692,0.315611,0.255586,0.373537,0.429615,0.281897,0.42092,0.502029,0.35476,0.480595,0.46362,0.470413
693,0.308271,0.255586,0.373537,0.429615,0.281897,0.42092,0.502029,0.35476,0.480595,0.46362,0.470413
694,0.308271,0.255586,0.373537,0.429615,0.281897,0.41561,0.502029,0.35476,0.480595,0.46362,0.470413
695,0.308271,0.255586,0.373537,0.429615,0.281897,0.41561,0.502029,0.35476,0.480595,0.46362,0.466498
696,0.308271,0.255586,0.373537,0.431553,0.281897,0.41561,0.502029,0.35476,0.480595,0.46362,0.466498
697,0.308271,0.255586,0.373537,0.431553,0.281897,0.41561,0.502029,0.367497,0.480595,0.46362,0.466498
698,0.308271,0.255586,0.373537,0.431553,0.281897,0.41561,0.502029,0.360927,0.480595,0.46362,0.466498
699,0.308271,0.255586,0.373537,0.431553,0.281897,0.41561,0.502029,0.360927,0.482754,0.46362,0.466498
700,0.308271,0.255586,0.373537,0.431553,0.281897,0.41561,0.502029,0.360927,0.482754,0.464033,0.466498
701,0.308271,0.255586,0.373537,0.431553,0.281897,0.41561,0.502029,0.360927,0.477268,0.464033,0.466498
702,0.308271,0.255586,0.373409,0.431553,0.281897,0.41561,0.502029,0.360927,0.477268,0.464033,0.466498
703,0.308271,0.255586,0.373409,0.425571,0.281897,0.41561,0.502029,0.360927,0.477268,0.464033,0.466498
704,0.308271,0.255586,0.373409,0.425571,0.281897,0.41561,0.496906,0.360927,0.477268,0.464033,0.466498
705,0.308271,0.255586,0.373409,0.425571,0.281897,0.41561,0.496906,0.360927,0.477268,0.463052,0.466498
706,0.308271,0.255586,0.373409,0.425571,0.281897,0.41561,0.496906,0.359099,0.477268,0.463052,0.466498
707,0.308271,0.254116,0.373409,0.425571,0.281897,0.41561,0.496906,0.359099,0.477268,0.463052,0.466498
708,0.308271,0.254116,0.373409,0.425571,0.281897,0.41561,0.496906,0.359099,0.477268,0.463052,0.469748
709,0.308271,0.254116,0.373409,0.425571,0.281897,0.41561,0.496906,0.359099,0.477268,0.463052,0.459689
710,0.308271,0.254116,0.375695,0.425571,0.281897,0.41561,0.496906,0.359099,0.477268,0.463052,0.459689
711,0.308271,0.254116,0.375695,0.425571,0.281897,0.41561,0.496906,0.359099,0.477268,0.465077,0.459689
712,0.308271,0.254116,0.375695,0.425571,0.281897,0.41561,0.496906,0.359099,0.477268,0.455141,0.459689
713,0.308271,0.254116,0.375695,0.425571,0.281897,0.409313,0.496906,0.359099,0.477268,0.455141,0.459689
714,0.308271,0.254116,0.369959,0.425571,0.281897,0.409313,0.496906,0.359099,0.477268,0.455141,0.459689
715,0.308271,0.254116,0.369959,0.425571,0.281897,0.409313,0.496906,0.359099,0.480391,0.455141,0.459689
716,0.308271,0.254116,0.369959,0.425571,0.281897,0.409313,0.496906,0.359099,0.478936,0.455141,0.459689
717,0.308271,0.254116,0.369959,0.425571,0.281897,0.409313,0.497257,0.359099,0.478936,0.455141,0.459689
718,0.308271,0.254116,0.369959,0.425571,0.279634,0.409313,0.497257,0.359099,0.478936,0.455141,0.459689
719,0.308271,0.254116,0.369959,0.419492,0.279634,0.409313,0.497257,0.359099,0.478936,0.455141,0.459689
720,0.308271,0.254116,0.369959,0.419492,0.279634,0.409313,0.497257,0.3622,0.478936,0.455141,0.459689
721,0.308271,0.254116,0.369959,0.419492,0.279634,0.409313,0.497953,0.3622,0.478936,0.455141,0.459689
722,0.304809,0.254116,0.369959,0.419492,0.279634,0.409313,0.497953,0.3622,0.478936,0.455141,0.459689
723,0.304809,0.254116,0.369959,0.419492,0.279634,0.409313,0.497953,0.3622,0.477429,0.455141,0.459689
724,0.304809,0.254116,0.369959,0.419492,0.279634,0.409313,0.497604,0.3622,0.477429,0.455141,0.459689
725,0.304809,0.254116,0.369959,0.419492,0.279634,0.409313,0.497604,0.355493,0.477429,0.455141,0.459689
726,0.304809,0.269516,0.369959,0.419492,0.279634,0.409313,0.497604,0.355493,0.477429,0.455141,0.459689
727,0.304809,0.274683,0.369959,0.419492,0.279634,0.409313,0.497604,0.355493,0.477429,0.455141,0.459689
728,0.304809,0.275122,0.369959,0.419492,0.279634,0.409313,0.497604,0.355493,0.477429,0.455141,0.459689
729,0.304809,0.275122,0.369959,0.419492,0.279634,0.409313,0.492726,0.355493,0.477429,0.455141,0.459689
730,0.304809,0.275122,0.369959,0.419492,0.279634,0.409313,0.492726,0.355493,0.477264,0.455141,0.459689
731,0.304809,0.283025,0.369959,0.419492,0.279634,0.409313,0.492726,0.355493,0.477264,0.455141,0.459689
732,0.304809,0.294577,0.369959,0.419492,0.279634,0.409313,0.492726,0.355493,0.477264,0.455141,0.459689
733,0.304809,0.287883,0.369959,0.419492,0.279634,0.409313,0.492726,0.355493,0.477264,0.455141,0.459689
734,0.304809,0.287883,0.369959,0.419492,0.279634,0.427502,0.492726,0.355493,0.477264,0.455141,0.459689
735,0.304809,0.287883,0.369959,0.419492,0.279634,0.43671,0.492726,0.355493,0.477264,0.455141,0.459689
736,0.304809,0.287883,0.369959,0.419492,0.279634,0.437957,0.492726,0.355493,0.477264,0.455141,0.459689
737,0.304809,0.287883,0.369959,0.419492,0.279634,0.433327,0.492726,0.355493,0.477264,0.455141,0.459689
738,0.304809,0.287883,0.369959,0.419492,0.279634,0.429124,0.492726,0.355493,0.477264,0.455141,0.459689
739,0.304809,0.287883,0.369959,0.419492,0.279634,0.423164,0.492726,0.355493,0.477264,0.455141,0.459689
740,0.304809,0.287883,0.369959,0.419492,0.279634,0.423164,0.492726,0.355493,0.477264,0.455141,0.454906
741,0.304809,0.287883,0.369959,0.419492,0.279634,0.423164,0.492726,0.355493,0.472132,0.455141,0.454906
742,0.304809,0.287883,0.38585,0.419492,0.279634,0.423164,0.492726,0.355493,0.472132,0.455141,0.454906
743,0.304809,0.287883,0.379812,0.419492,0.279634,0.423164,0.492726,0.355493,0.472132,0.455141,0.454906
744,0.304809,0.287883,0.387085,0.419492,0.279634,0.423164,0.492726,0.355493,0.472132,0.455141,0.454906
745,0.304809,0.287883,0.395884,0.419492,0.279634,0.423164,0.492726,0.355493,0.472132,0.455141,0.454906
746,0.304809,0.287883,0.39035,0.419492,0.279634,0.423164,0.492726,0.355493,0.472132,0.455141,0.454906
747,0.304809,0.287883,0.392508,0.419492,0.279634,0.423164,0.492726,0.355493,0.472132,0.455141,0.454906
748,0.304809,0.287883,0.392508,0.419492,0.285572,0.423164,0.492726,0.355493,0.472132,0.455141,0.454906
749,0.304809,0.287883,0.386278,0.419492,0.285572,0.423164,0.492726,0.355493,0.472132,0.455141,0.454906
750,0.304809,0.287883,0.386278,0.419492,0.285572,0.423164,0.492726,0.355493,0.472132,0.46187,0.454906
751,0.304809,0.287883,0.386278,0.419492,0.285572,0.423164,0.492726,0.355493,0.472132,0.464514,0.454906
752,0.304809,0.287883,0.386278,0.419492,0.285572,0.423164,0.492726,0.355493,0.472132,0.474797,0.454906
753,0.304809,0.287883,0.386278,0.419492,0.285572,0.423164,0.492726,0.355493,0.472132,0.473339,0.454906
754,0.304809,0.287883,0.386278,0.419492,0.285572,0.423164,0.492726,0.355493,0.472132,0.470977,0.454906
755,0.304809,0.287883,0.386278,0.419492,0.285572,0.423164,0.492726,0.355493,0.472132,0.470171,0.454906
756,0.304809,0.287883,0.386278,0.419492,0.285572,0.423164,0.492726,0.355493,0.472132,0.464947,0.454906
757,0.304809,0.287883,0.386278,0.428319,0.285572,0.423164,0.492726,0.355493,0.472132,0.464947,0.454906
758,0.304809,0.287883,0.386278,0.425279,0.285572,0.423164,0.492726,0.355493,0.472132,0.464947,0.454906
759,0.304809,0.287883,0.386278,0.429058,0.285572,0.423164,0.492726,0.355493,0.472132,0.464947,0.454906
760,0.304809,0.287883,0.386278,0.424004,0.285572,0.423164,0.492726,0.355493,0.472132,0.464947,0.454906
761,0.304809,0.287883,0.386278,0.424004,0.301149,0.423164,0.492726,0.355493,0.472132,0.464947,0.454906
762,0.304809,0.287883,0.386278,0.424004,0.311478,0.423164,0.492726,0.355493,0.472132,0.464947,0.454906
763,0.304809,0.287883,0.386278,0.424004,0.306428,0.423164,0.492726,0.355493,0.472132,0.464947,0.454906
764,0.304809,0.287883,0.386278,0.424004,0.30098,0.423164,0.492726,0.355493,0.472132,0.464947,0.454906
765,0.298036,0.287883,0.386278,0.424004,0.30098,0.423164,0.492726,0.355493,0.472132,0.464947,0.454906
766,0.298036,0.287883,0.386278,0.424004,0.30098,0.423164,0.487942,0.355493,0.472132,0.464947,0.454906
767,0.298036,0.287883,0.386278,0.424004,0.30098,0.422989,0.487942,0.355493,0.472132,0.464947,0.454906
768,0.298036,0.287883,0.386278,0.424004,0.30098,0.422989,0.487942,0.353105,0.472132,0.464947,0.454906
769,0.298036,0.281885,0.386278,0.424004,0.30098,0.422989,0.487942,0.353105,0.472132,0.464947,0.454906
770,0.298036,0.281885,0.386278,0.424004,0.30098,0.422989,0.487942,0.353105,0.472132,0.464947,0.453923
771,0.298036,0.281885,0.386278,0.424004,0.30098,0.422989,0.487942,0.353105,0.469017,0.464947,0.453923
772,0.298036,0.281885,0.386278,0.424004,0.30098,0.421588,0.487942,0.353105,0.469017,0.464947,0.453923
773,0.298036,0.281885,0.386278,0.424004,0.30098,0.421588,0.487942,0.353105,0.469017,0.459838,0.453923
774,0.298036,0.281885,0.386278,0.419589,0.30098,0.421588,0.487942,0.353105,0.469017,0.459838,0.453923
775,0.298036,0.281885,0.386278,0.419589,0.30098,0.421588,0.488931,0.353105,0.469017,0.459838,0.453923
776,0.298036,0.281885,0.386278,0.419589,0.30098,0.421588,0.488931,0.353105,0.469017,0.459838,0.460677
777,0.298036,0.281885,0.386278,0.419589,0.30098,0.421588,0.488931,0.353105,0.469017,0.459838,0.455442
778,0.298036,0.281885,0.386278,0.419589,0.30098,0.421588,0.489038,0.353105,0.469017,0.459838,0.455442
779,0.298036,0.281885,0.383078,0.419589,0.30098,0.421588,0.489038,0.353105,0.469017,0.459838,0.455442
780,0.298036,0.281885,0.383078,0.419589,0.30098,0.4261,0.489038,0.353105,0.469017,0.459838,0.455442
781,0.298036,0.281885,0.383078,0.419589,0.30098,0.422997,0.489038,0.353105,0.469017,0.459838,0.455442
782,0.298036,0.281885,0.383078,0.419589,0.30098,0.422997,0.489038,0.353105,0.469957,0.459838,0.455442
783,0.298036,0.281885,0.383078,0.419589,0.30098,0.422997,0.489038,0.352938,0.469957,0.459838,0.455442
784,0.298036,0.281885,0.383078,0.419589,0.30098,0.422997,0.487522,0.352938,0.469957,0.459838,0.455442
785,0.298036,0.281885,0.383078,0.419589,0.306366,0.422997,0.487522,0.352938,0.469957,0.459838,0.455442
786,0.298036,0.281885,0.383078,0.419589,0.299847,0.422997,0.487522,0.352938,0.469957,0.459838,0.455442
787,0.298036,0.281885,0.383078,0.419589,0.299847,0.422997,0.487522,0.352938,0.469957,0.459838,0.454109
788,0.298036,0.281885,0.383078,0.419589,0.299847,0.422997,0.487522,0.352938,0.467302,0.459838,0.454109
789,0.298036,0.281885,0.383078,0.419589,0.299847,0.422997,0.487522,0.352938,0.467302,0.463263,0.454109
790,0.298036,0.281885,0.383078,0.419589,0.299847,0.422997,0.487522,0.352938,0.467302,0.473167,0.454109
791,0.298036,0.281885,0.383078,0.419589,0.299847,0.422997,0.487522,0.352938,0.467302,0.467564,0.454109
792,0.298036,0.281885,0.383078,0.419589,0.299847,0.422997,0.487522,0.352938,0.467302,0.468978,0.454109
793,0.298036,0.281885,0.383078,0.419589,0.299847,0.422997,0.487522,0.352938,0.467302,0.462593,0.454109
794,0.293004,0.281885,0.383078,0.419589,0.299847,0.422997,0.487522,0.352938,0.467302,0.462593,0.454109
795,0.293004,0.281885,0.383078,0.419589,0.299847,0.422997,0.488897,0.352938,0.467302,0.462593,0.454109
796,0.293004,0.281885,0.383078,0.419589,0.299847,0.430528,0.488897,0.352938,0.467302,0.462593,0.454109
797,0.293004,0.281885,0.383078,0.419589,0.299847,0.434983,0.488897,0.352938,0.467302,0.462593,0.454109
798,0.293004,0.281885,0.383078,0.419589,0.299847,0.435814,0.488897,0.352938,0.467302,0.462593,0.454109
799,0.293004,0.281885,0.383078,0.419589,0.299847,0.430366,0.488897,0.352938,0.467302,0.462593,0.454109
800,0.293004,0.281885,0.383078,0.419589,0.299847,0.430366,0.490683,0.352938,0.467302,0.462593,0.454109
801,0.293004,0.281885,0.383078,0.419589,0.299847,0.430366,0.485891,0.352938,0.467302,0.462593,0.454109
802,0.293004,0.281885,0.383078,0.429333,0.299847,0.430366,0.485891,0.352938,0.467302,0.462593,0.454109
803,0.293004,0.281885,0.383078,0.425465,0.299847,0.430366,0.485891,0.352938,0.467302,0.462593,0.454109
804,0.293004,0.281885,0.383078,0.422951,0.299847,0.430366,0.485891,0.352938,0.467302,0.462593,0.454109
805,0.293004,0.281885,0.383078,0.422951,0.299847,0.430366,0.485891,0.352938,0.467302,0.462593,0.456806
806,0.293004,0.281885,0.383078,0.422951,0.299847,0.430366,0.485891,0.352938,0.467302,0.462593,0.45698
807,0.293004,0.281885,0.383078,0.422951,0.299847,0.430366,0.485891,0.351399,0.467302,0.462593,0.45698
808,0.293004,0.281885,0.383078,0.422951,0.299847,0.430366,0.485891,0.351399,0.462484,0.462593,0.45698
809,0.293004,0.281885,0.383078,0.422951,0.299847,0.430366,0.485891,0.351399,0.462484,0.462593,0.462369
810,0.293004,0.281885,0.383078,0.422951,0.299847,0.430366,0.485891,0.351399,0.462484,0.462593,0.457397
811,0.293004,0.281885,0.37822,0.422951,0.299847,0.430366,0.485891,0.351399,0.462484,0.462593,0.457397
812,0.293004,0.277133,0.37822,0.422951,0.299847,0.430366,0.485891,0.351399,0.462484,0.462593,0.457397
813,0.293004,0.277133,0.37822,0.422951,0.299847,0.433783,0.485891,0.351399,0.462484,0.462593,0.457397
814,0.293004,0.277133,0.37822,0.422951,0.299847,0.428493,0.485891,0.351399,0.462484,0.462593,0.457397
815,0.293004,0.277133,0.37822,0.41742,0.299847,0.428493,0.485891,0.351399,0.462484,0.462593,0.457397
816,0.293004,0.277133,0.37822,0.41742,0.299847,0.428493,0.485891,0.351399,0.462484,0.462593,0.454658
817,0.293004,0.277133,0.37822,0.41742,0.299847,0.428493,0.487257,0.351399,0.462484,0.462593,0.454658
818,0.293004,0.277133,0.37822,0.41742,0.299847,0.428493,0.487257,0.347901,0.462484,0.462593,0.454658
819,0.293004,0.277133,0.37822,0.41742,0.299847,0.428493,0.493224,0.347901,0.462484,0.462593,0.454658
820,0.293004,0.277133,0.37822,0.41742,0.299847,0.428493,0.492998,0.347901,0.462484,0.462593,0.454658
821,0.293004,0.277133,0.37822,0.41742,0.299847,0.428493,0.495483,0.347901,0.462484,0.462593,0.454658
822,0.293004,0.277133,0.37822,0.41742,0.299847,0.428493,0.491224,0.347901,0.462484,0.462593,0.454658
823,0.293004,0.277133,0.37822,0.41742,0.299847,0.428493,0.491224,0.347901,0.462484,0.465782,0.454658
824,0.293004,0.277133,0.37822,0.41742,0.299847,0.428493,0.491224,0.347901,0.462484,0.468911,0.454658
825,0.293004,0.277133,0.37822,0.41742,0.299847,0.428493,0.491224,0.347901,0.462484,0.46692,0.454658
826,0.293004,0.277133,0.37822,0.41742,0.299847,0.428493,0.491224,0.347901,0.462484,0.468309,0.454658
827,0.293004,0.277133,0.37822,0.41742,0.299847,0.428493,0.491224,0.347901,0.462484,0.467707,0.454658
828,0.293004,0.277133,0.37822,0.41742,0.299847,0.428493,0.491224,0.347901,0.457765,0.467707,0.454658
829,0.293004,0.277133,0.37822,0.41742,0.309984,0.428493,0.491224,0.347901,0.457765,0.467707,0.454658
830,0.293004,0.277133,0.37822,0.41742,0.312112,0.428493,0.491224,0.347901,0.457765,0.467707,0.454658
831,0.293004,0.277133,0.37822,0.41742,0.323045,0.428493,0.491224,0.347901,0.457765,0.467707,0.454658
832,0.293004,0.277133,0.37822,0.41742,0.321279,0.428493,0.491224,0.347901,0.457765,0.467707,0.454658
833,0.293004,0.277133,0.37822,0.41742,0.317591,0.428493,0.491224,0.347901,0.457765,0.467707,0.454658
834,0.293004,0.277133,0.37822,0.41742,0.317591,0.428493,0.487617,0.347901,0.457765,0.467707,0.454658
835,0.287395,0.277133,0.37822,0.41742,0.317591,0.428493,0.487617,0.347901,0.457765,0.467707,0.454658
836,0.287395,0.277133,0.37822,0.41742,0.317591,0.430746,0.487617,0.347901,0.457765,0.467707,0.454658
837,0.287395,0.277133,0.37822,0.41742,0.317591,0.439286,0.487617,0.347901,0.457765,0.467707,0.454658
838,0.287395,0.277133,0.37822,0.41742,0.317591,0.43716,0.487617,0.347901,0.457765,0.467707,0.454658
839,0.287395,0.277133,0.37822,0.41742,0.317591,0.432077,0.487617,0.347901,0.457765,0.467707,0.454658
840,0.287395,0.277133,0.375732,0.41742,0.317591,0.432077,0.487617,0.347901,0.457765,0.467707,0.454658
841,0.287395,0.277133,0.375732,0.41742,0.317591,0.432077,0.487617,0.347901,0.457765,0.467707,0.456014
842,0.287395,0.277133,0.375732,0.41742,0.317591,0.432077,0.487617,0.347901,0.457765,0.467115,0.456014
843,0.287395,0.277133,0.375732,0.41742,0.317591,0.432077,0.487617,0.347901,0.457765,0.467115,0.451264
844,0.287395,0.277133,0.375732,0.41742,0.317591,0.432077,0.487617,0.347901,0.457765,0.463342,0.451264
845,0.287395,0.28405,0.375732,0.41742,0.317591,0.432077,0.487617,0.347901,0.457765,0.463342,0.451264
846,0.287395,0.285307,0.375732,0.41742,0.317591,0.432077,0.487617,0.347901,0.457765,0.463342,0.451264
847,0.287395,0.285307,0.375732,0.42099,0.317591,0.432077,0.487617,0.347901,0.457765,0.463342,0.451264
848,0.287395,0.285307,0.375732,0.419452,0.317591,0.432077,0.487617,0.347901,0.457765,0.463342,0.451264
849,0.287395,0.285307,0.375732,0.419452,0.317591,0.432077,0.487617,0.352115,0.457765,0.463342,0.451264
850,0.287395,0.285307,0.375732,0.419452,0.317591,0.432077,0.487617,0.349174,0.457765,0.463342,0.451264
851,0.287395,0.285307,0.375732,0.419452,0.317591,0.432077,0.492643,0.349174,0.457765,0.463342,0.451264
852,0.287395,0.285307,0.375732,0.419452,0.317591,0.432077,0.488906,0.349174,0.457765,0.463342,0.451264
853,0.287395,0.285307,0.375732,0.419452,0.317591,0.432077,0.488906,0.349174,0.45586,0.463342,0.451264
854,0.287395,0.285307,0.375732,0.419452,0.317591,0.432077,0.489656,0.349174,0.45586,0.463342,0.451264
855,0.287395,0.285307,0.375732,0.419452,0.317591,0.435163,0.489656,0.349174,0.45586,0.463342,0.451264
856,0.287395,0.285307,0.375732,0.419452,0.317591,0.441366,0.489656,0.349174,0.45586,0.463342,0.451264
857,0.287395,0.285307,0.375732,0.419452,0.317591,0.43974,0.489656,0.349174,0.45586,0.463342,0.451264
858,0.287395,0.285307,0.375732,0.419452,0.317591,0.434854,0.489656,0.349174,0.45586,0.463342,0.451264
859,0.287395,0.285307,0.372615,0.419452,0.317591,0.434854,0.489656,0.349174,0.45586,0.463342,0.451264
860,0.287395,0.285307,0.372615,0.419452,0.317591,0.434854,0.486026,0.349174,0.45586,0.463342,0.451264
861,0.287395,0.285307,0.372615,0.416562,0.317591,0.434854,0.486026,0.349174,0.45586,0.463342,0.451264
862,0.287395,0.285307,0.372615,0.416562,0.311413,0.434854,0.486026,0.349174,0.45586,0.463342,0.451264
863,0.287395,0.286577,0.372615,0.416562,0.311413,0.434854,0.486026,0.349174,0.45586,0.463342,0.451264
864,0.287395,0.286577,0.372615,0.416562,0.311413,0.434854,0.486026,0.349174,0.45586,0.463342,0.448208
865,0.287395,0.286577,0.372615,0.416562,0.311413,0.434854,0.486026,0.349174,0.45586,0.45725,0.448208
866,0.287395,0.286577,0.372615,0.416562,0.311413,0.434854,0.486026,0.349174,0.462761,0.45725,0.448208
867,0.287395,0.286577,0.372615,0.416562,0.311413,0.434854,0.486026,0.349174,0.460723,0.45725,0.448208
868,0.287395,0.286577,0.372615,0.416562,0.311413,0.434854,0.486026,0.349174,0.46273,0.45725,0.448208
869,0.287395,0.286577,0.372615,0.416562,0.311413,0.434854,0.486026,0.349174,0.472078,0.45725,0.448208
870,0.287395,0.286577,0.372615,0.416562,0.311413,0.434854,0.486026,0.349174,0.480909,0.45725,0.448208
871,0.287395,0.286577,0.372615,0.416562,0.311413,0.434854,0.486026,0.349174,0.482872,0.45725,0.448208
872,0.287395,0.286577,0.372615,0.416562,0.311413,0.434854,0.486026,0.349174,0.477044,0.45725,0.448208
873,0.287395,0.286577,0.372615,0.416562,0.311413,0.434854,0.486026,0.349174,0.478474,0.45725,0.448208
874,0.287395,0.286577,0.372615,0.416562,0.311413,0.434854,0.486026,0.349174,0.475284,0.45725,0.448208
875,0.287395,0.286577,0.372615,0.416562,0.311413,0.434854,0.486026,0.349174,0.476871,0.45725,0.448208
876,0.287395,0.286577,0.372615,0.416562,0.311413,0.434854,0.486026,0.349174,0.472536,0.45725,0.448208
877,0.287395,0.286577,0.372615,0.416562,0.311413,0.434854,0.486026,0.352231,0.472536,0.45725,0.448208
878,0.283366,0.286577,0.372615,0.416562,0.311413,0.434854,0.486026,0.352231,0.472536,0.45725,0.448208
879,0.283366,0.286577,0.372615,0.416562,0.311413,0.434854,0.486026,0.360723,0.472536,0.45725,0.448208
880,0.283366,0.286577,0.372615,0.416562,0.311413,0.434854,0.486026,0.354002,0.472536,0.45725,0.448208
881,0.283366,0.278039,0.372615,0.416562,0.311413,0.434854,0.486026,0.354002,0.472536,0.45725,0.448208
882,0.283366,0.278039,0.372615,0.416562,0.311413,0.434854,0.486026,0.354002,0.469882,0.45725,0.448208
883,0.283366,0.278039,0.372615,0.416562,0.311413,0.434854,0.482907,0.354002,0.469882,0.45725,0.448208
884,0.283366,0.278039,0.372615,0.414326,0.311413,0.434854,0.482907,0.354002,0.469882,0.45725,0.448208
885,0.283366,0.278039,0.372615,0.414326,0.311413,0.430561,0.482907,0.354002,0.469882,0.45725,0.448208
886,0.283366,0.278039,0.374892,0.414326,0.311413,0.430561,0.482907,0.354002,0.469882,0.45725,0.448208
887,0.283366,0.278039,0.374892,0.414326,0.311413,0.430561,0.482907,0.354002,0.469882,0.45725,0.443635
888,0.283366,0.278039,0.374024,0.414326,0.311413,0.430561,0.482907,0.354002,0.469882,0.45725,0.443635
889,0.283366,0.278039,0.374024,0.414326,0.311413,0.430561,0.482907,0.354002,0.46685,0.45725,0.443635
890,0.283366,0.278039,0.374024,0.414326,0.311413,0.430561,0.479495,0.354002,0.46685,0.45725,0.443635
891,0.283366,0.278039,0.374024,0.409393,0.311413,0.430561,0.479495,0.354002,0.46685,0.45725,0.443635
892,0.283366,0.278039,0.374024,0.409393,0.311413,0.430561,0.479495,0.354002,0.46685,0.45814,0.443635
893,0.283366,0.278039,0.374024,0.409393,0.311413,0.430561,0.479495,0.352367,0.46685,0.45814,0.443635
894,0.283366,0.278039,0.374024,0.409393,0.311413,0.430561,0.479495,0.352367,0.46685,0.453911,0.443635
895,0.283366,0.278039,0.381517,0.409393,0.311413,0.430561,0.479495,0.352367,0.46685,0.453911,0.443635
896,0.283366,0.278039,0.381152,0.409393,0.311413,0.430561,0.479495,0.352367,0.46685,0.453911,0.443635
897,0.283366,0.278039,0.376702,0.409393,0.311413,0.430561,0.479495,0.352367,0.46685,0.453911,0.443635
898,0.283366,0.278039,0.376702,0.409393,0.31512,0.430561,0.479495,0.352367,0.46685,0.453911,0.443635
899,0.283366,0.278039,0.376702,0.409393,0.31512,0.42672,0.479495,0.352367,0.46685,0.453911,0.443635
900,0.283366,0.278039,0.376702,0.409393,0.313463,0.42672,0.479495,0.352367,0.46685,0.453911,0.443635
901,0.283366,0.278039,0.376702,0.409393,0.313463,0.42672,0.479495,0.352367,0.46685,0.453911,0.440844
902,0.277583,0.278039,0.376702,0.409393,0.313463,0.42672,0.479495,0.352367,0.46685,0.453911,0.440844
903,0.277583,0.278039,0.376702,0.409393,0.313463,0.42672,0.479495,0.352367,0.463065,0.453911,0.440844
904,0.277583,0.278039,0.376702,0.409393,0.313463,0.42672,0.480305,0.352367,0.463065,0.453911,0.440844
905,0.277583,0.278039,0.376702,0.409393,0.313463,0.42672,0.478797,0.352367,0.463065,0.453911,0.440844
906,0.277583,0.278039,0.376702,0.409393,0.313463,0.42672,0.478797,0.352035,0.463065,0.453911,0.440844
907,0.277583,0.278039,0.376702,0.409393,0.313463,0.42672,0.478797,0.352035,0.463065,0.449669,0.440844
908,0.277583,0.278039,0.376702,0.414174,0.313463,0.42672,0.478797,0.352035,0.463065,0.449669,0.440844
909,0.277583,0.278039,0.376702,0.409358,0.313463,0.42672,0.478797,0.352035,0.463065,0.449669,0.440844
910,0.277583,0.278039,0.376702,0.409358,0.313463,0.42672,0.478797,0.352035,0.463065,0.449669,0.438374
911,0.277583,0.278039,0.371542,0.409358,0.313463,0.42672,0.478797,0.352035,0.463065,0.449669,0.438374
912,0.277583,0.278039,0.371542,0.409358,0.313463,0.42672,0.475772,0.352035,0.463065,0.449669,0.438374
913,0.277583,0.278039,0.371542,0.409358,0.313463,0.423135,0.475772,0.352035,0.463065,0.449669,0.438374
914,0.277583,0.278039,0.371542,0.409358,0.313929,0.423135,0.475772,0.352035,0.463065,0.449669,0.438374
915,0.277583,0.280731,0.371542,0.409358,0.313929,0.423135,0.475772,0.352035,0.463065,0.449669,0.438374
916,0.277583,0.280731,0.371542,0.409358,0.313929,0.423135,0.475772,0.352035,0.461629,0.449669,0.438374
917,0.277583,0.280731,0.371542,0.409358,0.313929,0.423135,0.475772,0.347,0.461629,0.449669,0.438374
918,0.277583,0.280404,0.371542,0.409358,0.313929,0.423135,0.475772,0.347,0.461629,0.449669,0.438374
919,0.277583,0.280404,0.371542,0.409358,0.313929,0.423135,0.475772,0.347,0.461629,0.449669,0.441234
920,0.277583,0.280404,0.371542,0.409358,0.313929,0.423135,0.475772,0.347,0.461629,0.449669,0.4476
921,0.277583,0.280404,0.371542,0.409358,0.313929,0.423135,0.475772,0.347,0.461629,0.449669,0.443254
922,0.277583,0.280404,0.371542,0.404617,0.313929,0.423135,0.475772,0.347,0.461629,0.449669,0.443254
923,0.277583,0.280404,0.371542,0.404617,0.313929,0.423135,0.475772,0.347,0.461078,0.449669,0.443254
924,0.277583,0.280404,0.371542,0.404617,0.319589,0.423135,0.475772,0.347,0.461078,0.449669,0.443254
925,0.277583,0.280404,0.371542,0.404617,0.321303,0.423135,0.475772,0.347,0.461078,0.449669,0.443254
926,0.277583,0.280404,0.371542,0.404617,0.321303,0.423135,0.47226,0.347,0.461078,0.449669,0.443254
927,0.277583,0.280404,0.371542,0.404617,0.321303,0.423135,0.47226,0.347,0.461078,0.449669,0.448921
928,0.277583,0.280404,0.371542,0.404617,0.321303,0.423135,0.47226,0.347,0.461078,0.449669,0.450531
929,0.277583,0.280404,0.371542,0.404617,0.321303,0.423135,0.47226,0.347,0.461078,0.449669,0.450827
930,0.277583,0.280404,0.371542,0.404617,0.321303,0.423135,0.47226,0.347,0.461078,0.449669,0.446614
931,0.277583,0.280404,0.371542,0.404617,0.321303,0.423135,0.47226,0.347,0.461078,0.446804,0.446614
932,0.277583,0.280404,0.371542,0.404617,0.320268,0.423135,0.47226,0.347,0.461078,0.446804,0.446614
933,0.277583,0.280404,0.371542,0.404617,0.320268,0.418633,0.47226,0.347,0.461078,0.446804,0.446614
934,0.277583,0.280404,0.371542,0.404617,0.320268,0.418633,0.47226,0.347,0.457103,0.446804,0.446614
935,0.272032,0.280404,0.371542,0.404617,0.320268,0.418633,0.47226,0.347,0.457103,0.446804,0.446614
936,0.272032,0.280404,0.3771,0.404617,0.320268,0.418633,0.47226,0.347,0.457103,0.446804,0.446614
937,0.272032,0.280404,0.372072,0.404617,0.320268,0.418633,0.47226,0.347,0.457103,0.446804,0.446614
938,0.272032,0.280404,0.372072,0.404617,0.320268,0.418633,0.47226,0.347,0.457103,0.446804,0.442744
939,0.272032,0.27563,0.372072,0.404617,0.320268,0.418633,0.47226,0.347,0.457103,0.446804,0.442744
940,0.272032,0.27563,0.372072,0.404617,0.320268,0.418633,0.468931,0.347,0.457103,0.446804,0.442744
941,0.272032,0.27563,0.372072,0.404617,0.320268,0.418633,0.468931,0.347,0.457103,0.44367,0.442744
942,0.272032,0.27563,0.372072,0.404617,0.320268,0.418633,0.468931,0.355013,0.457103,0.44367,0.442744
943,0.272032,0.27563,0.372072,0.404617,0.320268,0.418633,0.468931,0.355279,0.457103,0.44367,0.442744
944,0.272032,0.27563,0.372072,0.404617,0.320268,0.418633,0.468931,0.348209,0.457103,0.44367,0.442744
945,0.272032,0.27563,0.372072,0.404617,0.318144,0.418633,0.468931,0.348209,0.457103,0.44367,0.442744
946,0.272032,0.27563,0.372072,0.403862,0.318144,0.418633,0.468931,0.348209,0.457103,0.44367,0.442744
947,0.272032,0.27563,0.372072,0.403862,0.318144,0.418633,0.468931,0.348209,0.461112,0.44367,0.442744
948,0.272032,0.27563,0.372072,0.403862,0.318144,0.418633,0.468931,0.348209,0.458875,0.44367,0.442744
949,0.272032,0.27563,0.372072,0.403862,0.318144,0.416313,0.468931,0.348209,0.458875,0.44367,0.442744
950,0.272032,0.27563,0.372072,0.403862,0.318144,0.416313,0.468931,0.348209,0.461817,0.44367,0.442744
951,0.272032,0.27563,0.372072,0.403862,0.318144,0.416313,0.468931,0.348209,0.460921,0.44367,0.442744
952,0.272032,0.27563,0.384162,0.403862,0.318144,0.416313,0.468931,0.348209,0.460921,0.44367,0.442744
953,0.272032,0.27563,0.393747,0.403862,0.318144,0.416313,0.468931,0.348209,0.460921,0.44367,0.442744
954,0.272032,0.27563,0.391014,0.403862,0.318144,0.416313,0.468931,0.348209,0.460921,0.44367,0.442744
955,0.272032,0.27563,0.397975,0.403862,0.318144,0.416313,0.468931,0.348209,0.460921,0.44367,0.442744
956,0.272032,0.27563,0.393342,0.403862,0.318144,0.416313,0.468931,0.348209,0.460921,0.44367,0.442744
957,0.272032,0.27563,0.391437,0.403862,0.318144,0.416313,0.468931,0.348209,0.460921,0.44367,0.442744
958,0.272032,0.27563,0.387331,0.403862,0.318144,0.416313,0.468931,0.348209,0.460921,0.44367,0.442744
959,0.272032,0.27563,0.387331,0.403862,0.318144,0.416313,0.468931,0.348209,0.460921,0.44367,0.448875
960,0.272032,0.27563,0.387331,0.403862,0.318144,0.416313,0.468931,0.348209,0.460921,0.44367,0.444795
961,0.272032,0.27563,0.387331,0.403862,0.318144,0.416313,0.468931,0.348209,0.461167,0.44367,0.444795
962,0.272032,0.27563,0.387331,0.403862,0.318144,0.416313,0.469582,0.348209,0.461167,0.44367,0.444795
963,0.272032,0.27563,0.387331,0.401152,0.318144,0.416313,0.469582,0.348209,0.461167,0.44367,0.444795
964,0.272032,0.27563,0.387331,0.401152,0.318144,0.416313,0.469582,0.348209,0.461167,0.448355,0.444795
965,0.272032,0.27563,0.387331,0.401152,0.318144,0.416313,0.469582,0.348209,0.461167,0.4487,0.444795
966,0.272032,0.27563,0.387331,0.401152,0.318144,0.416313,0.469582,0.348209,0.461167,0.450559,0.444795
967,0.272032,0.27563,0.387331,0.401152,0.318144,0.416313,0.469582,0.348209,0.461167,0.456115,0.444795
968,0.272032,0.27563,0.387331,0.401152,0.318144,0.416313,0.469582,0.348209,0.461167,0.452481,0.444795
969,0.272032,0.27563,0.387331,0.401152,0.318144,0.416313,0.469582,0.348209,0.461167,0.455821,0.444795
970,0.272032,0.27563,0.387331,0.401152,0.318144,0.416313,0.469582,0.348209,0.461167,0.453327,0.444795
971,0.272032,0.27563,0.387331,0.401152,0.318144,0.416313,0.466433,0.348209,0.461167,0.453327,0.444795
972,0.272032,0.27563,0.387331,0.401152,0.318144,0.416313,0.466433,0.348209,0.461167,0.453327,0.442834
973,0.272032,0.27563,0.387331,0.401152,0.318144,0.416313,0.466433,0.348209,0.458183,0.453327,0.442834
974,0.272032,0.27563,0.387331,0.401152,0.318144,0.416313,0.466433,0.348209,0.458183,0.459151,0.442834
975,0.272032,0.27563,0.387331,0.401152,0.318144,0.416313,0.466433,0.348209,0.458183,0.454911,0.442834
976,0.272032,0.27563,0.387331,0.401152,0.327079,0.416313,0.466433,0.348209,0.458183,0.454911,0.442834
977,0.272032,0.27563,0.387331,0.401152,0.320457,0.416313,0.466433,0.348209,0.458183,0.454911,0.442834
978,0.272032,0.27563,0.397081,0.401152,0.320457,0.416313,0.466433,0.348209,0.458183,0.454911,0.442834
979,0.272032,0.27563,0.392695,0.401152,0.320457,0.416313,0.466433,0.348209,0.458183,0.454911,0.442834
980,0.272032,0.27563,0.390166,0.401152,0.320457,0.416313,0.466433,0.348209,0.458183,0.454911,0.442834
981,0.272032,0.27563,0.390166,0.401152,0.320457,0.412197,0.466433,0.348209,0.458183,0.454911,0.442834
982,0.274082,0.27563,0.390166,0.401152,0.320457,0.412197,0.466433,0.348209,0.458183,0.454911,0.442834
983,0.274082,0.27563,0.390166,0.401152,0.320457,0.412197,0.466433,0.348209,0.458183,0.460591,0.442834
984,0.274082,0.27563,0.390166,0.401152,0.320457,0.412197,0.466433,0.348209,0.458183,0.460106,0.442834
985,0.274082,0.27563,0.390166,0.401152,0.320457,0.412197,0.466433,0.348209,0.458183,0.467107,0.442834
986,0.274082,0.27563,0.390166,0.401152,0.320457,0.412197,0.466433,0.348209,0.458183,0.463671,0.442834
987,0.274082,0.27563,0.390166,0.401152,0.320457,0.412197,0.466433,0.348209,0.458183,0.460334,0.442834
988,0.274082,0.273211,0.390166,0.401152,0.320457,0.412197,0.466433,0.348209,0.458183,0.460334,0.442834
989,0.274082,0.273211,0.390166,0.401152,0.320457,0.412197,0.466433,0.348209,0.458183,0.460334,0.446906
990,0.274082,0.273211,0.390166,0.401152,0.320457,0.412197,0.466433,0.348209,0.458183,0.460334,0.453248
991,0.274082,0.273211,0.390166,0.401152,0.320457,0.412197,0.466433,0.348209,0.458183,0.460334,0.451505
992,0.274082,0.273211,0.390166,0.401152,0.320457,0.412197,0.466433,0.348209,0.458183,0.460334,0.456481
993,0.274082,0.273211,0.390166,0.401152,0.320457,0.412197,0.466433,0.348209,0.458183,0.460334,0.452321
994,0.274082,0.273211,0.390166,0.401152,0.320457,0.412197,0.466433,0.348209,0.458183,0.460334,0.454636
995,0.274082,0.273211,0.390166,0.401152,0.320457,0.412197,0.466433,0.348209,0.458183,0.460334,0.453456
996,0.274082,0.273211,0.390166,0.401152,0.320457,0.412197,0.466433,0.35421,0.458183,0.460334,0.453456
997,0.274082,0.273211,0.390166,0.401152,0.320457,0.412197,0.466433,0.349221,0.458183,0.460334,0.453456
998,0.274082,0.273211,0.390166,0.401152,0.320457,0.412197,0.466433,0.349221,0.458183,0.460334,0.459956
999,0.274082,0.273211,0.390166,0.401152,0.320457,0.412197,0.466433,0.349221,0.458183,0.460334,0.459152
1000,0.274082,0.273211,0.390166,0.401152,0.320457,0.412197,0.466433,0.349221,0.458183,0.460334,0.456936
1001,0.274082,0.273211,0.390166,0.401152,0.320457,0.412197,0.466433,0.349221,0.458183,0.456733,0.456936
1002,0.274082,0.273211,0.390166,0.398975,0.320457,0.412197,0.466433,0.349221,0.458183,0.456733,0.456936
1003,0.274082,0.273211,0.390166,0.398975,0.320457,0.412197,0.465175,0.349221,0.458183,0.456733,0.456936
1004,0.274082,0.273211,0.390166,0.398975,0.320457,0.412197,0.465175,0.349221,0.458183,0.456733,0.451172
1005,0.274082,0.273211,0.390166,0.398975,0.320457,0.412197,0.465175,0.349221,0.455628,0.456733,0.451172
1006,0.268811,0.273211,0.390166,0.398975,0.320457,0.412197,0.465175,0.349221,0.455628,0.456733,0.451172
1007,0.268811,0.273211,0.390109,0.398975,0.320457,0.412197,0.465175,0.349221,0.455628,0.456733,0.451172
1008,0.268811,0.273211,0.390109,0.398975,0.323109,0.412197,0.465175,0.349221,0.455628,0.456733,0.451172
1009,0.268811,0.273211,0.390109,0.398975,0.323109,0.412197,0.46476,0.349221,0.455628,0.456733,0.451172
1010,0.268811,0.273211,0.390109,0.398975,0.323109,0.412469,0.46476,0.349221,0.455628,0.456733,0.451172
1011,0.268811,0.273211,0.390109,0.398975,0.32484,0.412469,0.46476,0.349221,0.455628,0.456733,0.451172
1012,0.268811,0.273211,0.386942,0.398975,0.32484,0.412469,0.46476,0.349221,0.455628,0.456733,0.451172
1013,0.268811,0.273211,0.386942,0.394961,0.32484,0.412469,0.46476,0.349221,0.455628,0.456733,0.451172
1014,0.268811,0.273211,0.386942,0.394961,0.32484,0.412469,0.46476,0.349221,0.456703,0.456733,0.451172
1015,0.268811,0.273211,0.386942,0.394961,0.32484,0.412469,0.461212,0.349221,0.456703,0.456733,0.451172
1016,0.268811,0.273211,0.386942,0.394961,0.32484,0.412469,0.461212,0.349221,0.456703,0.46187,0.451172
1017,0.268811,0.273211,0.386942,0.394961,0.32484,0.412469,0.461212,0.349221,0.456703,0.463069,0.451172
1018,0.268811,0.273211,0.386942,0.394961,0.32484,0.412469,0.461212,0.349221,0.456703,0.460142,0.451172
1019,0.268811,0.273211,0.386942,0.394961,0.32484,0.412469,0.461212,0.349221,0.455143,0.460142,0.451172
1020,0.268811,0.273211,0.386942,0.394961,0.32484,0.412469,0.461212,0.344371,0.455143,0.460142,0.451172
1021,0.268811,0.273211,0.386942,0.394961,0.32484,0.412469,0.461212,0.344371,0.455143,0.46431,0.451172
1022,0.268811,0.273211,0.386942,0.394961,0.32484,0.412469,0.461212,0.344371,0.455143,0.471105,0.451172
1023,0.268811,0.273211,0.386942,0.394961,0.32484,0.412469,0.461212,0.344371,0.455143,0.467482,0.451172
1024,0.268811,0.273211,0.386942,0.394961,0.32484,0.412469,0.461212,0.344371,0.455143,0.467766,0.451172
1025,0.268811,0.273211,0.386942,0.394961,0.32484,0.412469,0.461212,0.344371,0.455143,0.467503,0.451172
1026,0.268811,0.273211,0.386942,0.394961,0.32484,0.412469,0.461212,0.344371,0.455143,0.464905,0.451172
1027,0.268811,0.273211,0.386942,0.394961,0.32484,0.406485,0.461212,0.344371,0.455143,0.464905,0.451172
1028,0.268811,0.273211,0.386942,0.394961,0.319843,0.406485,0.461212,0.344371,0.455143,0.464905,0.451172
1029,0.268811,0.272342,0.386942,0.394961,0.319843,0.406485,0.461212,0.344371,0.455143,0.464905,0.451172
1030,0.268811,0.272342,0.386942,0.394961,0.319843,0.406485,0.461212,0.344371,0.455143,0.464905,0.447504
1031,0.268811,0.272342,0.386942,0.394961,0.319843,0.406485,0.461212,0.344371,0.454862,0.464905,0.447504
1032,0.268811,0.272342,0.386942,0.394961,0.319843,0.406485,0.461212,0.344371,0.454862,0.457984,0.447504
1033,0.268811,0.272342,0.386942,0.394961,0.319843,0.406485,0.461212,0.344371,0.453488,0.457984,0.447504
1034,0.268811,0.272342,0.386942,0.394961,0.319843,0.406485,0.458927,0.344371,0.453488,0.457984,0.447504
1035,0.268811,0.272342,0.388869,0.394961,0.319843,0.406485,0.458927,0.344371,0.453488,0.457984,0.447504
1036,0.268811,0.272342,0.390927,0.394961,0.319843,0.406485,0.458927,0.344371,0.453488,0.457984,0.447504
1037,0.268811,0.272342,0.397782,0.394961,0.319843,0.406485,0.458927,0.344371,0.453488,0.457984,0.447504
1038,0.268811,0.272342,0.398489,0.394961,0.319843,0.406485,0.458927,0.344371,0.453488,0.457984,0.447504
1039,0.268811,0.272342,0.402663,0.394961,0.319843,0.406485,0.458927,0.344371,0.453488,0.457984,0.447504
1040,0.268811,0.272342,0.407293,0.394961,0.319843,0.406485,0.458927,0.344371,0.453488,0.457984,0.447504
1041,0.268811,0.272342,0.40296,0.394961,0.319843,0.406485,0.458927,0.344371,0.453488,0.457984,0.447504
1042,0.268811,0.272342,0.398718,0.394961,0.319843,0.406485,0.458927,0.344371,0.453488,0.457984,0.447504
1043,0.268008,0.272342,0.398718,0.394961,0.319843,0.406485,0.458927,0.344371,0.453488,0.457984,0.447504
1044,0.268008,0.272342,0.398718,0.39419,0.319843,0.406485,0.458927,0.344371,0.453488,0.457984,0.447504
1045,0.268008,0.267298,0.398718,0.39419,0.319843,0.406485,0.458927,0.344371,0.453488,0.457984,0.447504
1046,0.268008,0.267298,0.398718,0.39419,0.319843,0.406485,0.458927,0.344371,0.450314,0.457984,0.447504
1047,0.268008,0.267298,0.398718,0.39419,0.319843,0.406485,0.458927,0.343116,0.450314,0.457984,0.447504
1048,0.268008,0.267298,0.398718,0.39419,0.319843,0.406485,0.458927,0.343116,0.450314,0.457984,0.444688
1049,0.268008,0.267298,0.398718,0.39419,0.319843,0.406485,0.455477,0.343116,0.450314,0.457984,0.444688
1050,0.268008,0.267298,0.398718,0.39419,0.319843,0.403626,0.455477,0.343116,0.450314,0.457984,0.444688
1051,0.268008,0.267298,0.398718,0.394516,0.319843,0.403626,0.455477,0.343116,0.450314,0.457984,0.444688
1052,0.268008,0.267298,0.398718,0.394516,0.331593,0.403626,0.455477,0.343116,0.450314,0.457984,0.444688
1053,0.268008,0.267298,0.398718,0.394516,0.326908,0.403626,0.455477,0.343116,0.450314,0.457984,0.444688
1054,0.268008,0.267298,0.398718,0.394516,0.331851,0.403626,0.455477,0.343116,0.450314,0.457984,0.444688
1055,0.268008,0.267298,0.398718,0.394516,0.337306,0.403626,0.455477,0.343116,0.450314,0.457984,0.444688
1056,0.268008,0.267298,0.398718,0.394516,0.33266,0.403626,0.455477,0.343116,0.450314,0.457984,0.444688
1057,0.268008,0.267298,0.399665,0.394516,0.33266,0.403626,0.455477,0.343116,0.450314,0.457984,0.444688
1058,0.268008,0.267298,0.399665,0.390319,0.33266,0.403626,0.455477,0.343116,0.450314,0.457984,0.444688
1059,0.281656,0.267298,0.399665,0.390319,0.33266,0.403626,0.455477,0.343116,0.450314,0.457984,0.444688
1060,0.294567,0.267298,0.399665,0.390319,0.33266,0.403626,0.455477,0.343116,0.450314,0.457984,0.444688
1061,0.289307,0.267298,0.399665,0.390319,0.33266,0.403626,0.455477,0.343116,0.450314,0.457984,0.444688
1062,0.302317,0.267298,0.399665,0.390319,0.33266,0.403626,0.455477,0.343116,0.450314,0.457984,0.444688
1063,0.31176,0.267298,0.399665,0.390319,0.33266,0.403626,0.455477,0.343116,0.450314,0.457984,0.444688
1064,0.305589,0.267298,0.399665,0.390319,0.33266,0.403626,0.455477,0.343116,0.450314,0.457984,0.444688
1065,0.300496,0.267298,0.399665,0.390319,0.33266,0.403626,0.455477,0.343116,0.450314,0.457984,0.444688
1066,0.299457,0.267298,0.399665,0.390319,0.33266,0.403626,0.455477,0.343116,0.450314,0.457984,0.444688
1067,0.299457,0.267298,0.408123,0.390319,0.33266,0.403626,0.455477,0.343116,0.450314,0.457984,0.444688
1068,0.299457,0.267298,0.404152,0.390319,0.33266,0.403626,0.455477,0.343116,0.450314,0.457984,0.444688
1069,0.299457,0.267298,0.40149,0.390319,0.33266,0.403626,0.455477,0.343116,0.450314,0.457984,0.444688
1070,0.299457,0.267298,0.40149,0.390319,0.33266,0.403626,0.455477,0.343116,0.450314,0.454393,0.444688
1071,0.299457,0.267298,0.40149,0.390319,0.33266,0.403626,0.455477,0.343116,0.449086,0.454393,0.444688
1072,0.299457,0.267298,0.40149,0.390319,0.33266,0.403626,0.455477,0.33889,0.449086,0.454393,0.444688
1073,0.299457,0.267298,0.40149,0.390319,0.33266,0.403626,0.455477,0.33889,0.449086,0.454393,0.44113
1074,0.299457,0.267298,0.40149,0.390319,0.33266,0.403626,0.459612,0.33889,0.449086,0.454393,0.44113
1075,0.299457,0.267298,0.40149,0.390319,0.33266,0.403626,0.456334,0.33889,0.449086,0.454393,0.44113
1076,0.299457,0.267298,0.40149,0.390319,0.327975,0.403626,0.456334,0.33889,0.449086,0.454393,0.44113
1077,0.299457,0.267298,0.40149,0.390319,0.327975,0.398886,0.456334,0.33889,0.449086,0.454393,0.44113
1078,0.299457,0.267298,0.40149,0.390319,0.327975,0.398886,0.456334,0.33889,0.445631,0.454393,0.44113
1079,0.299457,0.267298,0.40149,0.390319,0.327975,0.398886,0.4525,0.33889,0.445631,0.454393,0.44113
1080,0.298333,0.267298,0.40149,0.390319,0.327975,0.398886,0.4525,0.33889,0.445631,0.454393,0.44113
1081,0.298333,0.267298,0.398387,0.390319,0.327975,0.398886,0.4525,0.33889,0.445631,0.454393,0.44113
1082,0.298333,0.267298,0.398387,0.390319,0.327975,0.398886,0.4525,0.33889,0.445631,0.451747,0.44113
1083,0.298333,0.262438,0.398387,0.390319,0.327975,0.398886,0.4525,0.33889,0.445631,0.451747,0.44113
1084,0.298333,0.262438,0.398387,0.391869,0.327975,0.398886,0.4525,0.33889,0.445631,0.451747,0.44113
1085,0.298333,0.262438,0.398387,0.391869,0.327975,0.398886,0.4525,0.33889,0.445631,0.451747,0.436634
1086,0.298333,0.262438,0.398387,0.387262,0.327975,0.398886,0.4525,0.33889,0.445631,0.451747,0.436634
1087,0.298333,0.262438,0.398387,0.387262,0.327975,0.398886,0.4525,0.33889,0.450047,0.451747,0.436634
1088,0.298333,0.262438,0.398387,0.387262,0.327975,0.398886,0.4525,0.33889,0.447328,0.451747,0.436634
1089,0.298333,0.262438,0.398387,0.387262,0.327975,0.398886,0.4525,0.336608,0.447328,0.451747,0.436634
1090,0.303118,0.262438,0.398387,0.387262,0.327975,0.398886,0.4525,0.336608,0.447328,0.451747,0.436634
1091,0.304851,0.262438,0.398387,0.387262,0.327975,0.398886,0.4525,0.336608,0.447328,0.451747,0.436634
1092,0.304851,0.262438,0.398387,0.387262,0.327975,0.398886,0.452164,0.336608,0.447328,0.451747,0.436634
1093,0.304851,0.262438,0.398387,0.387262,0.327975,0.401117,0.452164,0.336608,0.447328,0.451747,0.436634
1094,0.304851,0.262438,0.398387,0.387262,0.327975,0.413064,0.452164,0.336608,0.447328,0.451747,0.436634
1095,0.304851,0.262438,0.398387,0.387262,0.327975,0.412653,0.452164,0.336608,0.447328,0.451747,0.436634
1096,0.304851,0.262438,0.398387,0.387262,0.327975,0.415333,0.452164,0.336608,0.447328,0.451747,0.436634
1097,0.304851,0.262438,0.398387,0.387262,0.327975,0.416346,0.452164,0.336608,0.447328,0.451747,0.436634
1098,0.304851,0.262438,0.398387,0.387262,0.327975,0.418619,0.452164,0.336608,0.447328,0.451747,0.436634
1099,0.304851,0.262438,0.398387,0.387262,0.327975,0.418751,0.452164,0.336608,0.447328,0.451747,0.436634
1100,0.304851,0.262438,0.398387,0.387262,0.327975,0.425029,0.452164,0.336608,0.447328,0.451747,0.436634
1101,0.304851,0.262438,0.398387,0.387262,0.327975,0.422415,0.452164,0.336608,0.447328,0.451747,0.436634
1102,0.304851,0.262438,0.398387,0.387262,0.327975,0.418575,0.452164,0.336608,0.447328,0.451747,0.436634
1103,0.304851,0.262438,0.398387,0.387262,0.327975,0.416769,0.452164,0.336608,0.447328,0.451747,0.436634
1104,0.304851,0.262438,0.398387,0.387262,0.327975,0.416769,0.452164,0.336608,0.444868,0.451747,0.436634
1105,0.300217,0.262438,0.398387,0.387262,0.327975,0.416769,0.452164,0.336608,0.444868,0.451747,0.436634
1106,0.300217,0.262438,0.398387,0.387262,0.327975,0.416769,0.452164,0.336608,0.444868,0.448449,0.436634
1107,0.300217,0.262438,0.405851,0.387262,0.327975,0.416769,0.452164,0.336608,0.444868,0.448449,0.436634
1108,0.300217,0.262438,0.401918,0.387262,0.327975,0.416769,0.452164,0.336608,0.444868,0.448449,0.436634
1109,0.300217,0.262438,0.402394,0.387262,0.327975,0.416769,0.452164,0.336608,0.444868,0.448449,0.436634
1110,0.300217,0.262438,0.402394,0.387262,0.344066,0.416769,0.452164,0.336608,0.444868,0.448449,0.436634
1111,0.300217,0.262438,0.402394,0.387262,0.34663,0.416769,0.452164,0.336608,0.444868,0.448449,0.436634
1112,0.300217,0.262438,0.402394,0.387262,0.343216,0.416769,0.452164,0.336608,0.444868,0.448449,0.436634
1113,0.300217,0.262438,0.402394,0.387262,0.341764,0.416769,0.452164,0.336608,0.444868,0.448449,0.436634
1114,0.300217,0.262438,0.402394,0.387262,0.342566,0.416769,0.452164,0.336608,0.444868,0.448449,0.436634
1115,0.300217,0.262438,0.402394,0.387262,0.342566,0.417077,0.452164,0.336608,0.444868,0.448449,0.436634
1116,0.300217,0.262438,0.402394,0.387262,0.351816,0.417077,0.452164,0.336608,0.444868,0.448449,0.436634
1117,0.300217,0.262438,0.402394,0.387262,0.347305,0.417077,0.452164,0.336608,0.444868,0.448449,0.436634
1118,0.300217,0.262438,0.402394,0.387262,0.347305,0.417077,0.450859,0.336608,0.444868,0.448449,0.436634
1119,0.300217,0.262438,0.406833,0.387262,0.347305,0.417077,0.450859,0.336608,0.444868,0.448449,0.436634
1120,0.300217,0.262438,0.412549,0.387262,0.347305,0.417077,0.450859,0.336608,0.444868,0.448449,0.436634
1121,0.300217,0.262438,0.408657,0.387262,0.347305,0.417077,0.450859,0.336608,0.444868,0.448449,0.436634
1122,0.300217,0.262438,0.41568,0.387262,0.347305,0.417077,0.450859,0.336608,0.444868,0.448449,0.436634
1123,0.300217,0.262438,0.419878,0.387262,0.347305,0.417077,0.450859,0.336608,0.444868,0.448449,0.436634
1124,0.300217,0.262438,0.420787,0.387262,0.347305,0.417077,0.450859,0.336608,0.444868,0.448449,0.436634
1125,0.300217,0.262438,0.416962,0.387262,0.347305,0.417077,0.450859,0.336608,0.444868,0.448449,0.436634
1126,0.300217,0.262438,0.413448,0.387262,0.347305,0.417077,0.450859,0.336608,0.444868,0.448449,0.436634
1127,0.300217,0.262438,0.413448,0.387262,0.343646,0.417077,0.450859,0.336608,0.444868,0.448449,0.436634
1128,0.300217,0.262438,0.413448,0.387262,0.343646,0.422223,0.450859,0.336608,0.444868,0.448449,0.436634
1129,0.300217,0.262438,0.413448,0.387262,0.343646,0.417265,0.450859,0.336608,0.444868,0.448449,0.436634
1130,0.300217,0.262438,0.413448,0.387262,0.343646,0.417265,0.450859,0.336608,0.444868,0.448449,0.433196
1131,0.300217,0.262438,0.413448,0.387262,0.343646,0.417265,0.450106,0.336608,0.444868,0.448449,0.433196
1132,0.300217,0.262438,0.413448,0.387262,0.343646,0.417265,0.450106,0.336608,0.445948,0.448449,0.433196
1133,0.300217,0.262438,0.413448,0.383934,0.343646,0.417265,0.450106,0.336608,0.445948,0.448449,0.433196
1134,0.300217,0.262438,0.413448,0.383934,0.343646,0.417265,0.450106,0.336608,0.443137,0.448449,0.433196
1135,0.300217,0.262438,0.413448,0.383934,0.343646,0.417265,0.450106,0.359174,0.443137,0.448449,0.433196
1136,0.300217,0.262438,0.413448,0.383934,0.343646,0.417265,0.450106,0.364743,0.443137,0.448449,0.433196
1137,0.300217,0.262438,0.413448,0.383934,0.343646,0.417265,0.450106,0.360306,0.443137,0.448449,0.433196
1138,0.300217,0.262438,0.413448,0.383934,0.343646,0.417265,0.450106,0.360444,0.443137,0.448449,0.433196
1139,0.300217,0.262438,0.413448,0.383934,0.343646,0.417265,0.450106,0.361122,0.443137,0.448449,0.433196
1140,0.300217,0.262438,0.413448,0.383934,0.343646,0.417265,0.450106,0.36201,0.443137,0.448449,0.433196
1141,0.300217,0.262438,0.413448,0.383934,0.343646,0.417265,0.450106,0.365583,0.443137,0.448449,0.433196
1142,0.300217,0.262438,0.413448,0.383934,0.343646,0.417265,0.450106,0.363539,0.443137,0.448449,0.433196
1143,0.300217,0.262438,0.413448,0.383934,0.343646,0.417265,0.450106,0.368146,0.443137,0.448449,0.433196
1144,0.300217,0.262438,0.413448,0.383934,0.343646,0.417265,0.450106,0.368119,0.443137,0.448449,0.433196
1145,0.300217,0.262438,0.413448,0.383934,0.343646,0.417265,0.450106,0.370296,0.443137,0.448449,0.433196
1146,0.300217,0.262438,0.413448,0.383934,0.343646,0.417265,0.450106,0.374863,0.443137,0.448449,0.433196
1147,0.300217,0.262438,0.413448,0.383934,0.343646,0.417265,0.450106,0.378872,0.443137,0.448449,0.433196
1148,0.300217,0.262438,0.413448,0.383934,0.343646,0.417265,0.450106,0.374507,0.443137,0.448449,0.433196
1149,0.300217,0.262438,0.413448,0.383934,0.343646,0.417265,0.450106,0.370346,0.443137,0.448449,0.433196
1150,0.300217,0.262438,0.421752,0.383934,0.343646,0.417265,0.450106,0.370346,0.443137,0.448449,0.433196
1151,0.300217,0.262438,0.422565,0.383934,0.343646,0.417265,0.450106,0.370346,0.443137,0.448449,0.433196
1152,0.300217,0.262438,0.418858,0.383934,0.343646,0.417265,0.450106,0.370346,0.443137,0.448449,0.433196
1153,0.300217,0.262438,0.416665,0.383934,0.343646,0.417265,0.450106,0.370346,0.443137,0.448449,0.433196
1154,0.300217,0.262438,0.416665,0.383934,0.343646,0.417265,0.450106,0.370346,0.443137,0.4452,0.433196
1155,0.300217,0.262438,0.416665,0.383934,0.343646,0.424896,0.450106,0.370346,0.443137,0.4452,0.433196
1156,0.300217,0.262438,0.416665,0.383934,0.343646,0.425044,0.450106,0.370346,0.443137,0.4452,0.433196
1157,0.300217,0.262438,0.416665,0.383934,0.343646,0.421411,0.450106,0.370346,0.443137,0.4452,0.433196
1158,0.300217,0.27334,0.416665,0.383934,0.343646,0.421411,0.450106,0.370346,0.443137,0.4452,0.433196
1159,0.300217,0.269856,0.416665,0.383934,0.343646,0.421411,0.450106,0.370346,0.443137,0.4452,0.433196
1160,0.300217,0.269856,0.416665,0.383934,0.343646,0.421411,0.446997,0.370346,0.443137,0.4452,0.433196
1161,0.300217,0.269856,0.416665,0.383934,0.343646,0.422084,0.446997,0.370346,0.443137,0.4452,0.433196
1162,0.300217,0.269856,0.416665,0.383934,0.343646,0.421249,0.446997,0.370346,0.443137,0.4452,0.433196
1163,0.300217,0.269362,0.416665,0.383934,0.343646,0.421249,0.446997,0.370346,0.443137,0.4452,0.433196
1164,0.300217,0.269362,0.416413,0.383934,0.343646,0.421249,0.446997,0.370346,0.443137,0.4452,0.433196
1165,0.300217,0.269362,0.416413,0.383934,0.343646,0.421249,0.446997,0.370346,0.443137,0.4452,0.433879
1166,0.300217,0.269362,0.416413,0.383934,0.343646,0.421249,0.446997,0.370346,0.438416,0.4452,0.433879
1167,0.300217,0.269362,0.416413,0.383934,0.343646,0.421249,0.446997,0.366276,0.438416,0.4452,0.433879
1168,0.300217,0.269362,0.416413,0.383934,0.351456,0.421249,0.446997,0.366276,0.438416,0.4452,0.433879
1169,0.300217,0.269362,0.416413,0.383934,0.356675,0.421249,0.446997,0.366276,0.438416,0.4452,0.433879
1170,0.300217,0.269362,0.416413,0.383934,0.363327,0.421249,0.446997,0.366276,0.438416,0.4452,0.433879
1171,0.300217,0.269362,0.416413,0.383934,0.363713,0.421249,0.446997,0.366276,0.438416,0.4452,0.433879
1172,0.300217,0.269362,0.416413,0.383934,0.358522,0.421249,0.446997,0.366276,0.438416,0.4452,0.433879
1173,0.300217,0.269362,0.416413,0.383934,0.356275,0.421249,0.446997,0.366276,0.438416,0.4452,0.433879
1174,0.298404,0.269362,0.416413,0.383934,0.356275,0.421249,0.446997,0.366276,0.438416,0.4452,0.433879
1175,0.298404,0.269362,0.416413,0.383934,0.356275,0.421249,0.446997,0.366276,0.438416,0.4452,0.432363
1176,0.298404,0.269362,0.416413,0.383934,0.356275,0.424373,0.446997,0.366276,0.438416,0.4452,0.432363
1177,0.298404,0.269362,0.416413,0.383934,0.356275,0.423207,0.446997,0.366276,0.438416,0.4452,0.432363
1178,0.298404,0.269362,0.416413,0.381925,0.356275,0.423207,0.446997,0.366276,0.438416,0.4452,0.432363
1179,0.298404,0.269362,0.415657,0.381925,0.356275,0.423207,0.446997,0.366276,0.438416,0.4452,0.432363
1180,0.298404,0.269362,0.415657,0.381925,0.356275,0.423207,0.446997,0.366276,0.438416,0.441997,0.432363
1181,0.298404,0.269362,0.415657,0.381925,0.356275,0.419082,0.446997,0.366276,0.438416,0.441997,0.432363
1182,0.298404,0.269362,0.415657,0.381925,0.356275,0.419082,0.448073,0.366276,0.438416,0.441997,0.432363
1183,0.298404,0.269362,0.415657,0.381925,0.356275,0.419082,0.444936,0.366276,0.438416,0.441997,0.432363
1184,0.298404,0.269362,0.415657,0.381925,0.362641,0.419082,0.444936,0.366276,0.438416,0.441997,0.432363
1185,0.298404,0.269362,0.415657,0.381925,0.358808,0.419082,0.444936,0.366276,0.438416,0.441997,0.432363
1186,0.298404,0.269362,0.415657,0.381925,0.358808,0.419082,0.444936,0.366276,0.438416,0.441997,0.435865
1187,0.298404,0.269362,0.415657,0.381925,0.358808,0.419082,0.444936,0.366276,0.438416,0.441997,0.438862
1188,0.298404,0.269362,0.415657,0.381925,0.358808,0.419082,0.444936,0.366276,0.438416,0.441997,0.443292
1189,0.298404,0.269362,0.415657,0.381925,0.358808,0.419082,0.444936,0.366276,0.438416,0.441997,0.444515
1190,0.298404,0.269362,0.415657,0.381925,0.358808,0.419082,0.444936,0.366276,0.438416,0.441997,0.441198
1191,0.298404,0.269362,0.415657,0.381925,0.358808,0.419082,0.444936,0.366276,0.438416,0.441997,0.439209
1192,0.298404,0.269362,0.413985,0.381925,0.358808,0.419082,0.444936,0.366276,0.438416,0.441997,0.439209
1193,0.298404,0.285849,0.413985,0.381925,0.358808,0.419082,0.444936,0.366276,0.438416,0.441997,0.439209
1194,0.298404,0.281085,0.413985,0.381925,0.358808,0.419082,0.444936,0.366276,0.438416,0.441997,0.439209
1195,0.298404,0.284891,0.413985,0.381925,0.358808,0.419082,0.444936,0.366276,0.438416,0.441997,0.439209
1196,0.298404,0.280296,0.413985,0.381925,0.358808,0.419082,0.444936,0.366276,0.438416,0.441997,0.439209
1197,0.298404,0.280296,0.413985,0.381925,0.358808,0.419082,0.444936,0.366276,0.438416,0.441997,0.436356
1198,0.298404,0.280296,0.413985,0.381925,0.35702,0.419082,0.444936,0.366276,0.438416,0.441997,0.436356
1199,0.298404,0.280296,0.413985,0.377736,0.35702,0.419082,0.444936,0.366276,0.438416,0.441997,0.436356
1200,0.304922,0.280296,0.413985,0.377736,0.35702,0.419082,0.444936,0.366276,0.438416,0.441997,0.436356
1201,0.300437,0.280296,0.413985,0.377736,0.35702,0.419082,0.444936,0.366276,0.438416,0.441997,0.436356
1202,0.300437,0.280296,0.413985,0.377736,0.35702,0.419082,0.444936,0.366276,0.438416,0.438929,0.436356
1203,0.300437,0.280296,0.413985,0.377736,0.35702,0.419082,0.444936,0.366276,0.443732,0.438929,0.436356
1204,0.300437,0.280296,0.413985,0.377736,0.35702,0.419082,0.444936,0.366276,0.44613,0.438929,0.436356
1205,0.300437,0.280296,0.413985,0.377736,0.35702,0.419082,0.444936,0.366276,0.451051,0.438929,0.436356
1206,0.300437,0.280296,0.413985,0.377736,0.35702,0.419082,0.444936,0.366276,0.447829,0.438929,0.436356
1207,0.300437,0.280296,0.413985,0.377736,0.35702,0.419082,0.444936,0.366276,0.447393,0.438929,0.436356
1208,0.300437,0.280296,0.413985,0.377736,0.35702,0.419082,0.444936,0.366276,0.451247,0.438929,0.436356
1209,0.300437,0.280296,0.413985,0.377736,0.35702,0.419082,0.444936,0.366276,0.448559,0.438929,0.436356
1210,0.300437,0.280296,0.413985,0.377736,0.35702,0.419082,0.444936,0.366276,0.449012,0.438929,0.436356
1211,0.300437,0.280296,0.413985,0.377736,0.35702,0.419082,0.444936,0.366276,0.448172,0.438929,0.436356
1212,0.300437,0.280296,0.413985,0.377736,0.35702,0.419082,0.444936,0.3701,0.448172,0.438929,0.436356
1213,0.300437,0.280296,0.413985,0.377736,0.35702,0.419082,0.444936,0.375932,0.448172,0.438929,0.436356
1214,0.300437,0.280296,0.413985,0.377736,0.35702,0.419082,0.444936,0.375284,0.448172,0.438929,0.436356
1215,0.300437,0.280296,0.413985,0.377736,0.35702,0.419082,0.444936,0.371945,0.448172,0.438929,0.436356
1216,0.300437,0.280296,0.413985,0.377736,0.35702,0.419082,0.442692,0.371945,0.448172,0.438929,0.436356
1217,0.300437,0.280296,0.413985,0.377736,0.35702,0.419082,0.442692,0.371945,0.446702,0.438929,0.436356
1218,0.300437,0.280296,0.411686,0.377736,0.35702,0.419082,0.442692,0.371945,0.446702,0.438929,0.436356
1219,0.300437,0.280296,0.411686,0.377736,0.35702,0.415731,0.442692,0.371945,0.446702,0.438929,0.436356
1220,0.300437,0.280296,0.411686,0.377736,0.35702,0.415731,0.442692,0.371945,0.446702,0.438929,0.441699
1221,0.300437,0.280296,0.411686,0.377736,0.35702,0.415731,0.442692,0.371945,0.446702,0.438929,0.43884
1222,0.300437,0.280296,0.411686,0.377736,0.35702,0.415731,0.442692,0.371945,0.446702,0.438929,0.435683
1223,0.300437,0.276003,0.411686,0.377736,0.35702,0.415731,0.442692,0.371945,0.446702,0.438929,0.435683
1224,0.300437,0.276003,0.411686,0.377736,0.365828,0.415731,0.442692,0.371945,0.446702,0.438929,0.435683
1225,0.300437,0.276003,0.411686,0.377736,0.370167,0.415731,0.442692,0.371945,0.446702,0.438929,0.435683
1226,0.300437,0.276003,0.411686,0.377736,0.378138,0.415731,0.442692,0.371945,0.446702,0.438929,0.435683
1227,0.300437,0.276003,0.411686,0.377736,0.37408,0.415731,0.442692,0.371945,0.446702,0.438929,0.435683
1228,0.300437,0.276003,0.411686,0.377736,0.375946,0.415731,0.442692,0.371945,0.446702,0.438929,0.435683
1229,0.300437,0.276003,0.411686,0.377736,0.371946,0.415731,0.442692,0.371945,0.446702,0.438929,0.435683
1230,0.300437,0.276003,0.411686,0.377736,0.378544,0.415731,0.442692,0.371945,0.446702,0.438929,0.435683
1231,0.300437,0.276003,0.411686,0.377736,0.382164,0.415731,0.442692,0.371945,0.446702,0.438929,0.435683
1232,0.300437,0.276003,0.411686,0.377736,0.378316,0.415731,0.442692,0.371945,0.446702,0.438929,0.435683
1233,0.300437,0.276003,0.411686,0.377736,0.381204,0.415731,0.442692,0.371945,0.446702,0.438929,0.435683
1234,0.300437,0.276003,0.411686,0.377736,0.383987,0.415731,0.442692,0.371945,0.446702,0.438929,0.435683
1235,0.300437,0.276003,0.411686,0.377736,0.380147,0.415731,0.442692,0.371945,0.446702,0.438929,0.435683
1236,0.300437,0.276003,0.411686,0.377736,0.380147,0.415731,0.442692,0.36807,0.446702,0.438929,0.435683
1237,0.300437,0.276003,0.411686,0.377736,0.380147,0.415731,0.442692,0.36807,0.444795,0.438929,0.435683
1238,0.300437,0.276003,0.411686,0.377736,0.380147,0.415731,0.446104,0.36807,0.444795,0.438929,0.435683
1239,0.300437,0.276003,0.411686,0.377736,0.380147,0.415731,0.442893,0.36807,0.444795,0.438929,0.435683
1240,0.305289,0.276003,0.411686,0.377736,0.380147,0.415731,0.442893,0.36807,0.444795,0.438929,0.435683
1241,0.30118,0.276003,0.411686,0.377736,0.380147,0.415731,0.442893,0.36807,0.444795,0.438929,0.435683
1242,0.30118,0.276003,0.411686,0.377736,0.380147,0.415731,0.442893,0.36807,0.444795,0.435816,0.435683
1243,0.30118,0.276003,0.410402,0.377736,0.380147,0.415731,0.442893,0.36807,0.444795,0.435816,0.435683
1244,0.30118,0.276003,0.410402,0.377736,0.37761,0.415731,0.442893,0.36807,0.444795,0.435816,0.435683
1245,0.30118,0.276003,0.410402,0.374817,0.37761,0.415731,0.442893,0.36807,0.444795,0.435816,0.435683
1246,0.30118,0.276003,0.410402,0.374817,0.37761,0.415731,0.444846,0.36807,0.444795,0.435816,0.435683
1247,0.30118,0.276003,0.410402,0.374817,0.37761,0.415731,0.443356,0.36807,0.444795,0.435816,0.435683
1248,0.30118,0.276003,0.410402,0.374817,0.37761,0.415731,0.443356,0.36807,0.446967,0.435816,0.435683
1249,0.30118,0.276003,0.410402,0.374817,0.37761,0.415731,0.443356,0.36807,0.445146,0.435816,0.435683
1250,0.30118,0.276003,0.410402,0.374817,0.37761,0.417643,0.443356,0.36807,0.445146,0.435816,0.435683
1251,0.30118,0.276003,0.410402,0.374817,0.37761,0.427942,0.443356,0.36807,0.445146,0.435816,0.435683
1252,0.30118,0.276003,0.410402,0.374817,0.37761,0.424512,0.443356,0.36807,0.445146,0.435816,0.435683
1253,0.30118,0.276003,0.410402,0.374817,0.37761,0.424548,0.443356,0.36807,0.445146,0.435816,0.435683
1254,0.30118,0.276003,0.410402,0.374817,0.37761,0.421875,0.443356,0.36807,0.445146,0.435816,0.435683
1255,0.30118,0.276003,0.410402,0.374817,0.37761,0.421875,0.443356,0.36807,0.445146,0.435816,0.432571
1256,0.30118,0.276003,0.410402,0.374817,0.37761,0.419622,0.443356,0.36807,0.445146,0.435816,0.432571
1257,0.30118,0.276003,0.404805,0.374817,0.37761,0.419622,0.443356,0.36807,0.445146,0.435816,0.432571
1258,0.30118,0.276003,0.404805,0.374817,0.37761,0.419622,0.440361,0.36807,0.445146,0.435816,0.432571
1259,0.30118,0.276003,0.404805,0.374817,0.37761,0.419622,0.440361,0.36807,0.444744,0.435816,0.432571
1260,0.30118,0.276003,0.404805,0.374817,0.37761,0.419622,0.440361,0.36807,0.444744,0.433195,0.432571
1261,0.30118,0.276003,0.404805,0.374817,0.37761,0.419622,0.440361,0.369849,0.444744,0.433195,0.432571
1262,0.30118,0.276003,0.404805,0.374817,0.377093,0.419622,0.440361,0.369849,0.444744,0.433195,0.432571
1263,0.30118,0.276003,0.404805,0.374817,0.377093,0.419622,0.440361,0.366855,0.444744,0.433195,0.432571
1264,0.30118,0.276003,0.404805,0.374817,0.377093,0.419622,0.440361,0.366855,0.445491,0.433195,0.432571
1265,0.30118,0.276003,0.404805,0.374817,0.377093,0.419622,0.440361,0.366855,0.442834,0.433195,0.432571
1266,0.298133,0.276003,0.404805,0.374817,0.377093,0.419622,0.440361,0.366855,0.442834,0.433195,0.432571
1267,0.298133,0.276003,0.404805,0.379059,0.377093,0.419622,0.440361,0.366855,0.442834,0.433195,0.432571
1268,0.298133,0.276003,0.404805,0.383549,0.377093,0.419622,0.440361,0.366855,0.442834,0.433195,0.432571
1269,0.298133,0.276003,0.404805,0.382547,0.377093,0.419622,0.440361,0.366855,0.442834,0.433195,0.432571
1270,0.298133,0.276003,0.404805,0.379452,0.377093,0.419622,0.440361,0.366855,0.442834,0.433195,0.432571
1271,0.298133,0.276003,0.404805,0.379452,0.377093,0.415708,0.440361,0.366855,0.442834,0.433195,0.432571
1272,0.298133,0.29664,0.404805,0.379452,0.377093,0.415708,0.440361,0.366855,0.442834,0.433195,0.432571
1273,0.298133,0.292122,0.404805,0.379452,0.377093,0.415708,0.440361,0.366855,0.442834,0.433195,0.432571
1274,0.298133,0.298099,0.404805,0.379452,0.377093,0.415708,0.440361,0.366855,0.442834,0.433195,0.432571
1275,0.298133,0.300743,0.404805,0.379452,0.377093,0.415708,0.440361,0.366855,0.442834,0.433195,0.432571
1276,0.298133,0.321345,0.404805,0.379452,0.377093,0.415708,0.440361,0.366855,0.442834,0.433195,0.432571
1277,0.298133,0.318038,0.404805,0.379452,0.377093,0.415708,0.440361,0.366855,0.442834,0.433195,0.432571
1278,0.298133,0.315143,0.404805,0.379452,0.377093,0.415708,0.440361,0.366855,0.442834,0.433195,0.432571
1279,0.298133,0.315877,0.404805,0.379452,0.377093,0.415708,0.440361,0.366855,0.442834,0.433195,0.432571
1280,0.298133,0.328063,0.404805,0.379452,0.377093,0.415708,0.440361,0.366855,0.442834,0.433195,0.432571
1281,0.298133,0.324548,0.404805,0.379452,0.377093,0.415708,0.440361,0.366855,0.442834,0.433195,0.432571
1282,0.298133,0.322314,0.404805,0.379452,0.377093,0.415708,0.440361,0.366855,0.442834,0.433195,0.432571
1283,0.298133,0.323258,0.404805,0.379452,0.377093,0.415708,0.440361,0.366855,0.442834,0.433195,0.432571
1284,0.298133,0.319993,0.404805,0.379452,0.377093,0.415708,0.440361,0.366855,0.442834,0.433195,0.432571
1285,0.298133,0.316998,0.404805,0.379452,0.377093,0.415708,0.440361,0.366855,0.442834,0.433195,0.432571
1286,0.298133,0.316998,0.404805,0.379452,0.377093,0.415708,0.440361,0.366855,0.442834,0.433195,0.432521
1287,0.298133,0.316998,0.404805,0.379452,0.378732,0.415708,0.440361,0.366855,0.442834,0.433195,0.432521
1288,0.298133,0.316998,0.404805,0.379452,0.380167,0.415708,0.440361,0.366855,0.442834,0.433195,0.432521
1289,0.298133,0.316998,0.404805,0.379452,0.380167,0.415708,0.438017,0.366855,0.442834,0.433195,0.432521
1290,0.298133,0.316998,0.404805,0.379452,0.378356,0.415708,0.438017,0.366855,0.442834,0.433195,0.432521
1291,0.298133,0.316998,0.404805,0.379452,0.378356,0.415708,0.438017,0.366855,0.442834,0.433195,0.430899
1292,0.298133,0.316998,0.404805,0.379452,0.378356,0.415708,0.438017,0.366855,0.442834,0.431806,0.430899
1293,0.298133,0.316998,0.404805,0.381611,0.378356,0.415708,0.438017,0.366855,0.442834,0.431806,0.430899
1294,0.298133,0.316998,0.404805,0.378011,0.378356,0.415708,0.438017,0.366855,0.442834,0.431806,0.430899
1295,0.298133,0.316998,0.404805,0.378011,0.378356,0.415708,0.438017,0.366855,0.442182,0.431806,0.430899
1296,0.298133,0.316998,0.404805,0.378011,0.378356,0.415708,0.438017,0.36622,0.442182,0.431806,0.430899
1297,0.298133,0.316998,0.402546,0.378011,0.378356,0.415708,0.438017,0.36622,0.442182,0.431806,0.430899
1298,0.298133,0.316998,0.402546,0.378011,0.378356,0.415708,0.438017,0.36622,0.442182,0.431806,0.432229
1299,0.298133,0.316998,0.402546,0.378011,0.378356,0.415708,0.438017,0.36622,0.442182,0.431806,0.431631
1300,0.298133,0.312954,0.402546,0.378011,0.378356,0.415708,0.438017,0.36622,0.442182,0.431806,0.431631
1301,0.298133,0.312954,0.402546,0.378011,0.378356,0.415708,0.438017,0.36622,0.442182,0.43492,0.431631
1302,0.298133,0.312954,0.402546,0.378011,0.378356,0.415708,0.438017,0.36622,0.442182,0.436977,0.431631
1303,0.298133,0.312954,0.402546,0.378011,0.378356,0.415708,0.438017,0.36622,0.442182,0.439724,0.431631
1304,0.298133,0.312954,0.402546,0.378011,0.378356,0.415708,0.438017,0.36622,0.442182,0.445833,0.431631
1305,0.298133,0.312954,0.402546,0.378011,0.378356,0.415708,0.438017,0.36622,0.442182,0.449156,0.431631
1306,0.298133,0.312954,0.402546,0.378011,0.378356,0.415708,0.438017,0.36622,0.442182,0.455251,0.431631
1307,0.298133,0.312954,0.402546,0.378011,0.378356,0.415708,0.438017,0.36622,0.442182,0.453638,0.431631
1308,0.298133,0.312954,0.402546,0.378011,0.378356,0.415708,0.438017,0.36622,0.442182,0.451833,0.431631
1309,0.298133,0.312954,0.402546,0.378011,0.378356,0.415708,0.438017,0.36622,0.442182,0.449553,0.431631
1310,0.298133,0.312954,0.402546,0.378011,0.378356,0.415708,0.438017,0.36622,0.442182,0.446615,0.431631
1311,0.298133,0.312954,0.402546,0.378011,0.378356,0.415708,0.438017,0.36622,0.442182,0.446319,0.431631
1312,0.298133,0.312954,0.402546,0.378011,0.378356,0.415708,0.438017,0.36622,0.442182,0.450945,0.431631
1313,0.298133,0.312954,0.402546,0.378011,0.378356,0.415708,0.438017,0.36622,0.442182,0.448156,0.431631
1314,0.298133,0.312954,0.402546,0.378011,0.378356,0.415708,0.438017,0.36622,0.442182,0.445301,0.431631
1315,0.298133,0.312954,0.402546,0.378011,0.378356,0.415708,0.438017,0.36622,0.438933,0.445301,0.431631
1316,0.298133,0.312954,0.402546,0.378011,0.378356,0.415708,0.435097,0.36622,0.438933,0.445301,0.431631
1317,0.298133,0.312954,0.402546,0.378011,0.375886,0.415708,0.435097,0.36622,0.438933,0.445301,0.431631
1318,0.298133,0.312954,0.402546,0.378011,0.375886,0.419801,0.435097,0.36622,0.438933,0.445301,0.431631
1319,0.298133,0.312954,0.402546,0.378011,0.375886,0.418913,0.435097,0.36622,0.438933,0.445301,0.431631
1320,0.298133,0.312954,0.402546,0.378011,0.375886,0.416681,0.435097,0.36622,0.438933,0.445301,0.431631
1321,0.29607,0.312954,0.402546,0.378011,0.375886,0.416681,0.435097,0.36622,0.438933,0.445301,0.431631
1322,0.29607,0.312954,0.402546,0.378011,0.375886,0.416681,0.435097,0.36622,0.438933,0.448766,0.431631
1323,0.29607,0.312954,0.402546,0.378011,0.375886,0.416681,0.435097,0.36622,0.438933,0.445944,0.431631
1324,0.29607,0.312954,0.402546,0.378011,0.375886,0.416681,0.435097,0.36622,0.438933,0.445944,0.432728
1325,0.29607,0.312954,0.402546,0.378011,0.375886,0.416681,0.435097,0.36622,0.438933,0.445944,0.429801
1326,0.29607,0.312954,0.402546,0.378011,0.375886,0.416681,0.435097,0.365697,0.438933,0.445944,0.429801
1327,0.29607,0.312954,0.402546,0.378011,0.375886,0.416681,0.435097,0.365697,0.438933,0.447895,0.429801
1328,0.29607,0.312954,0.402546,0.378011,0.375886,0.416681,0.435097,0.365697,0.438933,0.44379,0.429801
1329,0.29607,0.312954,0.402546,0.380469,0.375886,0.416681,0.435097,0.365697,0.438933,0.44379,0.429801
1330,0.29607,0.312954,0.402546,0.381573,0.375886,0.416681,0.435097,0.365697,0.438933,0.44379,0.429801
1331,0.29607,0.312954,0.402546,0.384422,0.375886,0.416681,0.435097,0.365697,0.438933,0.44379,0.429801
1332,0.29607,0.312954,0.402546,0.376378,0.375886,0.416681,0.435097,0.365697,0.438933,0.44379,0.429801
1333,0.29607,0.312954,0.406548,0.376378,0.375886,0.416681,0.435097,0.365697,0.438933,0.44379,0.429801
1334,0.29607,0.312954,0.405481,0.376378,0.375886,0.416681,0.435097,0.365697,0.438933,0.44379,0.429801
1335,0.29607,0.312954,0.411456,0.376378,0.375886,0.416681,0.435097,0.365697,0.438933,0.44379,0.429801
1336,0.29607,0.312954,0.40819,0.376378,0.375886,0.416681,0.435097,0.365697,0.438933,0.44379,0.429801
1337,0.29607,0.312954,0.40554,0.376378,0.375886,0.416681,0.435097,0.365697,0.438933,0.44379,0.429801
1338,0.29607,0.312954,0.40554,0.376378,0.375886,0.420659,0.435097,0.365697,0.438933,0.44379,0.429801
1339,0.29607,0.312954,0.40554,0.376378,0.375886,0.423523,0.435097,0.365697,0.438933,0.44379,0.429801
1340,0.29607,0.312954,0.40554,0.376378,0.375886,0.428437,0.435097,0.365697,0.438933,0.44379,0.429801
1341,0.29607,0.312954,0.40554,0.376378,0.375886,0.425309,0.435097,0.365697,0.438933,0.44379,0.429801
1342,0.29607,0.312954,0.40554,0.376378,0.375886,0.423521,0.435097,0.365697,0.438933,0.44379,0.429801
1343,0.29607,0.312954,0.40554,0.376378,0.375886,0.41986,0.435097,0.365697,0.438933,0.44379,0.429801
1344,0.29607,0.312954,0.40554,0.376378,0.375886,0.41986,0.435097,0.366738,0.438933,0.44379,0.429801
1345,0.29607,0.312954,0.40554,0.376378,0.375886,0.41986,0.437303,0.366738,0.438933,0.44379,0.429801
1346,0.29607,0.312954,0.40554,0.376378,0.375886,0.41986,0.44112,0.366738,0.438933,0.44379,0.429801
1347,0.29607,0.312954,0.40554,0.376378,0.375886,0.41986,0.438476,0.366738,0.438933,0.44379,0.429801
1348,0.29607,0.312954,0.40554,0.376378,0.375886,0.41986,0.441361,0.366738,0.438933,0.44379,0.429801
1349,0.29607,0.312954,0.40554,0.376378,0.375886,0.41986,0.44183,0.366738,0.438933,0.44379,0.429801
1350,0.29607,0.312954,0.40554,0.376378,0.375886,0.41986,0.441821,0.366738,0.438933,0.44379,0.429801
1351,0.29607,0.312954,0.40554,0.376378,0.375886,0.41986,0.439007,0.366738,0.438933,0.44379,0.429801
1352,0.29607,0.312954,0.40554,0.376378,0.375886,0.41986,0.439007,0.366738,0.440062,0.44379,0.429801
1353,0.29607,0.312954,0.40554,0.376378,0.375886,0.41986,0.439007,0.366738,0.437241,0.44379,0.429801
1354,0.29607,0.312954,0.40554,0.376378,0.372914,0.41986,0.439007,0.366738,0.437241,0.44379,0.429801
1355,0.29607,0.312954,0.40554,0.376378,0.372914,0.41986,0.439007,0.367634,0.437241,0.44379,0.429801
1356,0.29607,0.312954,0.40554,0.376378,0.372914,0.41986,0.439007,0.367634,0.437241,0.44379,0.424593
1357,0.29607,0.312954,0.40554,0.376378,0.372914,0.41986,0.439007,0.370593,0.437241,0.44379,0.424593
1358,0.29607,0.312954,0.40554,0.376378,0.372914,0.41986,0.439007,0.372198,0.437241,0.44379,0.424593
1359,0.29607,0.312954,0.40554,0.376378,0.372914,0.41986,0.439007,0.371242,0.437241,0.44379,0.424593
1360,0.292014,0.312954,0.40554,0.376378,0.372914,0.41986,0.439007,0.371242,0.437241,0.44379,0.424593
1361,0.292014,0.312954,0.40554,0.376378,0.372914,0.41986,0.439007,0.371242,0.437241,0.446961,0.424593
1362,0.292014,0.312954,0.40554,0.376378,0.372914,0.41986,0.439007,0.371242,0.437241,0.442664,0.424593
1363,0.292014,0.312364,0.40554,0.376378,0.372914,0.41986,0.439007,0.371242,0.437241,0.442664,0.424593
1364,0.292014,0.312364,0.407149,0.376378,0.372914,0.41986,0.439007,0.371242,0.437241,0.442664,0.424593
1365,0.292014,0.312364,0.403515,0.376378,0.372914,0.41986,0.439007,0.371242,0.437241,0.442664,0.424593
1366,0.292014,0.312364,0.403515,0.376378,0.372914,0.41986,0.441931,0.371242,0.437241,0.442664,0.424593
1367,0.292014,0.312364,0.403515,0.376378,0.372914,0.41986,0.439318,0.371242,0.437241,0.442664,0.424593
1368,0.292014,0.312364,0.403515,0.376378,0.372914,0.422954,0.439318,0.371242,0.437241,0.442664,0.424593
1369,0.292014,0.312364,0.403515,0.376378,0.372914,0.421675,0.439318,0.371242,0.437241,0.442664,0.424593
1370,0.292014,0.312364,0.403515,0.376378,0.372914,0.421675,0.439318,0.36774,0.437241,0.442664,0.424593
1371,0.292014,0.312364,0.403515,0.376378,0.372914,0.42362,0.439318,0.36774,0.437241,0.442664,0.424593
1372,0.292014,0.312364,0.403515,0.376378,0.372914,0.421817,0.439318,0.36774,0.437241,0.442664,0.424593
1373,0.292014,0.312364,0.403515,0.376378,0.372914,0.421817,0.439318,0.36774,0.434456,0.442664,0.424593
1374,0.292014,0.312364,0.403515,0.376378,0.372914,0.421817,0.439106,0.36774,0.434456,0.442664,0.424593
1375,0.292014,0.312364,0.403515,0.376378,0.372914,0.421817,0.439106,0.36774,0.434456,0.440343,0.424593
1376,0.292014,0.312364,0.403515,0.376378,0.364404,0.421817,0.439106,0.36774,0.434456,0.440343,0.424593
1377,0.292014,0.310054,0.403515,0.376378,0.364404,0.421817,0.439106,0.36774,0.434456,0.440343,0.424593
1378,0.292014,0.310054,0.403515,0.376378,0.364404,0.419371,0.439106,0.36774,0.434456,0.440343,0.424593
1379,0.292014,0.310054,0.403515,0.376378,0.364404,0.419371,0.440059,0.36774,0.434456,0.440343,0.424593
1380,0.292014,0.310054,0.403515,0.376378,0.364404,0.419371,0.440177,0.36774,0.434456,0.440343,0.424593
1381,0.292014,0.310054,0.403515,0.373166,0.364404,0.419371,0.440177,0.36774,0.434456,0.440343,0.424593
1382,0.292014,0.310054,0.403515,0.373166,0.364404,0.419371,0.441723,0.36774,0.434456,0.440343,0.424593
1383,0.292014,0.310054,0.403515,0.373166,0.364404,0.419371,0.441785,0.36774,0.434456,0.440343,0.424593
1384,0.292014,0.310054,0.403515,0.373166,0.364404,0.419371,0.438982,0.36774,0.434456,0.440343,0.424593
1385,0.292014,0.310054,0.402957,0.373166,0.364404,0.419371,0.438982,0.36774,0.434456,0.440343,0.424593
1386,0.292014,0.310054,0.402957,0.373166,0.364404,0.419371,0.438982,0.36774,0.434456,0.440343,0.422786
1387,0.292014,0.310054,0.402957,0.373166,0.364404,0.419371,0.438982,0.36774,0.434357,0.440343,0.422786
1388,0.292014,0.310054,0.402957,0.373166,0.364404,0.419371,0.438982,0.36774,0.434357,0.443901,0.422786
1389,0.292014,0.310054,0.402957,0.373166,0.364404,0.419371,0.438982,0.36774,0.434357,0.447307,0.422786
1390,0.292014,0.310054,0.402957,0.373166,0.364404,0.419371,0.438982,0.36774,0.434357,0.445754,0.422786
1391,0.292014,0.310054,0.402957,0.373166,0.364404,0.419371,0.438982,0.36774,0.434357,0.443101,0.422786
1392,0.288068,0.310054,0.402957,0.373166,0.364404,0.419371,0.438982,0.36774,0.434357,0.443101,0.422786
1393,0.288068,0.310054,0.402957,0.373166,0.364404,0.419371,0.438982,0.36958,0.434357,0.443101,0.422786
1394,0.288068,0.310054,0.402957,0.373166,0.364404,0.419371,0.438982,0.369508,0.434357,0.443101,0.422786
1395,0.288068,0.310054,0.402957,0.373166,0.364404,0.419371,0.438982,0.369508,0.431625,0.443101,0.422786
1396,0.288068,0.310054,0.408091,0.373166,0.364404,0.419371,0.438982,0.369508,0.431625,0.443101,0.422786
1397,0.288068,0.310054,0.40433,0.373166,0.364404,0.419371,0.438982,0.369508,0.431625,0.443101,0.422786
1398,0.288068,0.310054,0.40433,0.373166,0.364404,0.419371,0.438982,0.369508,0.431625,0.442374,0.422786
1399,0.288068,0.310054,0.40433,0.373166,0.364404,0.416479,0.438982,0.369508,0.431625,0.442374,0.422786
1400,0.288068,0.310054,0.40433,0.373166,0.364404,0.416479,0.438982,0.366118,0.431625,0.442374,0.422786
1401,0.288068,0.310054,0.40433,0.373166,0.364404,0.416479,0.438982,0.366118,0.431625,0.442374,0.422038
1402,0.288068,0.310054,0.404277,0.373166,0.364404,0.416479,0.438982,0.366118,0.431625,0.442374,0.422038
1403,0.288068,0.319429,0.404277,0.373166,0.364404,0.416479,0.438982,0.366118,0.431625,0.442374,0.422038
1404,0.288068,0.315168,0.404277,0.373166,0.364404,0.416479,0.438982,0.366118,0.431625,0.442374,0.422038
1405,0.288068,0.311491,0.404277,0.373166,0.364404,0.416479,0.438982,0.366118,0.431625,0.442374,0.422038
1406,0.288068,0.311491,0.404277,0.373166,0.364404,0.416479,0.438206,0.366118,0.431625,0.442374,0.422038
1407,0.288068,0.311491,0.404277,0.373166,0.364404,0.416479,0.438206,0.366118,0.431625,0.441028,0.422038
1408,0.288068,0.311491,0.404277,0.369834,0.364404,0.416479,0.438206,0.366118,0.431625,0.441028,0.422038
1409,0.288068,0.311491,0.40126,0.369834,0.364404,0.416479,0.438206,0.366118,0.431625,0.441028,0.422038
1410,0.288068,0.311491,0.40126,0.369834,0.364404,0.416479,0.438206,0.366118,0.431625,0.441028,0.419224
1411,0.288068,0.311491,0.40126,0.369834,0.364404,0.416479,0.436766,0.366118,0.431625,0.441028,0.419224
1412,0.288068,0.311491,0.40126,0.369834,0.364404,0.416479,0.436766,0.366118,0.428928,0.441028,0.419224
1413,0.288068,0.311491,0.40126,0.369834,0.364404,0.416479,0.436766,0.366118,0.428928,0.439245,0.419224
1414,0.288068,0.311491,0.40126,0.369834,0.364404,0.418104,0.436766,0.366118,0.428928,0.439245,0.419224
1415,0.288068,0.311491,0.40126,0.369834,0.364404,0.426093,0.436766,0.366118,0.428928,0.439245,0.419224
1416,0.288068,0.311491,0.40126,0.369834,0.364404,0.430669,0.436766,0.366118,0.428928,0.439245,0.419224
1417,0.288068,0.311491,0.40126,0.369834,0.364404,0.435125,0.436766,0.366118,0.428928,0.439245,0.419224
1418,0.288068,0.311491,0.40126,0.369834,0.364404,0.43273,0.436766,0.366118,0.428928,0.439245,0.419224
1419,0.288068,0.311491,0.40126,0.369834,0.364404,0.430241,0.436766,0.366118,0.428928,0.439245,0.419224
1420,0.288068,0.311491,0.40126,0.369834,0.364404,0.432211,0.436766,0.366118,0.428928,0.439245,0.419224
1421,0.288068,0.311491,0.40126,0.369834,0.364404,0.431969,0.436766,0.366118,0.428928,0.439245,0.419224
1422,0.288068,0.311491,0.40126,0.369834,0.364404,0.429164,0.436766,0.366118,0.428928,0.439245,0.419224
1423,0.288068,0.311491,0.40126,0.369834,0.364404,0.429955,0.436766,0.366118,0.428928,0.439245,0.419224
1424,0.288068,0.311491,0.40126,0.369834,0.364404,0.431126,0.436766,0.366118,0.428928,0.439245,0.419224
1425,0.288068,0.311491,0.40126,0.369834,0.364404,0.42838,0.436766,0.366118,0.428928,0.439245,0.419224
1426,0.288068,0.311491,0.40126,0.369834,0.364404,0.427101,0.436766,0.366118,0.428928,0.439245,0.419224
1427,0.288068,0.311491,0.40126,0.369834,0.364404,0.427101,0.43379,0.366118,0.428928,0.439245,0.419224
1428,0.288068,0.311491,0.40126,0.369834,0.364404,0.427101,0.43379,0.366916,0.428928,0.439245,0.419224
1429,0.288068,0.311491,0.40126,0.369834,0.366132,0.427101,0.43379,0.366916,0.428928,0.439245,0.419224
1430,0.288068,0.311491,0.40126,0.369834,0.361207,0.427101,0.43379,0.366916,0.428928,0.439245,0.419224
1431,0.296938,0.311491,0.40126,0.369834,0.361207,0.427101,0.43379,0.366916,0.428928,0.439245,0.419224
1432,0.293031,0.311491,0.40126,0.369834,0.361207,0.427101,0.43379,0.366916,0.428928,0.439245,0.419224
1433,0.293031,0.311491,0.40126,0.369834,0.361207,0.427101,0.43379,0.366916,0.428928,0.438313,0.419224
1434,0.293031,0.311491,0.402358,0.369834,0.361207,0.427101,0.43379,0.366916,0.428928,0.438313,0.419224
1435,0.293031,0.311491,0.402358,0.369834,0.361207,0.427101,0.43379,0.366916,0.428928,0.438313,0.417303
1436,0.293031,0.311491,0.399399,0.369834,0.361207,0.427101,0.43379,0.366916,0.428928,0.438313,0.417303
1437,0.293031,0.311491,0.399399,0.369834,0.361207,0.427101,0.43379,0.36361,0.428928,0.438313,0.417303
1438,0.293031,0.311491,0.399399,0.369834,0.361207,0.425768,0.43379,0.36361,0.428928,0.438313,0.417303
1439,0.291203,0.311491,0.399399,0.369834,0.361207,0.425768,0.43379,0.36361,0.428928,0.438313,0.417303
1440,0.291203,0.311491,0.399399,0.369834,0.361207,0.425768,0.43379,0.36361,0.426915,0.438313,0.417303
1441,0.291203,0.311491,0.399399,0.370218,0.361207,0.425768,0.43379,0.36361,0.426915,0.438313,0.417303
1442,0.291203,0.314326,0.399399,0.370218,0.361207,0.425768,0.43379,0.36361,0.426915,0.438313,0.417303
1443,0.291203,0.310628,0.399399,0.370218,0.361207,0.425768,0.43379,0.36361,0.426915,0.438313,0.417303
1444,0.291203,0.310628,0.399399,0.370218,0.361207,0.425768,0.43379,0.36361,0.426915,0.436954,0.417303
1445,0.291203,0.310628,0.399399,0.370984,0.361207,0.425768,0.43379,0.36361,0.426915,0.436954,0.417303
1446,0.291203,0.310628,0.399399,0.370984,0.361207,0.423285,0.43379,0.36361,0.426915,0.436954,0.417303
1447,0.291203,0.310628,0.399399,0.37609,0.361207,0.423285,0.43379,0.36361,0.426915,0.436954,0.417303
1448,0.291203,0.310628,0.399399,0.381437,0.361207,0.423285,0.43379,0.36361,0.426915,0.436954,0.417303
1449,0.291203,0.310628,0.399399,0.386802,0.361207,0.423285,0.43379,0.36361,0.426915,0.436954,0.417303
1450,0.291203,0.310628,0.399399,0.38578,0.361207,0.423285,0.43379,0.36361,0.426915,0.436954,0.417303
1451,0.291203,0.310628,0.399399,0.383574,0.361207,0.423285,0.43379,0.36361,0.426915,0.436954,0.417303
1452,0.291203,0.310628,0.399399,0.388377,0.361207,0.423285,0.43379,0.36361,0.426915,0.436954,0.417303
1453,0.291203,0.310628,0.399399,0.39622,0.361207,0.423285,0.43379,0.36361,0.426915,0.436954,0.417303
1454,0.291203,0.310628,0.399399,0.393019,0.361207,0.423285,0.43379,0.36361,0.426915,0.436954,0.417303
1455,0.291203,0.310628,0.399399,0.392282,0.361207,0.423285,0.43379,0.36361,0.426915,0.436954,0.417303
1456,0.291203,0.310628,0.399399,0.387894,0.361207,0.423285,0.43379,0.36361,0.426915,0.436954,0.417303
1457,0.291203,0.310628,0.399399,0.386704,0.361207,0.423285,0.43379,0.36361,0.426915,0.436954,0.417303
1458,0.291203,0.310628,0.399399,0.386704,0.361207,0.423285,0.433344,0.36361,0.426915,0.436954,0.417303
1459,0.291203,0.310628,0.399399,0.387739,0.361207,0.423285,0.433344,0.36361,0.426915,0.436954,0.417303
1460,0.291203,0.310628,0.399399,0.387739,0.361207,0.423285,0.433344,0.36361,0.426915,0.436954,0.421683
1461,0.291203,0.310628,0.399399,0.387739,0.361207,0.423285,0.433344,0.36361,0.426915,0.436954,0.424311
1462,0.291203,0.310628,0.399399,0.387739,0.361207,0.423285,0.433344,0.36361,0.426915,0.436954,0.426903
1463,0.291203,0.310628,0.399399,0.387739,0.361207,0.423285,0.433344,0.36361,0.426915,0.436954,0.424149
1464,0.291203,0.310628,0.399399,0.387739,0.361207,0.423285,0.433344,0.36361,0.426915,0.436954,0.428895
1465,0.291203,0.310628,0.399399,0.387739,0.361207,0.423285,0.433344,0.36361,0.426915,0.436954,0.429742
1466,0.291203,0.310628,0.399399,0.387739,0.361207,0.423285,0.433344,0.36361,0.426915,0.436954,0.427165
1467,0.291203,0.310628,0.399399,0.387739,0.361207,0.423285,0.433344,0.36361,0.426915,0.436954,0.427453
1468,0.291203,0.310628,0.399399,0.387739,0.361207,0.423285,0.433344,0.36361,0.426915,0.436954,0.425785
1469,0.291203,0.310628,0.399399,0.38435,0.361207,0.423285,0.433344,0.36361,0.426915,0.436954,0.425785
1470,0.291203,0.310628,0.399399,0.38435,0.361207,0.423285,0.433344,0.36361,0.427615,0.436954,0.425785
1471,0.291203,0.310628,0.399399,0.38435,0.361207,0.423285,0.433344,0.36361,0.427615,0.436954,0.432018
1472,0.291203,0.310628,0.399399,0.38435,0.361207,0.423285,0.433344,0.36361,0.427615,0.436954,0.438292
1473,0.291203,0.310628,0.399399,0.38435,0.361207,0.423285,0.433344,0.36361,0.427615,0.436954,0.436946
1474,0.291203,0.310628,0.399399,0.38435,0.361207,0.423285,0.433344,0.36361,0.427615,0.436954,0.434282
1475,0.291203,0.310628,0.399399,0.38435,0.361207,0.423285,0.433344,0.36361,0.427615,0.436954,0.43165
1476,0.291203,0.310628,0.399399,0.38435,0.361207,0.423285,0.433344,0.36361,0.427615,0.436954,0.432886
1477,0.291203,0.310628,0.399399,0.38435,0.361207,0.423285,0.433344,0.36361,0.427615,0.436954,0.433191
1478,0.291203,0.310628,0.399399,0.38435,0.361207,0.423285,0.433344,0.36361,0.427615,0.436954,0.430671
1479,0.291203,0.310628,0.399399,0.38435,0.361207,0.423285,0.433344,0.36361,0.425541,0.436954,0.430671
1480,0.291203,0.310628,0.399399,0.38435,0.361207,0.423285,0.433344,0.36361,0.425541,0.434778,0.430671
1481,0.291203,0.310628,0.399399,0.38435,0.361207,0.423285,0.434203,0.36361,0.425541,0.434778,0.430671
1482,0.291203,0.310628,0.399399,0.38435,0.361207,0.423285,0.439048,0.36361,0.425541,0.434778,0.430671
1483,0.291203,0.310628,0.399399,0.38435,0.361207,0.423285,0.438763,0.36361,0.425541,0.434778,0.430671
1484,0.291203,0.310628,0.399399,0.38435,0.361207,0.423285,0.440946,0.36361,0.425541,0.434778,0.430671
1485,0.291203,0.310628,0.399399,0.38435,0.361207,0.423285,0.440951,0.36361,0.425541,0.434778,0.430671
1486,0.291203,0.310628,0.399399,0.38435,0.361207,0.423285,0.442391,0.36361,0.425541,0.434778,0.430671
1487,0.291203,0.310628,0.399399,0.38435,0.361207,0.423285,0.446391,0.36361,0.425541,0.434778,0.430671
1488,0.291203,0.310628,0.399399,0.38435,0.361207,0.423285,0.444256,0.36361,0.425541,0.434778,0.430671
1489,0.291203,0.310628,0.399399,0.38435,0.361207,0.423285,0.444381,0.36361,0.425541,0.434778,0.430671
1490,0.291203,0.310628,0.399399,0.38435,0.361207,0.423285,0.442996,0.36361,0.425541,0.434778,0.430671
1491,0.291203,0.310628,0.399399,0.38435,0.361207,0.423285,0.440535,0.36361,0.425541,0.434778,0.430671
1492,0.291203,0.310628,0.396128,0.38435,0.361207,0.423285,0.440535,0.36361,0.425541,0.434778,0.430671
1493,0.287469,0.310628,0.396128,0.38435,0.361207,0.423285,0.440535,0.36361,0.425541,0.434778,0.430671
1494,0.287469,0.310628,0.396128,0.38435,0.361207,0.423285,0.440535,0.367937,0.425541,0.434778,0.430671
1495,0.287469,0.310628,0.396128,0.38435,0.361207,0.423285,0.440535,0.366454,0.425541,0.434778,0.430671
1496,0.287469,0.310628,0.396128,0.38435,0.361207,0.423285,0.440535,0.36566,0.425541,0.434778,0.430671
1497,0.287469,0.310628,0.396128,0.38435,0.361007,0.423285,0.440535,0.36566,0.425541,0.434778,0.430671
1498,0.287469,0.310628,0.396128,0.38435,0.361007,0.423285,0.440535,0.36566,0.425541,0.434778,0.432931
1499,0.287469,0.310628,0.396128,0.38435,0.361007,0.423285,0.440535,0.36566,0.425541,0.434778,0.431334
1500,0.287469,0.310628,0.396128,0.38435,0.361007,0.420906,0.440535,0.36566,0.425541,0.434778,0.431334
1501,0.287469,0.310628,0.396128,0.38435,0.361007,0.420906,0.439835,0.36566,0.425541,0.434778,0.431334
1502,0.287469,0.307555,0.396128,0.38435,0.361007,0.420906,0.439835,0.36566,0.425541,0.434778,0.431334
1503,0.287469,0.307555,0.396128,0.38435,0.361007,0.420906,0.439835,0.36566,0.426836,0.434778,0.431334
1504,0.287469,0.307555,0.396128,0.38435,0.361007,0.420906,0.439835,0.36566,0.427755,0.434778,0.431334
1505,0.287469,0.307555,0.396128,0.38435,0.361007,0.420906,0.439835,0.36566,0.425178,0.434778,0.431334
1506,0.287469,0.307555,0.396128,0.38435,0.361007,0.420906,0.439835,0.36566,0.425178,0.436567,0.431334
1507,0.287469,0.307555,0.396128,0.38435,0.361007,0.420906,0.439835,0.36566,0.425178,0.434709,0.431334
1508,0.287469,0.307555,0.396128,0.38435,0.361007,0.420906,0.439835,0.36566,0.425178,0.434709,0.432995
1509,0.287469,0.307555,0.396128,0.38435,0.361007,0.420906,0.439835,0.36566,0.425178,0.434709,0.433175
1510,0.287469,0.307555,0.396128,0.38435,0.361007,0.420906,0.439835,0.36566,0.425178,0.434709,0.430751
1511,0.287469,0.307555,0.396128,0.38435,0.361007,0.420906,0.439759,0.36566,0.425178,0.434709,0.430751
1512,0.287469,0.307555,0.396128,0.38435,0.358677,0.420906,0.439759,0.36566,0.425178,0.434709,0.430751
1513,0.287469,0.307555,0.396128,0.38435,0.358677,0.420906,0.439759,0.364268,0.425178,0.434709,0.430751
1514,0.287469,0.307555,0.396128,0.385678,0.358677,0.420906,0.439759,0.364268,0.425178,0.434709,0.430751
1515,0.287469,0.307555,0.396128,0.382688,0.358677,0.420906,0.439759,0.364268,0.425178,0.434709,0.430751
1516,0.287469,0.307555,0.396128,0.382688,0.358677,0.420906,0.442544,0.364268,0.425178,0.434709,0.430751
1517,0.287469,0.307555,0.396128,0.382688,0.358677,0.420906,0.439766,0.364268,0.425178,0.434709,0.430751
1518,0.287469,0.307555,0.396128,0.382688,0.358677,0.420906,0.439766,0.364268,0.425178,0.435112,0.430751
1519,0.287469,0.307555,0.397512,0.382688,0.358677,0.420906,0.439766,0.364268,0.425178,0.435112,0.430751
1520,0.287469,0.307555,0.398864,0.382688,0.358677,0.420906,0.439766,0.364268,0.425178,0.435112,0.430751
1521,0.287469,0.307555,0.396015,0.382688,0.358677,0.420906,0.439766,0.364268,0.425178,0.435112,0.430751
1522,0.287469,0.307555,0.396015,0.382688,0.358677,0.420906,0.439766,0.364268,0.425178,0.435351,0.430751
1523,0.287469,0.307555,0.396015,0.382688,0.358677,0.4195,0.439766,0.364268,0.425178,0.435351,0.430751
1524,0.287469,0.307555,0.396015,0.382688,0.358677,0.4195,0.439766,0.364268,0.425157,0.435351,0.430751
1525,0.287469,0.307555,0.396015,0.382688,0.358677,0.4195,0.439766,0.364268,0.425157,0.434075,0.430751
1526,0.287469,0.307555,0.396015,0.382688,0.358677,0.4195,0.438334,0.364268,0.425157,0.434075,0.430751
1527,0.287469,0.307555,0.396015,0.382688,0.358677,0.4195,0.438334,0.364268,0.425157,0.434075,0.432492
1528,0.287469,0.307555,0.396015,0.382688,0.358677,0.4195,0.438334,0.364268,0.425157,0.434075,0.430989
1529,0.287469,0.307555,0.396015,0.382688,0.358677,0.4195,0.438334,0.364268,0.42619,0.434075,0.430989
1530,0.287469,0.307555,0.396015,0.382688,0.358677,0.4195,0.438334,0.364268,0.42761,0.434075,0.430989
1531,0.287469,0.307555,0.396015,0.382688,0.358677,0.4195,0.438334,0.364268,0.428198,0.434075,0.430989
1532,0.287469,0.307555,0.396015,0.382688,0.358677,0.4195,0.438334,0.364268,0.429099,0.434075,0.430989
1533,0.287469,0.307555,0.396015,0.382688,0.358677,0.4195,0.438334,0.364268,0.427639,0.434075,0.430989
1534,0.287469,0.307555,0.396015,0.382688,0.358677,0.4195,0.438334,0.371698,0.427639,0.434075,0.430989
1535,0.287469,0.307555,0.396015,0.382688,0.358677,0.4195,0.438334,0.379191,0.427639,0.434075,0.430989
1536,0.287469,0.307555,0.396015,0.382688,0.358677,0.4195,0.438334,0.378219,0.427639,0.434075,0.430989
1537,0.287469,0.307555,0.396015,0.382688,0.358677,0.4195,0.438334,0.377731,0.427639,0.434075,0.430989
1538,0.287469,0.307555,0.396015,0.382688,0.358677,0.4195,0.438334,0.379799,0.427639,0.434075,0.430989
1539,0.287469,0.307555,0.396015,0.382688,0.358677,0.4195,0.438334,0.378286,0.427639,0.434075,0.430989
1540,0.287469,0.307555,0.396015,0.382688,0.358677,0.4195,0.438334,0.380776,0.427639,0.434075,0.430989
1541,0.287469,0.307555,0.396015,0.382688,0.358677,0.4195,0.438334,0.381812,0.427639,0.434075,0.430989
1542,0.287469,0.307555,0.396015,0.382688,0.358677,0.4195,0.438334,0.384213,0.427639,0.434075,0.430989
1543,0.287469,0.307555,0.396015,0.382688,0.358677,0.4195,0.438334,0.383996,0.427639,0.434075,0.430989
1544,0.287469,0.307555,0.396015,0.382688,0.358677,0.4195,0.438334,0.380948,0.427639,0.434075,0.430989
1545,0.287469,0.307555,0.396015,0.382688,0.358677,0.4195,0.438334,0.378546,0.427639,0.434075,0.430989
1546,0.283831,0.307555,0.396015,0.382688,0.358677,0.4195,0.438334,0.378546,0.427639,0.434075,0.430989
1547,0.283831,0.303309,0.396015,0.382688,0.358677,0.4195,0.438334,0.378546,0.427639,0.434075,0.430989
1548,0.283831,0.303309,0.396015,0.382688,0.360926,0.4195,0.438334,0.378546,0.427639,0.434075,0.430989
1549,0.283831,0.303309,0.396015,0.382688,0.358761,0.4195,0.438334,0.378546,0.427639,0.434075,0.430989
1550,0.283831,0.303309,0.396015,0.382688,0.358761,0.4195,0.438334,0.378546,0.427639,0.434075,0.434934
1551,0.283831,0.303309,0.396015,0.382688,0.358761,0.4195,0.438334,0.378546,0.427639,0.434075,0.438328
1552,0.283831,0.303309,0.396015,0.382688,0.358761,0.4195,0.438334,0.378546,0.427639,0.434075,0.440149
1553,0.283831,0.303309,0.396015,0.382688,0.358761,0.4195,0.438334,0.378546,0.427639,0.434075,0.43769
1554,0.283831,0.303309,0.396015,0.382688,0.358761,0.4195,0.438334,0.378546,0.427639,0.434075,0.436829
1555,0.283831,0.303309,0.396015,0.382688,0.358761,0.4195,0.438334,0.378546,0.427639,0.434075,0.438883
1556,0.283831,0.303309,0.396015,0.382688,0.358761,0.4195,0.438334,0.378546,0.427639,0.434075,0.437031
1557,0.283831,0.303309,0.396015,0.382688,0.358761,0.4195,0.438334,0.378546,0.427639,0.434075,0.438244
1558,0.283831,0.303309,0.396015,0.382688,0.358761,0.4195,0.438334,0.378546,0.427639,0.434075,0.438838
1559,0.283831,0.303309,0.396015,0.382688,0.358761,0.4195,0.438334,0.378546,0.427639,0.434075,0.438629
1560,0.283831,0.303309,0.396015,0.382688,0.358761,0.416927,0.438334,0.378546,0.427639,0.434075,0.438629
1561,0.283831,0.303309,0.396015,0.382688,0.358761,0.416927,0.438334,0.378546,0.427639,0.433306,0.438629
1562,0.283831,0.303309,0.396015,0.382688,0.358761,0.416927,0.438334,0.378546,0.427639,0.433306,0.436484
1563,0.283831,0.303309,0.396015,0.386909,0.358761,0.416927,0.438334,0.378546,0.427639,0.433306,0.436484
1564,0.283831,0.303309,0.396015,0.390407,0.358761,0.416927,0.438334,0.378546,0.427639,0.433306,0.436484
1565,0.283831,0.303309,0.396015,0.388779,0.358761,0.416927,0.438334,0.378546,0.427639,0.433306,0.436484
1566,0.283831,0.303309,0.396015,0.38909,0.358761,0.416927,0.438334,0.378546,0.427639,0.433306,0.436484
1567,0.283831,0.303309,0.396015,0.391499,0.358761,0.416927,0.438334,0.378546,0.427639,0.433306,0.436484
1568,0.283831,0.303309,0.396015,0.386211,0.358761,0.416927,0.438334,0.378546,0.427639,0.433306,0.436484
1569,0.283831,0.303309,0.396015,0.386211,0.358761,0.416927,0.435267,0.378546,0.427639,0.433306,0.436484
1570,0.283831,0.303309,0.393206,0.386211,0.358761,0.416927,0.435267,0.378546,0.427639,0.433306,0.436484
1571,0.283831,0.303309,0.393206,0.386211,0.358761,0.416927,0.435267,0.378546,0.4255,0.433306,0.436484
1572,0.283831,0.303309,0.393206,0.386211,0.358761,0.416927,0.435267,0.378546,0.4255,0.433394,0.436484
1573,0.283831,0.303309,0.393206,0.386211,0.358761,0.416927,0.435267,0.381867,0.4255,0.433394,0.436484
1574,0.283831,0.303309,0.393206,0.386211,0.358761,0.416927,0.435267,0.384007,0.4255,0.433394,0.436484
1575,0.283831,0.303309,0.393206,0.386211,0.358761,0.416927,0.435267,0.392402,0.4255,0.433394,0.436484
1576,0.283831,0.303309,0.393206,0.386211,0.358761,0.416927,0.435267,0.392727,0.4255,0.433394,0.436484
1577,0.283831,0.303309,0.393206,0.386211,0.358761,0.416927,0.435267,0.389799,0.4255,0.433394,0.436484
1578,0.283831,0.303309,0.393206,0.386211,0.358761,0.416927,0.435267,0.392477,0.4255,0.433394,0.436484
1579,0.283831,0.303309,0.393206,0.386211,0.358761,0.416927,0.435267,0.389548,0.4255,0.433394,0.436484
1580,0.283831,0.303309,0.393206,0.386211,0.358761,0.416927,0.435267,0.386662,0.4255,0.433394,0.436484
1581,0.283831,0.303309,0.393206,0.386211,0.358761,0.416927,0.435267,0.386662,0.4255,0.436296,0.436484
1582,0.283831,0.303309,0.393206,0.386211,0.358761,0.416927,0.435267,0.386662,0.4255,0.439393,0.436484
1583,0.283831,0.303309,0.393206,0.386211,0.358761,0.416927,0.435267,0.386662,0.4255,0.4414,0.436484
1584,0.283831,0.303309,0.393206,0.386211,0.358761,0.416927,0.435267,0.386662,0.4255,0.443444,0.436484
1585,0.283831,0.303309,0.393206,0.386211,0.358761,0.416927,0.435267,0.386662,0.4255,0.444578,0.436484
1586,0.283831,0.303309,0.393206,0.386211,0.358761,0.416927,0.435267,0.386662,0.4255,0.445063,0.436484
1587,0.283831,0.303309,0.393206,0.386211,0.358761,0.416927,0.435267,0.386662,0.4255,0.444568,0.436484
1588,0.283831,0.303309,0.393206,0.386211,0.358761,0.416927,0.435267,0.386662,0.4255,0.442215,0.436484
1589,0.283831,0.303309,0.393206,0.386211,0.358761,0.416927,0.435267,0.386662,0.4255,0.442795,0.436484
1590,0.283831,0.303309,0.393206,0.386211,0.358761,0.416927,0.435267,0.386662,0.4255,0.440702,0.436484
1591,0.283831,0.303309,0.393206,0.386211,0.358761,0.416927,0.435267,0.386662,0.4255,0.443042,0.436484
1592,0.283831,0.303309,0.393206,0.386211,0.358761,0.416927,0.435267,0.386662,0.4255,0.441998,0.436484
1593,0.283831,0.303309,0.393206,0.386211,0.355155,0.416927,0.435267,0.386662,0.4255,0.441998,0.436484
1594,0.283831,0.303309,0.393206,0.386211,0.355155,0.416927,0.435267,0.386662,0.4255,0.443986,0.436484
1595,0.283831,0.303309,0.393206,0.386211,0.355155,0.416927,0.435267,0.386662,0.4255,0.446184,0.436484
1596,0.283831,0.303309,0.393206,0.386211,0.355155,0.416927,0.435267,0.386662,0.4255,0.447359,0.436484
1597,0.283831,0.303309,0.393206,0.386211,0.355155,0.416927,0.435267,0.386662,0.4255,0.445429,0.436484
1598,0.283831,0.303309,0.393206,0.386211,0.355155,0.416927,0.435267,0.386662,0.4255,0.448179,0.436484
1599,0.283831,0.303309,0.393206,0.386211,0.355155,0.416927,0.435267,0.386662,0.4255,0.445927,0.436484
1600,0.283831,0.303309,0.393206,0.386211,0.355155,0.416927,0.435267,0.386662,0.4255,0.445979,0.436484
1601,0.283831,0.303309,0.393206,0.386211,0.355155,0.416927,0.435267,0.386662,0.4255,0.445979,0.434333
1602,0.283831,0.303309,0.393206,0.386211,0.355155,0.415141,0.435267,0.386662,0.4255,0.445979,0.434333
1603,0.283831,0.303309,0.393206,0.386211,0.355155,0.415141,0.435267,0.386662,0.4255,0.448228,0.434333
1604,0.283831,0.303309,0.393206,0.386211,0.355155,0.415141,0.435267,0.386662,0.4255,0.448219,0.434333
1605,0.283831,0.303309,0.393206,0.386211,0.355155,0.415141,0.435267,0.386662,0.4255,0.446277,0.434333
1606,0.283831,0.303309,0.393206,0.386211,0.355155,0.415141,0.435267,0.386662,0.429889,0.446277,0.434333
1607,0.283831,0.303309,0.393206,0.386211,0.355155,0.415141,0.435267,0.386662,0.428559,0.446277,0.434333
1608,0.283831,0.303309,0.393206,0.386211,0.355155,0.415141,0.435267,0.386662,0.431293,0.446277,0.434333
1609,0.283831,0.303309,0.393206,0.386211,0.355155,0.415141,0.435267,0.386662,0.432418,0.446277,0.434333
1610,0.283831,0.303309,0.393206,0.386211,0.355155,0.415141,0.435267,0.386662,0.430204,0.446277,0.434333
1611,0.283831,0.303309,0.393206,0.386211,0.355155,0.415141,0.435267,0.386662,0.431765,0.446277,0.434333
1612,0.283831,0.303309,0.393206,0.386211,0.355155,0.415141,0.435267,0.386662,0.439544,0.446277,0.434333
1613,0.283831,0.303309,0.393206,0.386211,0.355155,0.415141,0.435267,0.386662,0.440024,0.446277,0.434333
1614,0.283831,0.303309,0.393206,0.386211,0.355155,0.415141,0.435267,0.386662,0.439769,0.446277,0.434333
1615,0.283831,0.303309,0.393206,0.386211,0.355155,0.415141,0.435267,0.386662,0.437366,0.446277,0.434333
1616,0.283831,0.303309,0.393206,0.386211,0.355155,0.415141,0.435267,0.386662,0.434989,0.446277,0.434333
1617,0.283831,0.303309,0.393206,0.386211,0.355155,0.415141,0.435267,0.386662,0.432638,0.446277,0.434333
1618,0.283831,0.303309,0.393206,0.386211,0.355155,0.415141,0.435267,0.383819,0.432638,0.446277,0.434333
1619,0.283831,0.303309,0.393206,0.386211,0.355155,0.415141,0.43562,0.383819,0.432638,0.446277,0.434333
1620,0.283831,0.303309,0.393206,0.383371,0.355155,0.415141,0.43562,0.383819,0.432638,0.446277,0.434333
1621,0.283831,0.303309,0.392478,0.383371,0.355155,0.415141,0.43562,0.383819,0.432638,0.446277,0.434333
1622,0.283831,0.303309,0.392478,0.383371,0.355155,0.415141,0.432973,0.383819,0.432638,0.446277,0.434333
1623,0.283258,0.303309,0.392478,0.383371,0.355155,0.415141,0.432973,0.383819,0.432638,0.446277,0.434333
1624,0.283258,0.303309,0.392478,0.383371,0.355155,0.415141,0.432973,0.383819,0.432638,0.444613,0.434333
1625,0.283258,0.301157,0.392478,0.383371,0.355155,0.415141,0.432973,0.383819,0.432638,0.444613,0.434333
1626,0.283258,0.301157,0.392478,0.383371,0.355155,0.415141,0.432973,0.383819,0.432638,0.444613,0.433032
1627,0.283258,0.301157,0.392478,0.383371,0.355155,0.412625,0.432973,0.383819,0.432638,0.444613,0.433032
1628,0.283258,0.301157,0.392478,0.383371,0.355155,0.412625,0.432973,0.383819,0.431965,0.444613,0.433032
1629,0.283258,0.301157,0.391576,0.383371,0.355155,0.412625,0.432973,0.383819,0.431965,0.444613,0.433032
1630,0.283258,0.301157,0.391576,0.383371,0.355155,0.412625,0.432973,0.383819,0.429839,0.444613,0.433032
1631,0.283258,0.301157,0.391576,0.383371,0.355155,0.412625,0.432973,0.383819,0.429839,0.443077,0.433032
1632,0.283258,0.301157,0.391576,0.383371,0.354731,0.412625,0.432973,0.383819,0.429839,0.443077,0.433032
1633,0.283258,0.301157,0.391576,0.383371,0.354731,0.412625,0.432973,0.380951,0.429839,0.443077,0.433032
1634,0.283258,0.301157,0.391576,0.383371,0.354731,0.412625,0.432973,0.380951,0.429839,0.443077,0.433093
1635,0.283258,0.301157,0.391576,0.383371,0.354731,0.412625,0.430777,0.380951,0.429839,0.443077,0.433093
1636,0.280251,0.301157,0.391576,0.383371,0.354731,0.412625,0.430777,0.380951,0.429839,0.443077,0.433093
1637,0.280251,0.301157,0.390654,0.383371,0.354731,0.412625,0.430777,0.380951,0.429839,0.443077,0.433093
1638,0.280251,0.301157,0.390654,0.385064,0.354731,0.412625,0.430777,0.380951,0.429839,0.443077,0.433093
1639,0.280251,0.301157,0.390654,0.382273,0.354731,0.412625,0.430777,0.380951,0.429839,0.443077,0.433093
1640,0.280251,0.301157,0.390654,0.382273,0.354731,0.412625,0.430777,0.380951,0.429839,0.443077,0.434082
1641,0.280251,0.301157,0.390654,0.382273,0.354731,0.412625,0.430777,0.380951,0.429839,0.443077,0.43181
1642,0.280251,0.301157,0.390654,0.382273,0.354731,0.411027,0.430777,0.380951,0.429839,0.443077,0.43181
1643,0.280251,0.301157,0.390654,0.382273,0.355206,0.411027,0.430777,0.380951,0.429839,0.443077,0.43181
1644,0.280251,0.301157,0.390654,0.382273,0.355206,0.411027,0.430777,0.380951,0.429839,0.441097,0.43181
1645,0.280251,0.300146,0.390654,0.382273,0.355206,0.411027,0.430777,0.380951,0.429839,0.441097,0.43181
1646,0.280251,0.300146,0.38971,0.382273,0.355206,0.411027,0.430777,0.380951,0.429839,0.441097,0.43181
1647,0.280251,0.300146,0.38971,0.382273,0.355206,0.411027,0.430777,0.380951,0.428374,0.441097,0.43181
1648,0.280251,0.300146,0.38971,0.382273,0.358951,0.411027,0.430777,0.380951,0.428374,0.441097,0.43181
1649,0.280251,0.300146,0.38971,0.382273,0.355934,0.411027,0.430777,0.380951,0.428374,0.441097,0.43181
1650,0.280251,0.300146,0.38971,0.382273,0.355934,0.411027,0.430543,0.380951,0.428374,0.441097,0.43181
1651,0.280251,0.300146,0.38971,0.382273,0.355934,0.411027,0.430543,0.380951,0.428374,0.441097,0.43414
1652,0.280251,0.300146,0.38971,0.382273,0.355934,0.411027,0.430543,0.380951,0.428374,0.441097,0.433973
1653,0.280251,0.300146,0.38971,0.382273,0.355934,0.411027,0.430543,0.380951,0.428374,0.441097,0.429018
1654,0.280251,0.300146,0.38971,0.382802,0.355934,0.411027,0.430543,0.380951,0.428374,0.441097,0.429018
1655,0.280251,0.300146,0.38971,0.382802,0.355934,0.411027,0.430543,0.381725,0.428374,0.441097,0.429018
1656,0.280251,0.300146,0.38971,0.382802,0.355934,0.411027,0.429349,0.381725,0.428374,0.441097,0.429018
1657,0.280251,0.300146,0.38971,0.382802,0.355934,0.409047,0.429349,0.381725,0.428374,0.441097,0.429018
1658,0.280251,0.300146,0.38971,0.382802,0.355934,0.409047,0.429349,0.381134,0.428374,0.441097,0.429018
1659,0.280251,0.300146,0.387041,0.382802,0.355934,0.409047,0.429349,0.381134,0.428374,0.441097,0.429018
1660,0.280251,0.300146,0.387041,0.38761,0.355934,0.409047,0.429349,0.381134,0.428374,0.441097,0.429018
1661,0.280251,0.300146,0.387041,0.386223,0.355934,0.409047,0.429349,0.381134,0.428374,0.441097,0.429018
1662,0.280251,0.300146,0.387041,0.385669,0.355934,0.409047,0.429349,0.381134,0.428374,0.441097,0.429018
1663,0.280251,0.300146,0.387041,0.385669,0.355934,0.409047,0.429349,0.381134,0.428374,0.438966,0.429018
1664,0.280251,0.300146,0.387041,0.385669,0.355934,0.409047,0.429349,0.381134,0.428744,0.438966,0.429018
1665,0.280251,0.300146,0.387041,0.385669,0.352968,0.409047,0.429349,0.381134,0.428744,0.438966,0.429018
1666,0.280251,0.300146,0.387041,0.385669,0.352968,0.409047,0.429349,0.381134,0.430052,0.438966,0.429018
1667,0.280251,0.300146,0.387041,0.385669,0.352968,0.409047,0.429349,0.381134,0.435628,0.438966,0.429018
1668,0.280251,0.300146,0.387041,0.385669,0.352968,0.409047,0.429349,0.381134,0.435299,0.438966,0.429018
1669,0.280251,0.300146,0.387041,0.385669,0.352968,0.409047,0.429349,0.381134,0.433044,0.438966,0.429018
1670,0.280251,0.300146,0.387041,0.385669,0.352968,0.409047,0.429349,0.381134,0.432517,0.438966,0.429018
1671,0.280251,0.300146,0.387041,0.385669,0.352968,0.409047,0.429349,0.381134,0.435043,0.438966,0.429018
1672,0.280251,0.300146,0.387041,0.385669,0.352968,0.409047,0.429349,0.381134,0.432824,0.438966,0.429018
1673,0.280251,0.300146,0.387041,0.38721,0.352968,0.409047,0.429349,0.381134,0.432824,0.438966,0.429018
1674,0.280251,0.300146,0.387041,0.389568,0.352968,0.409047,0.429349,0.381134,0.432824,0.438966,0.429018
1675,0.280251,0.300146,0.387041,0.389899,0.352968,0.409047,0.429349,0.381134,0.432824,0.438966,0.429018
1676,0.280251,0.300146,0.387041,0.39077,0.352968,0.409047,0.429349,0.381134,0.432824,0.438966,0.429018
1677,0.280251,0.300146,0.387041,0.388545,0.352968,0.409047,0.429349,0.381134,0.432824,0.438966,0.429018
1678,0.280251,0.296811,0.387041,0.388545,0.352968,0.409047,0.429349,0.381134,0.432824,0.438966,0.429018
1679,0.276833,0.296811,0.387041,0.388545,0.352968,0.409047,0.429349,0.381134,0.432824,0.438966,0.429018
1680,0.276833,0.296811,0.387041,0.388545,0.352968,0.409047,0.427113,0.381134,0.432824,0.438966,0.429018
1681,0.276833,0.296811,0.387041,0.388545,0.352968,0.409047,0.427113,0.381134,0.434545,0.438966,0.429018
1682,0.276833,0.296811,0.387041,0.388545,0.352968,0.409047,0.427113,0.381134,0.435373,0.438966,0.429018
1683,0.276833,0.296811,0.387041,0.388545,0.352968,0.409047,0.427113,0.381134,0.433898,0.438966,0.429018
1684,0.276833,0.296811,0.387041,0.388545,0.352968,0.409047,0.427113,0.386833,0.433898,0.438966,0.429018
1685,0.276833,0.296811,0.387041,0.388545,0.352968,0.409047,0.427113,0.388673,0.433898,0.438966,0.429018
1686,0.276833,0.296811,0.387041,0.388545,0.352968,0.409047,0.427113,0.393354,0.433898,0.438966,0.429018
1687,0.276833,0.296811,0.387041,0.388545,0.352968,0.409047,0.427113,0.395023,0.433898,0.438966,0.429018
1688,0.276833,0.296811,0.387041,0.388545,0.352968,0.409047,0.427113,0.392185,0.433898,0.438966,0.429018
1689,0.276833,0.296811,0.387041,0.388545,0.352968,0.409047,0.427113,0.39387,0.433898,0.438966,0.429018
1690,0.276833,0.296811,0.387041,0.388545,0.352968,0.409047,0.427113,0.398802,0.433898,0.438966,0.429018
1691,0.276833,0.296811,0.387041,0.388545,0.352968,0.409047,0.427113,0.396089,0.433898,0.438966,0.429018
1692,0.276833,0.296811,0.387041,0.388545,0.352968,0.409047,0.427113,0.394888,0.433898,0.438966,0.429018
1693,0.276833,0.296811,0.387041,0.388545,0.352968,0.409047,0.427113,0.394452,0.433898,0.438966,0.429018
1694,0.276833,0.296811,0.387041,0.388545,0.352968,0.409047,0.427113,0.391693,0.433898,0.438966,0.429018
1695,0.276833,0.296811,0.387041,0.388545,0.352968,0.406612,0.427113,0.391693,0.433898,0.438966,0.429018
1696,0.276833,0.296811,0.387041,0.388545,0.352968,0.406612,0.427113,0.391693,0.436546,0.438966,0.429018
1697,0.276833,0.296811,0.387041,0.388545,0.352968,0.406612,0.427113,0.391693,0.439164,0.438966,0.429018
1698,0.276833,0.296811,0.387041,0.388545,0.352968,0.406612,0.427113,0.391693,0.43699,0.438966,0.429018
1699,0.276833,0.296811,0.387041,0.388545,0.352968,0.406612,0.427113,0.391693,0.434837,0.438966,0.429018
1700,0.276833,0.296811,0.387041,0.388545,0.352968,0.406612,0.427113,0.391693,0.434837,0.438208,0.429018
1701,0.276833,0.296811,0.387041,0.391717,0.352968,0.406612,0.427113,0.391693,0.434837,0.438208,0.429018
1702,0.276833,0.296811,0.387041,0.389178,0.352968,0.406612,0.427113,0.391693,0.434837,0.438208,0.429018
1703,0.276833,0.296811,0.387041,0.389178,0.352968,0.406612,0.427113,0.389817,0.434837,0.438208,0.429018
1704,0.276833,0.296811,0.384458,0.389178,0.352968,0.406612,0.427113,0.389817,0.434837,0.438208,0.429018
1705,0.276833,0.296811,0.384458,0.389178,0.352968,0.406612,0.427113,0.389817,0.434837,0.438208,0.429276
1706,0.276833,0.296811,0.384458,0.389178,0.352968,0.406612,0.427113,0.389817,0.434837,0.436112,0.429276
1707,0.276833,0.296811,0.384458,0.389178,0.352968,0.406612,0.427113,0.389817,0.432706,0.436112,0.429276
1708,0.276833,0.296811,0.384458,0.389178,0.352968,0.406612,0.427113,0.389817,0.432706,0.436112,0.431878
1709,0.276833,0.296811,0.384458,0.389178,0.352968,0.406612,0.427113,0.389817,0.432706,0.436112,0.432606
1710,0.276833,0.296811,0.384458,0.389178,0.352968,0.406612,0.427113,0.389817,0.432706,0.436112,0.430421
1711,0.276833,0.296811,0.384458,0.389178,0.352968,0.406612,0.427775,0.389817,0.432706,0.436112,0.430421
1712,0.276833,0.296811,0.384458,0.389178,0.352968,0.406612,0.428618,0.389817,0.432706,0.436112,0.430421
1713,0.276833,0.296811,0.384458,0.389178,0.352968,0.406612,0.426306,0.389817,0.432706,0.436112,0.430421
1714,0.276833,0.296811,0.384458,0.389716,0.352968,0.406612,0.426306,0.389817,0.432706,0.436112,0.430421
1715,0.276833,0.296811,0.384458,0.389716,0.351152,0.406612,0.426306,0.389817,0.432706,0.436112,0.430421
1716,0.276833,0.296811,0.384458,0.393196,0.351152,0.406612,0.426306,0.389817,0.432706,0.436112,0.430421
1717,0.276833,0.296811,0.384458,0.39093,0.351152,0.406612,0.426306,0.389817,0.432706,0.436112,0.430421
1718,0.276833,0.296811,0.384458,0.39093,0.351152,0.406612,0.426306,0.389817,0.432706,0.436112,0.428959
1719,0.276833,0.296811,0.384458,0.39093,0.351152,0.409382,0.426306,0.389817,0.432706,0.436112,0.428959
1720,0.276833,0.296811,0.384458,0.39093,0.351152,0.408808,0.426306,0.389817,0.432706,0.436112,0.428959
1721,0.276833,0.296811,0.384458,0.39093,0.351152,0.408881,0.426306,0.389817,0.432706,0.436112,0.428959
1722,0.276833,0.296811,0.384458,0.39093,0.351152,0.409112,0.426306,0.389817,0.432706,0.436112,0.428959
1723,0.276833,0.296811,0.384458,0.39076,0.351152,0.409112,0.426306,0.389817,0.432706,0.436112,0.428959
1724,0.276833,0.296811,0.384458,0.39076,0.351152,0.409112,0.426306,0.386498,0.432706,0.436112,0.428959
1725,0.276833,0.308331,0.384458,0.39076,0.351152,0.409112,0.426306,0.386498,0.432706,0.436112,0.428959
1726,0.276833,0.305995,0.384458,0.39076,0.351152,0.409112,0.426306,0.386498,0.432706,0.436112,0.428959
1727,0.276833,0.308772,0.384458,0.39076,0.351152,0.409112,0.426306,0.386498,0.432706,0.436112,0.428959
1728,0.276833,0.305531,0.384458,0.39076,0.351152,0.409112,0.426306,0.386498,0.432706,0.436112,0.428959
1729,0.276833,0.303223,0.384458,0.39076,0.351152,0.409112,0.426306,0.386498,0.432706,0.436112,0.428959
1730,0.276833,0.303223,0.384458,0.39076,0.351152,0.413338,0.426306,0.386498,0.432706,0.436112,0.428959
1731,0.276833,0.303223,0.384458,0.39076,0.351152,0.410963,0.426306,0.386498,0.432706,0.436112,0.428959
1732,0.276833,0.303223,0.384458,0.39076,0.351152,0.416203,0.426306,0.386498,0.432706,0.436112,0.428959
1733,0.276833,0.303223,0.384458,0.39076,0.351152,0.415978,0.426306,0.386498,0.432706,0.436112,0.428959
1734,0.276833,0.303223,0.384458,0.39076,0.351152,0.420192,0.426306,0.386498,0.432706,0.436112,0.428959
1735,0.276833,0.303223,0.384458,0.39076,0.351152,0.418338,0.426306,0.386498,0.432706,0.436112,0.428959
1736,0.276833,0.303223,0.384458,0.39076,0.351152,0.419223,0.426306,0.386498,0.432706,0.436112,0.428959
1737,0.276833,0.303223,0.384458,0.39076,0.351152,0.421205,0.426306,0.386498,0.432706,0.436112,0.428959
1738,0.276833,0.303223,0.384458,0.39076,0.351152,0.422533,0.426306,0.386498,0.432706,0.436112,0.428959
1739,0.276833,0.303223,0.384458,0.39076,0.351152,0.420445,0.426306,0.386498,0.432706,0.436112,0.428959
1740,0.276833,0.303223,0.384458,0.39076,0.351152,0.419916,0.426306,0.386498,0.432706,0.436112,0.428959
1741,0.276833,0.303223,0.384458,0.39076,0.351152,0.417726,0.426306,0.386498,0.432706,0.436112,0.428959
1742,0.273498,0.303223,0.384458,0.39076,0.351152,0.417726,0.426306,0.386498,0.432706,0.436112,0.428959
1743,0.273498,0.303223,0.384458,0.39076,0.351152,0.417726,0.426306,0.386498,0.432706,0.434079,0.428959
1744,0.273498,0.303223,0.384458,0.39076,0.351152,0.417726,0.426306,0.386498,0.433261,0.434079,0.428959
1745,0.273498,0.303223,0.38186,0.39076,0.351152,0.417726,0.426306,0.386498,0.433261,0.434079,0.428959
1746,0.273498,0.303223,0.38186,0.388223,0.351152,0.417726,0.426306,0.386498,0.433261,0.434079,0.428959
1747,0.273498,0.303223,0.38186,0.388223,0.351152,0.417726,0.426306,0.386498,0.430916,0.434079,0.428959
1748,0.273498,0.303223,0.38186,0.388223,0.351152,0.417726,0.426863,0.386498,0.430916,0.434079,0.428959
1749,0.273498,0.303223,0.38186,0.388223,0.351152,0.417726,0.426863,0.386498,0.430916,0.434079,0.429407
1750,0.273498,0.303223,0.38186,0.388223,0.351152,0.417726,0.430396,0.386498,0.430916,0.434079,0.429407
1751,0.273498,0.303223,0.38186,0.388223,0.351152,0.417726,0.427232,0.386498,0.430916,0.434079,0.429407
1752,0.273498,0.303223,0.38186,0.388223,0.351152,0.417726,0.427232,0.386498,0.430916,0.434079,0.427271
1753,0.273498,0.303223,0.38186,0.388223,0.351152,0.424913,0.427232,0.386498,0.430916,0.434079,0.427271
1754,0.273498,0.303223,0.38186,0.388223,0.351152,0.42475,0.427232,0.386498,0.430916,0.434079,0.427271
1755,0.273498,0.303223,0.38186,0.388223,0.351152,0.425951,0.427232,0.386498,0.430916,0.434079,0.427271
1756,0.273498,0.303223,0.38186,0.388223,0.351152,0.424078,0.427232,0.386498,0.430916,0.434079,0.427271
1757,0.273498,0.303223,0.38186,0.388223,0.351152,0.424006,0.427232,0.386498,0.430916,0.434079,0.427271
1758,0.273498,0.303223,0.38186,0.388223,0.351152,0.425701,0.427232,0.386498,0.430916,0.434079,0.427271
1759,0.273498,0.303223,0.38186,0.388223,0.351152,0.423438,0.427232,0.386498,0.430916,0.434079,0.427271
1760,0.273498,0.303223,0.38186,0.388223,0.351152,0.423734,0.427232,0.386498,0.430916,0.434079,0.427271
1761,0.273498,0.303223,0.38186,0.388223,0.351152,0.421538,0.427232,0.386498,0.430916,0.434079,0.427271
1762,0.273498,0.303223,0.38186,0.388223,0.348273,0.421538,0.427232,0.386498,0.430916,0.434079,0.427271
1763,0.273498,0.303223,0.38186,0.388223,0.348273,0.421538,0.42406,0.386498,0.430916,0.434079,0.427271
1764,0.273498,0.303223,0.38186,0.388223,0.348273,0.421538,0.42406,0.386498,0.430916,0.435103,0.427271
1765,0.273498,0.303223,0.38186,0.388223,0.348273,0.421538,0.42406,0.386498,0.430916,0.435719,0.427271
1766,0.273498,0.303223,0.38186,0.388223,0.348273,0.421538,0.42406,0.386498,0.430916,0.435747,0.427271
1767,0.273498,0.303223,0.38186,0.388223,0.348273,0.421538,0.42406,0.386498,0.430916,0.433129,0.427271
1768,0.273498,0.303223,0.38186,0.388223,0.348273,0.421538,0.42406,0.386498,0.43461,0.433129,0.427271
1769,0.273498,0.303223,0.38186,0.388223,0.348273,0.421538,0.42406,0.386498,0.433283,0.433129,0.427271
1770,0.273498,0.303223,0.38186,0.388223,0.348273,0.421538,0.42406,0.386498,0.43204,0.433129,0.427271
1771,0.273498,0.303223,0.38186,0.388223,0.348273,0.421538,0.42406,0.383972,0.43204,0.433129,0.427271
1772,0.273498,0.303223,0.38186,0.388223,0.348273,0.421538,0.42406,0.383972,0.43204,0.433129,0.428124
1773,0.273498,0.303223,0.38186,0.388223,0.348273,0.421538,0.42406,0.383972,0.43204,0.433129,0.428439
1774,0.273498,0.300064,0.38186,0.388223,0.348273,0.421538,0.42406,0.383972,0.43204,0.433129,0.428439
1775,0.273498,0.300064,0.38186,0.388223,0.348273,0.42158,0.42406,0.383972,0.43204,0.433129,0.428439
1776,0.273498,0.300064,0.38186,0.388223,0.348273,0.42158,0.42406,0.383972,0.43204,0.433129,0.426339
1777,0.273498,0.300064,0.38186,0.385718,0.348273,0.42158,0.42406,0.383972,0.43204,0.433129,0.426339
1778,0.273498,0.300064,0.383023,0.385718,0.348273,0.42158,0.42406,0.383972,0.43204,0.433129,0.426339
1779,0.273498,0.300064,0.38267,0.385718,0.348273,0.42158,0.42406,0.383972,0.43204,0.433129,0.426339
1780,0.273498,0.300064,0.38267,0.385718,0.348273,0.42158,0.42406,0.383972,0.429983,0.433129,0.426339
1781,0.273498,0.300064,0.38267,0.385718,0.348273,0.419418,0.42406,0.383972,0.429983,0.433129,0.426339
1782,0.273498,0.300064,0.380121,0.385718,0.348273,0.419418,0.42406,0.383972,0.429983,0.433129,0.426339
1783,0.273498,0.300064,0.380121,0.385718,0.345393,0.419418,0.42406,0.383972,0.429983,0.433129,0.426339
1784,0.273498,0.300064,0.380121,0.385718,0.345393,0.419418,0.42739,0.383972,0.429983,0.433129,0.426339
1785,0.273498,0.300064,0.380121,0.385718,0.345393,0.419418,0.428933,0.383972,0.429983,0.433129,0.426339
1786,0.273498,0.300064,0.380121,0.385718,0.345393,0.419418,0.426919,0.383972,0.429983,0.433129,0.426339
1787,0.273498,0.300064,0.380121,0.385718,0.345393,0.419418,0.428274,0.383972,0.429983,0.433129,0.426339
1788,0.273498,0.300064,0.380121,0.385718,0.345393,0.419418,0.428678,0.383972,0.429983,0.433129,0.426339
1789,0.273498,0.300064,0.380121,0.385718,0.345393,0.419418,0.428143,0.383972,0.429983,0.433129,0.426339
1790,0.273498,0.300064,0.380121,0.385718,0.345393,0.419418,0.42694,0.383972,0.429983,0.433129,0.426339
1791,0.272256,0.300064,0.380121,0.385718,0.345393,0.419418,0.42694,0.383972,0.429983,0.433129,0.426339
1792,0.272256,0.300064,0.380121,0.385718,0.345393,0.419418,0.42694,0.383972,0.429983,0.431247,0.426339
1793,0.272256,0.300064,0.380121,0.385718,0.345393,0.419418,0.42694,0.383972,0.429983,0.431247,0.424259
1794,0.272256,0.300064,0.380121,0.385718,0.345393,0.419418,0.42694,0.383972,0.428975,0.431247,0.424259
1795,0.272256,0.300064,0.380121,0.385718,0.345393,0.419418,0.42694,0.383835,0.428975,0.431247,0.424259
1796,0.272256,0.300064,0.380121,0.384641,0.345393,0.419418,0.42694,0.383835,0.428975,0.431247,0.424259
1797,0.272256,0.300064,0.380121,0.384641,0.345393,0.419418,0.424877,0.383835,0.428975,0.431247,0.424259
1798,0.272256,0.300064,0.380121,0.384641,0.345393,0.422447,0.424877,0.383835,0.428975,0.431247,0.424259
1799,0.272256,0.300064,0.380121,0.384641,0.345393,0.423113,0.424877,0.383835,0.428975,0.431247,0.424259
1800,0.272256,0.300064,0.380121,0.384641,0.345393,0.420976,0.424877,0.383835,0.428975,0.431247,0.424259
1801,0.272256,0.300064,0.380121,0.384641,0.345393,0.421112,0.424877,0.383835,0.428975,0.431247,0.424259
1802,0.272256,0.300064,0.380121,0.384641,0.345393,0.421112,0.424877,0.387528,0.428975,0.431247,0.424259
1803,0.272256,0.300064,0.380121,0.384641,0.345393,0.421112,0.424877,0.388606,0.428975,0.431247,0.424259
1804,0.272256,0.300064,0.380121,0.384641,0.345393,0.421112,0.424877,0.386273,0.428975,0.431247,0.424259
1805,0.272256,0.300064,0.380121,0.384641,0.345393,0.419007,0.424877,0.386273,0.428975,0.431247,0.424259
1806,0.272256,0.300064,0.380121,0.384641,0.345393,0.419007,0.424877,0.386273,0.429957,0.431247,0.424259
1807,0.272256,0.300064,0.380121,0.384641,0.345393,0.419007,0.424877,0.386273,0.431799,0.431247,0.424259
1808,0.272256,0.300064,0.380121,0.384641,0.345393,0.419007,0.424877,0.386273,0.433895,0.431247,0.424259
1809,0.272256,0.300064,0.380121,0.384641,0.345393,0.419007,0.424877,0.386273,0.433851,0.431247,0.424259
1810,0.272256,0.300064,0.380121,0.384641,0.345393,0.419007,0.424877,0.386273,0.43699,0.431247,0.424259
1811,0.272256,0.300064,0.380121,0.384641,0.345393,0.419007,0.424877,0.386273,0.438141,0.431247,0.424259
1812,0.272256,0.300064,0.380121,0.384641,0.345393,0.419007,0.424877,0.386273,0.436236,0.431247,0.424259
1813,0.272256,0.300064,0.380121,0.384641,0.345393,0.419007,0.424877,0.386273,0.436586,0.431247,0.424259
1814,0.272256,0.300064,0.380121,0.384641,0.345393,0.419007,0.424877,0.386273,0.434602,0.431247,0.424259
1815,0.272256,0.300064,0.380121,0.384641,0.345393,0.419007,0.424877,0.386273,0.436288,0.431247,0.424259
1816,0.272256,0.300064,0.380121,0.384641,0.345393,0.419007,0.424877,0.386273,0.438198,0.431247,0.424259
1817,0.272256,0.300064,0.380121,0.384641,0.345393,0.419007,0.424877,0.386273,0.441961,0.431247,0.424259
1818,0.272256,0.300064,0.380121,0.384641,0.345393,0.419007,0.424877,0.386273,0.440691,0.431247,0.424259
1819,0.272256,0.300064,0.380121,0.384641,0.345393,0.419007,0.424877,0.386273,0.442922,0.431247,0.424259
1820,0.272256,0.300064,0.380121,0.384641,0.345393,0.419007,0.424877,0.386273,0.442529,0.431247,0.424259
1821,0.272256,0.300064,0.380121,0.384641,0.345393,0.419007,0.424877,0.386273,0.440615,0.431247,0.424259
1822,0.272256,0.300064,0.380121,0.384641,0.345393,0.419007,0.424877,0.386273,0.440013,0.431247,0.424259
1823,0.272256,0.300064,0.380121,0.384641,0.345393,0.419007,0.424877,0.386273,0.438253,0.431247,0.424259
1824,0.272256,0.296387,0.380121,0.384641,0.345393,0.419007,0.424877,0.386273,0.438253,0.431247,0.424259
1825,0.272256,0.296387,0.380121,0.384641,0.345393,0.419007,0.424877,0.389709,0.438253,0.431247,0.424259
1826,0.272256,0.296387,0.380121,0.384641,0.345393,0.419007,0.424877,0.387258,0.438253,0.431247,0.424259
1827,0.272256,0.296387,0.380121,0.384641,0.345393,0.419007,0.424877,0.387258,0.438253,0.431463,0.424259
1828,0.272256,0.296387,0.377665,0.384641,0.345393,0.419007,0.424877,0.387258,0.438253,0.431463,0.424259
1829,0.272256,0.296387,0.377665,0.384641,0.345393,0.419007,0.424877,0.387258,0.438253,0.429475,0.424259
1830,0.269053,0.296387,0.377665,0.384641,0.345393,0.419007,0.424877,0.387258,0.438253,0.429475,0.424259
1831,0.269053,0.296387,0.377665,0.384641,0.345393,0.419007,0.424877,0.387258,0.438253,0.429475,0.424567
1832,0.269053,0.296387,0.377665,0.385207,0.345393,0.419007,0.424877,0.387258,0.438253,0.429475,0.424567
1833,0.269053,0.296387,0.377665,0.385207,0.351408,0.419007,0.424877,0.387258,0.438253,0.429475,0.424567
1834,0.269053,0.296387,0.377665,0.385207,0.348018,0.419007,0.424877,0.387258,0.438253,0.429475,0.424567
1835,0.269053,0.296387,0.377665,0.385207,0.345506,0.419007,0.424877,0.387258,0.438253,0.429475,0.424567
1836,0.269053,0.296387,0.377665,0.385207,0.345506,0.419007,0.424877,0.391324,0.438253,0.429475,0.424567
1837,0.269053,0.296387,0.377665,0.385207,0.345506,0.419007,0.424877,0.395658,0.438253,0.429475,0.424567
1838,0.269053,0.296387,0.377665,0.385207,0.345506,0.419007,0.424877,0.394008,0.438253,0.429475,0.424567
1839,0.269053,0.296387,0.377665,0.385207,0.345506,0.419007,0.424877,0.394431,0.438253,0.429475,0.424567
1840,0.269053,0.296387,0.377665,0.385207,0.345506,0.419007,0.424877,0.395066,0.438253,0.429475,0.424567
1841,0.269053,0.296387,0.377665,0.385207,0.345506,0.419007,0.424877,0.396212,0.438253,0.429475,0.424567
1842,0.269053,0.296387,0.377665,0.385207,0.345506,0.419007,0.424877,0.394678,0.438253,0.429475,0.424567
1843,0.269053,0.296387,0.377665,0.385207,0.345506,0.419007,0.424877,0.396281,0.438253,0.429475,0.424567
1844,0.269053,0.296387,0.377665,0.385207,0.345506,0.419007,0.424877,0.398644,0.438253,0.429475,0.424567
1845,0.269053,0.296387,0.377665,0.385207,0.345506,0.419007,0.424877,0.397217,0.438253,0.429475,0.424567
1846,0.269053,0.296387,0.377665,0.385207,0.345506,0.419007,0.424877,0.39533,0.438253,0.429475,0.424567
1847,0.269053,0.296387,0.377665,0.385207,0.345506,0.419007,0.424877,0.39533,0.438253,0.429475,0.423013
1848,0.269053,0.296387,0.377665,0.389222,0.345506,0.419007,0.424877,0.39533,0.438253,0.429475,0.423013
1849,0.269053,0.296387,0.377665,0.390013,0.345506,0.419007,0.424877,0.39533,0.438253,0.429475,0.423013
1850,0.269053,0.296387,0.377665,0.389979,0.345506,0.419007,0.424877,0.39533,0.438253,0.429475,0.423013
1851,0.269053,0.296387,0.377665,0.395844,0.345506,0.419007,0.424877,0.39533,0.438253,0.429475,0.423013
1852,0.269053,0.296387,0.377665,0.395272,0.345506,0.419007,0.424877,0.39533,0.438253,0.429475,0.423013
1853,0.269053,0.296387,0.377665,0.39626,0.345506,0.419007,0.424877,0.39533,0.438253,0.429475,0.423013
1854,0.269053,0.296387,0.377665,0.393844,0.345506,0.419007,0.424877,0.39533,0.438253,0.429475,0.423013
1855,0.269053,0.296387,0.377665,0.401432,0.345506,0.419007,0.424877,0.39533,0.438253,0.429475,0.423013
1856,0.269053,0.296387,0.377665,0.399014,0.345506,0.419007,0.424877,0.39533,0.438253,0.429475,0.423013
1857,0.269053,0.296387,0.377665,0.396624,0.345506,0.419007,0.424877,0.39533,0.438253,0.429475,0.423013
1858,0.269053,0.296387,0.377665,0.394472,0.345506,0.419007,0.424877,0.39533,0.438253,0.429475,0.423013
1859,0.269053,0.296387,0.377665,0.394472,0.345506,0.419007,0.424877,0.39533,0.437158,0.429475,0.423013
1860,0.269053,0.296387,0.377665,0.394472,0.345506,0.419007,0.425702,0.39533,0.437158,0.429475,0.423013
1861,0.269053,0.296387,0.377665,0.394472,0.345506,0.419007,0.426929,0.39533,0.437158,0.429475,0.423013
1862,0.269053,0.296387,0.377665,0.394472,0.345506,0.419007,0.427262,0.39533,0.437158,0.429475,0.423013
1863,0.269053,0.296387,0.377665,0.394472,0.345506,0.419007,0.42537,0.39533,0.437158,0.429475,0.423013
1864,0.269053,0.296387,0.377665,0.393014,0.345506,0.419007,0.42537,0.39533,0.437158,0.429475,0.423013
1865,0.269053,0.296387,0.377665,0.393014,0.345506,0.419682,0.42537,0.39533,0.437158,0.429475,0.423013
1866,0.269053,0.296387,0.377665,0.393014,0.345506,0.419753,0.42537,0.39533,0.437158,0.429475,0.423013
1867,0.269053,0.296387,0.377665,0.393014,0.345506,0.419753,0.42537,0.39533,0.440641,0.429475,0.423013
1868,0.269053,0.296387,0.377665,0.393014,0.345506,0.419753,0.42537,0.39533,0.438742,0.429475,0.423013
1869,0.269053,0.296387,0.377665,0.393014,0.345506,0.419753,0.42537,0.39533,0.441776,0.429475,0.423013
1870,0.269053,0.296387,0.377665,0.393014,0.345506,0.419753,0.42537,0.39533,0.441548,0.429475,0.423013
1871,0.269053,0.296387,0.377665,0.393014,0.345506,0.419753,0.42537,0.39533,0.439669,0.429475,0.423013
1872,0.269053,0.296387,0.377665,0.393014,0.345506,0.419753,0.42537,0.393018,0.439669,0.429475,0.423013
1873,0.269053,0.296387,0.377665,0.393014,0.345506,0.419753,0.42537,0.393018,0.439669,0.429519,0.423013
1874,0.269053,0.296387,0.377665,0.393014,0.345506,0.419753,0.42537,0.393018,0.440264,0.429519,0.423013
1875,0.269053,0.296387,0.377665,0.393014,0.345506,0.419753,0.42537,0.393018,0.438929,0.429519,0.423013
1876,0.269053,0.296387,0.377665,0.393014,0.345506,0.417597,0.42537,0.393018,0.438929,0.429519,0.423013
1877,0.269053,0.296387,0.377665,0.393014,0.345506,0.417597,0.42537,0.393018,0.438929,0.429519,0.422171
1878,0.269053,0.296387,0.377665,0.393014,0.345506,0.417597,0.425865,0.393018,0.438929,0.429519,0.422171
1879,0.269053,0.296387,0.375289,0.393014,0.345506,0.417597,0.425865,0.393018,0.438929,0.429519,0.422171
1880,0.269053,0.296387,0.375289,0.393014,0.345506,0.417597,0.423916,0.393018,0.438929,0.429519,0.422171
1881,0.269053,0.296387,0.375289,0.393014,0.345506,0.417597,0.423916,0.393018,0.438929,0.427609,0.422171
1882,0.269053,0.296387,0.375289,0.390703,0.345506,0.417597,0.423916,0.393018,0.438929,0.427609,0.422171
1883,0.269053,0.296387,0.375289,0.390703,0.347385,0.417597,0.423916,0.393018,0.438929,0.427609,0.422171
1884,0.269053,0.296387,0.375289,0.390703,0.3561,0.417597,0.423916,0.393018,0.438929,0.427609,0.422171
1885,0.269053,0.296387,0.375289,0.390703,0.357955,0.417597,0.423916,0.393018,0.438929,0.427609,0.422171
1886,0.269053,0.296387,0.375289,0.390703,0.358007,0.417597,0.423916,0.393018,0.438929,0.427609,0.422171
1887,0.269053,0.296387,0.375289,0.390703,0.355586,0.417597,0.423916,0.393018,0.438929,0.427609,0.422171
1888,0.269053,0.296387,0.375289,0.390703,0.353552,0.417597,0.423916,0.393018,0.438929,0.427609,0.422171
1889,0.269053,0.296387,0.375289,0.390703,0.362198,0.417597,0.423916,0.393018,0.438929,0.427609,0.422171
1890,0.269053,0.296387,0.375289,0.390703,0.354879,0.417597,0.423916,0.393018,0.438929,0.427609,0.422171
1891,0.269053,0.296387,0.375289,0.390703,0.354879,0.417597,0.423916,0.393018,0.438929,0.427609,0.427041
1892,0.269053,0.296387,0.375289,0.390703,0.354879,0.417597,0.423916,0.393018,0.438929,0.427609,0.425008
1893,0.269053,0.296387,0.375289,0.390703,0.354879,0.417597,0.423916,0.393018,0.438929,0.427609,0.423442
1894,0.269053,0.296387,0.375289,0.390703,0.354879,0.417597,0.423916,0.393018,0.436962,0.427609,0.423442
1895,0.269053,0.296387,0.375289,0.390703,0.354879,0.417597,0.423916,0.393018,0.436962,0.427609,0.422496
1896,0.269053,0.293792,0.375289,0.390703,0.354879,0.417597,0.423916,0.393018,0.436962,0.427609,0.422496
1897,0.269053,0.293792,0.375289,0.390703,0.353263,0.417597,0.423916,0.393018,0.436962,0.427609,0.422496
1898,0.265925,0.293792,0.375289,0.390703,0.353263,0.417597,0.423916,0.393018,0.436962,0.427609,0.422496
1899,0.265925,0.293792,0.375289,0.390703,0.353263,0.415743,0.423916,0.393018,0.436962,0.427609,0.422496
1900,0.265925,0.293792,0.375289,0.390703,0.353263,0.415743,0.423916,0.393018,0.436962,0.425692,0.422496
1901,0.265925,0.293792,0.375289,0.390703,0.353263,0.415743,0.423916,0.390733,0.436962,0.425692,0.422496
1902,0.265925,0.293792,0.375289,0.390703,0.353263,0.415743,0.425145,0.390733,0.436962,0.425692,0.422496
1903,0.265925,0.293792,0.375289,0.390703,0.353263,0.415743,0.425553,0.390733,0.436962,0.425692,0.422496
1904,0.265925,0.293792,0.375289,0.390703,0.353263,0.415743,0.424258,0.390733,0.436962,0.425692,0.422496
1905,0.265925,0.293792,0.372852,0.390703,0.353263,0.415743,0.424258,0.390733,0.436962,0.425692,0.422496
1906,0.265925,0.293792,0.372852,0.390703,0.353263,0.415743,0.424258,0.390733,0.436962,0.425692,0.425113
1907,0.265925,0.293792,0.372852,0.390703,0.353263,0.415743,0.424258,0.390733,0.436962,0.425692,0.427408
1908,0.265925,0.293792,0.372852,0.390703,0.353263,0.415743,0.424258,0.390733,0.436962,0.425692,0.425442
1909,0.265925,0.293792,0.372852,0.390703,0.353263,0.415743,0.424258,0.390733,0.436962,0.425692,0.423473
1910,0.265925,0.293792,0.372852,0.390703,0.353263,0.415743,0.424258,0.390733,0.437046,0.425692,0.423473
1911,0.265925,0.293792,0.372852,0.38863,0.353263,0.415743,0.424258,0.390733,0.437046,0.425692,0.423473
1912,0.265925,0.293792,0.372852,0.38863,0.353263,0.415743,0.425578,0.390733,0.437046,0.425692,0.423473
1913,0.265925,0.293792,0.372852,0.38863,0.353263,0.415743,0.425748,0.390733,0.437046,0.425692,0.423473
1914,0.265925,0.293792,0.372852,0.38863,0.353263,0.415743,0.424876,0.390733,0.437046,0.425692,0.423473
1915,0.265925,0.293792,0.372852,0.38863,0.353263,0.415743,0.424876,0.390733,0.435287,0.425692,0.423473
1916,0.265925,0.293792,0.372852,0.38863,0.353263,0.415743,0.424876,0.390733,0.435287,0.425692,0.421521
1917,0.265925,0.293792,0.372852,0.38863,0.353263,0.415511,0.424876,0.390733,0.435287,0.425692,0.421521
1918,0.265925,0.293792,0.372852,0.38863,0.351437,0.415511,0.424876,0.390733,0.435287,0.425692,0.421521
1919,0.265925,0.293792,0.372852,0.38863,0.351437,0.415511,0.424876,0.390733,0.435287,0.424532,0.421521
1920,0.265925,0.293792,0.372852,0.38863,0.351437,0.415511,0.423815,0.390733,0.435287,0.424532,0.421521
1921,0.265925,0.293792,0.372852,0.38863,0.351437,0.415511,0.423815,0.391317,0.435287,0.424532,0.421521
1922,0.265925,0.293792,0.372852,0.38863,0.351437,0.41348,0.423815,0.391317,0.435287,0.424532,0.421521
1923,0.265925,0.293792,0.372852,0.38863,0.351437,0.41348,0.423815,0.390347,0.435287,0.424532,0.421521
1924,0.265925,0.290824,0.372852,0.38863,0.351437,0.41348,0.423815,0.390347,0.435287,0.424532,0.421521
1925,0.265925,0.290824,0.372852,0.38863,0.351437,0.41348,0.423815,0.390347,0.438815,0.424532,0.421521
1926,0.265925,0.290824,0.372852,0.38863,0.351437,0.41348,0.423815,0.390347,0.440051,0.424532,0.421521
1927,0.265925,0.290824,0.372852,0.38863,0.351437,0.41348,0.423815,0.390347,0.444034,0.424532,0.421521
1928,0.265925,0.290824,0.372852,0.38863,0.351437,0.41348,0.423815,0.390347,0.44322,0.424532,0.421521
1929,0.265925,0.290824,0.372852,0.38863,0.351437,0.41348,0.423815,0.390347,0.44183,0.424532,0.421521
1930,0.265925,0.290824,0.372852,0.38863,0.351437,0.41348,0.423815,0.390347,0.443019,0.424532,0.421521
1931,0.265925,0.290824,0.372852,0.38863,0.351437,0.41348,0.423815,0.390347,0.442837,0.424532,0.421521
1932,0.265925,0.290824,0.372852,0.38863,0.351437,0.41348,0.423815,0.390347,0.440513,0.424532,0.421521
1933,0.265925,0.290824,0.372852,0.38863,0.351437,0.41348,0.423815,0.390347,0.43957,0.424532,0.421521
1934,0.265925,0.290824,0.372187,0.38863,0.351437,0.41348,0.423815,0.390347,0.43957,0.424532,0.421521
1935,0.265925,0.290824,0.372187,0.38863,0.351437,0.41348,0.423815,0.390347,0.43957,0.42262,0.421521
1936,0.265925,0.290824,0.372187,0.389719,0.351437,0.41348,0.423815,0.390347,0.43957,0.42262,0.421521
1937,0.265925,0.290824,0.372187,0.390387,0.351437,0.41348,0.423815,0.390347,0.43957,0.42262,0.421521
1938,0.265925,0.290824,0.372187,0.394752,0.351437,0.41348,0.423815,0.390347,0.43957,0.42262,0.421521
1939,0.265925,0.290824,0.372187,0.392496,0.351437,0.41348,0.423815,0.390347,0.43957,0.42262,0.421521
1940,0.265925,0.290824,0.372187,0.390266,0.351437,0.41348,0.423815,0.390347,0.43957,0.42262,0.421521
1941,0.265925,0.290824,0.372187,0.390266,0.351437,0.41348,0.423815,0.390347,0.438717,0.42262,0.421521
1942,0.265925,0.290824,0.372187,0.390266,0.351437,0.41348,0.421344,0.390347,0.438717,0.42262,0.421521
1943,0.265925,0.290824,0.372187,0.390266,0.351437,0.41348,0.421344,0.390347,0.438717,0.42262,0.419588
1944,0.264983,0.290824,0.372187,0.390266,0.351437,0.41348,0.421344,0.390347,0.438717,0.42262,0.419588
1945,0.264983,0.290824,0.372187,0.390266,0.351437,0.41348,0.421344,0.397296,0.438717,0.42262,0.419588
1946,0.264983,0.290824,0.372187,0.390266,0.351437,0.41348,0.421344,0.396761,0.438717,0.42262,0.419588
1947,0.264983,0.290824,0.372187,0.390266,0.351437,0.41348,0.421344,0.397389,0.438717,0.42262,0.419588
1948,0.264983,0.290824,0.372187,0.390266,0.351437,0.41348,0.421344,0.397667,0.438717,0.42262,0.419588
1949,0.264983,0.290824,0.372187,0.390266,0.351437,0.41348,0.421344,0.395757,0.438717,0.42262,0.419588
1950,0.264983,0.290824,0.372187,0.390266,0.351437,0.41348,0.421344,0.395692,0.438717,0.42262,0.419588
1951,0.264983,0.290824,0.372187,0.390266,0.351437,0.41348,0.421344,0.393506,0.438717,0.42262,0.419588
1952,0.264983,0.290824,0.372187,0.390266,0.350243,0.41348,0.421344,0.393506,0.438717,0.42262,0.419588
1953,0.264983,0.290824,0.372187,0.390266,0.350243,0.41348,0.421344,0.393506,0.438085,0.42262,0.419588
1954,0.264983,0.290824,0.379702,0.390266,0.350243,0.41348,0.421344,0.393506,0.438085,0.42262,0.419588
1955,0.264983,0.290824,0.382044,0.390266,0.350243,0.41348,0.421344,0.393506,0.438085,0.42262,0.419588
1956,0.264983,0.290824,0.379838,0.390266,0.350243,0.41348,0.421344,0.393506,0.438085,0.42262,0.419588
1957,0.264983,0.290824,0.381797,0.390266,0.350243,0.41348,0.421344,0.393506,0.438085,0.42262,0.419588
1958,0.264983,0.290824,0.379687,0.390266,0.350243,0.41348,0.421344,0.393506,0.438085,0.42262,0.419588
1959,0.264983,0.290824,0.377542,0.390266,0.350243,0.41348,0.421344,0.393506,0.438085,0.42262,0.419588
1960,0.264983,0.290824,0.377542,0.390266,0.350243,0.417417,0.421344,0.393506,0.438085,0.42262,0.419588
1961,0.264983,0.290824,0.377542,0.390266,0.350243,0.416046,0.421344,0.393506,0.438085,0.42262,0.419588
1962,0.264983,0.290824,0.377542,0.390266,0.350243,0.414055,0.421344,0.393506,0.438085,0.42262,0.419588
1963,0.264983,0.290824,0.376568,0.390266,0.350243,0.414055,0.421344,0.393506,0.438085,0.42262,0.419588
1964,0.264983,0.290824,0.376568,0.390266,0.350243,0.414055,0.421344,0.393506,0.438085,0.421097,0.419588
1965,0.264983,0.290824,0.376568,0.390266,0.350243,0.414055,0.421344,0.393506,0.437015,0.421097,0.419588
1966,0.264983,0.290824,0.376568,0.389728,0.350243,0.414055,0.421344,0.393506,0.437015,0.421097,0.419588
1967,0.264983,0.290824,0.376568,0.389728,0.350243,0.41398,0.421344,0.393506,0.437015,0.421097,0.419588
1968,0.264983,0.290824,0.376568,0.389728,0.350243,0.41398,0.421344,0.393506,0.437015,0.421097,0.418661
1969,0.264983,0.290824,0.376568,0.389728,0.350243,0.41398,0.422053,0.393506,0.437015,0.421097,0.418661
1970,0.264983,0.290824,0.376568,0.389728,0.350243,0.41398,0.422637,0.393506,0.437015,0.421097,0.418661
1971,0.264983,0.290824,0.376568,0.389728,0.350243,0.41398,0.422399,0.393506,0.437015,0.421097,0.418661
1972,0.264983,0.290824,0.376568,0.389728,0.350243,0.41398,0.422399,0.391344,0.437015,0.421097,0.418661
1973,0.264983,0.290824,0.376568,0.389728,0.347705,0.41398,0.422399,0.391344,0.437015,0.421097,0.418661
1974,0.264983,0.290824,0.376568,0.389728,0.347705,0.412593,0.422399,0.391344,0.437015,0.421097,0.418661
1975,0.264983,0.290824,0.376568,0.389728,0.347705,0.412593,0.42181,0.391344,0.437015,0.421097,0.418661
1976,0.261972,0.290824,0.376568,0.389728,0.347705,0.412593,0.42181,0.391344,0.437015,0.421097,0.418661
1977,0.261972,0.290824,0.382199,0.389728,0.347705,0.412593,0.42181,0.391344,0.437015,0.421097,0.418661
1978,0.261972,0.290824,0.382303,0.389728,0.347705,0.412593,0.42181,0.391344,0.437015,0.421097,0.418661
1979,0.261972,0.290824,0.382956,0.389728,0.347705,0.412593,0.42181,0.391344,0.437015,0.421097,0.418661
1980,0.261972,0.290824,0.387405,0.389728,0.347705,0.412593,0.42181,0.391344,0.437015,0.421097,0.418661
1981,0.261972,0.290824,0.385085,0.389728,0.347705,0.412593,0.42181,0.391344,0.437015,0.421097,0.418661
1982,0.261972,0.290824,0.384265,0.389728,0.347705,0.412593,0.42181,0.391344,0.437015,0.421097,0.418661
1983,0.261972,0.290824,0.382631,0.389728,0.347705,0.412593,0.42181,0.391344,0.437015,0.421097,0.418661
1984,0.261972,0.290824,0.382631,0.392291,0.347705,0.412593,0.42181,0.391344,0.437015,0.421097,0.418661
1985,0.261972,0.290824,0.382631,0.391184,0.347705,0.412593,0.42181,0.391344,0.437015,0.421097,0.418661
1986,0.261972,0.290824,0.382631,0.391184,0.347705,0.412593,0.42181,0.391344,0.440909,0.421097,0.418661
1987,0.261972,0.290824,0.382631,0.391184,0.347705,0.412593,0.42181,0.391344,0.438478,0.421097,0.418661
1988,0.261972,0.290824,0.382631,0.391184,0.347705,0.412593,0.42181,0.391344,0.439758,0.421097,0.418661
1989,0.261972,0.290824,0.382631,0.391184,0.347705,0.412593,0.42181,0.391344,0.43804,0.421097,0.418661
1990,0.261972,0.292969,0.382631,0.391184,0.347705,0.412593,0.42181,0.391344,0.43804,0.421097,0.418661
1991,0.261972,0.290068,0.382631,0.391184,0.347705,0.412593,0.42181,0.391344,0.43804,0.421097,0.418661
1992,0.261972,0.290068,0.382631,0.389011,0.347705,0.412593,0.42181,0.391344,0.43804,0.421097,0.418661
1993,0.261972,0.290068,0.383934,0.389011,0.347705,0.412593,0.42181,0.391344,0.43804,0.421097,0.418661
1994,0.261972,0.290068,0.384057,0.389011,0.347705,0.412593,0.42181,0.391344,0.43804,0.421097,0.418661
1995,0.261972,0.290068,0.381515,0.389011,0.347705,0.412593,0.42181,0.391344,0.43804,0.421097,0.418661
1996,0.261972,0.290068,0.381515,0.389011,0.347705,0.412593,0.42181,0.391344,0.43804,0.421212,0.418661
1997,0.261972,0.290068,0.381515,0.389011,0.347705,0.412593,0.42181,0.391344,0.43804,0.421212,0.419951
1998,0.261972,0.290068,0.381515,0.389011,0.347705,0.412593,0.42181,0.391344,0.43804,0.421212,0.420179
1999,0.261972,0.290068,0.381515,0.389011,0.347705,0.412593,0.42181,0.391344,0.43804,0.421212,0.418286
2000,0.261972,0.290068,0.381515,0.389011,0.347705,0.412593,0.421342,0.391344,0.43804,0.421212,0.418286
2001,0.261972,0.290068,0.381515,0.389011,0.347705,0.412593,0.421342,0.391344,0.438267,0.421212,0.418286
2002,0.261972,0.290068,0.381515,0.389011,0.347705,0.412593,0.421342,0.391344,0.438267,0.420309,0.418286
2003,0.261972,0.290068,0.381515,0.389011,0.347705,0.412593,0.421342,0.391344,0.439327,0.420309,0.418286
2004,0.261972,0.290068,0.381515,0.389011,0.347705,0.412593,0.421342,0.391344,0.439043,0.420309,0.418286
2005,0.261972,0.290068,0.381515,0.389011,0.347705,0.412593,0.421342,0.391344,0.441771,0.420309,0.418286
2006,0.261972,0.290068,0.381515,0.389011,0.347705,0.412593,0.421342,0.391344,0.440116,0.420309,0.418286
2007,0.261972,0.290068,0.381515,0.389011,0.347705,0.412593,0.421342,0.391344,0.443022,0.420309,0.418286
2008,0.261972,0.290068,0.381515,0.389011,0.347705,0.412593,0.421342,0.391344,0.443773,0.420309,0.418286
2009,0.261972,0.290068,0.381515,0.389011,0.347705,0.412593,0.421342,0.391344,0.442162,0.420309,0.418286
2010,0.261972,0.290068,0.381515,0.389011,0.347705,0.412593,0.421342,0.391344,0.444435,0.420309,0.418286
2011,0.261972,0.290068,0.381515,0.389011,0.347705,0.412593,0.421342,0.391344,0.446932,0.420309,0.418286
2012,0.261972,0.290068,0.381515,0.389011,0.347705,0.412593,0.421342,0.391344,0.447699,0.420309,0.418286
2013,0.261972,0.290068,0.381515,0.389011,0.347705,0.412593,0.421342,0.391344,0.446029,0.420309,0.418286
2014,0.261972,0.290068,0.381515,0.389011,0.347705,0.412593,0.421342,0.391344,0.445106,0.420309,0.418286
2015,0.261972,0.290068,0.381515,0.389011,0.347705,0.412593,0.421342,0.391344,0.443354,0.420309,0.418286
2016,0.261972,0.290068,0.381515,0.389011,0.347705,0.41106,0.421342,0.391344,0.443354,0.420309,0.418286
2017,0.261972,0.290068,0.381515,0.389011,0.347705,0.41106,0.419693,0.391344,0.443354,0.420309,0.418286
2018,0.261972,0.290068,0.381515,0.389011,0.347705,0.41106,0.419693,0.391344,0.447085,0.420309,0.418286
2019,0.261972,0.290068,0.381515,0.389011,0.347705,0.41106,0.419693,0.391344,0.448223,0.420309,0.418286
2020,0.261972,0.290068,0.381515,0.389011,0.347705,0.41106,0.419693,0.391344,0.446825,0.420309,0.418286
2021,0.261972,0.290068,0.381515,0.389011,0.347705,0.41106,0.419693,0.391344,0.445233,0.420309,0.418286
2022,0.261972,0.290068,0.381515,0.389011,0.347705,0.41106,0.419693,0.391344,0.443857,0.420309,0.418286
2023,0.261972,0.290068,0.381515,0.389011,0.347705,0.41106,0.419693,0.389824,0.443857,0.420309,0.418286
2024,0.261972,0.290068,0.381515,0.389011,0.347705,0.41106,0.419693,0.389824,0.443857,0.421735,0.418286
2025,0.261972,0.290068,0.381515,0.389011,0.347705,0.41106,0.419693,0.389824,0.443857,0.422603,0.418286
2026,0.261972,0.290068,0.381515,0.389011,0.347705,0.41106,0.419693,0.389824,0.443857,0.425133,0.418286
2027,0.261972,0.290068,0.381515,0.389011,0.347705,0.41106,0.419693,0.389824,0.443857,0.429018,0.418286
2028,0.261972,0.290068,0.381515,0.389011,0.347705,0.41106,0.419693,0.389824,0.443857,0.427152,0.418286
2029,0.261972,0.290068,0.381515,0.389011,0.347705,0.41106,0.419693,0.389824,0.443857,0.427647,0.418286
2030,0.261972,0.290068,0.381515,0.389011,0.347705,0.41106,0.419693,0.389824,0.443857,0.425988,0.418286
2031,0.261972,0.290068,0.381515,0.389011,0.347705,0.41106,0.419693,0.389824,0.443857,0.423276,0.418286
2032,0.261972,0.290068,0.381515,0.389011,0.347705,0.41106,0.419693,0.389824,0.443857,0.423276,0.416411
2033,0.261972,0.290068,0.381515,0.389011,0.347926,0.41106,0.419693,0.389824,0.443857,0.423276,0.416411
2034,0.261972,0.290068,0.381515,0.389088,0.347926,0.41106,0.419693,0.389824,0.443857,0.423276,0.416411
2035,0.261972,0.290068,0.381515,0.389088,0.347926,0.41106,0.419693,0.389824,0.443051,0.423276,0.416411
2036,0.261972,0.290068,0.381515,0.38695,0.347926,0.41106,0.419693,0.389824,0.443051,0.423276,0.416411
2037,0.261972,0.290068,0.379798,0.38695,0.347926,0.41106,0.419693,0.389824,0.443051,0.423276,0.416411
2038,0.261972,0.290068,0.379798,0.38695,0.347926,0.413276,0.419693,0.389824,0.443051,0.423276,0.416411
2039,0.261972,0.290068,0.379798,0.38695,0.347926,0.411345,0.419693,0.389824,0.443051,0.423276,0.416411
2040,0.261972,0.290068,0.379798,0.38695,0.345332,0.411345,0.419693,0.389824,0.443051,0.423276,0.416411
2041,0.261972,0.290068,0.379798,0.38695,0.345332,0.411345,0.419693,0.389824,0.443051,0.422292,0.416411
2042,0.261972,0.290068,0.379798,0.38695,0.345332,0.411345,0.417852,0.389824,0.443051,0.422292,0.416411
2043,0.261972,0.287224,0.379798,0.38695,0.345332,0.411345,0.417852,0.389824,0.443051,0.422292,0.416411
2044,0.261972,0.287224,0.379798,0.38695,0.345332,0.411345,0.417852,0.388431,0.443051,0.422292,0.416411
2045,0.261972,0.287224,0.379798,0.38695,0.345332,0.41287,0.417852,0.388431,0.443051,0.422292,0.416411
2046,0.261972,0.287224,0.379798,0.38695,0.345332,0.411563,0.417852,0.388431,0.443051,0.422292,0.416411
2047,0.27122,0.287224,0.379798,0.38695,0.345332,0.411563,0.417852,0.388431,0.443051,0.422292,0.416411
2048,0.268435,0.287224,0.379798,0.38695,0.345332,0.411563,0.417852,0.388431,0.443051,0.422292,0.416411
2049,0.267148,0.287224,0.379798,0.38695,0.345332,0.411563,0.417852,0.388431,0.443051,0.422292,0.416411
2050,0.267148,0.287224,0.379798,0.38695,0.345332,0.411563,0.417852,0.388431,0.441452,0.422292,0.416411
2051,0.267148,0.287224,0.379798,0.38695,0.345332,0.411563,0.417852,0.388431,0.441452,0.422292,0.414852
2052,0.267148,0.287224,0.379798,0.38695,0.345332,0.411563,0.417852,0.388431,0.441452,0.421924,0.414852
2053,0.267148,0.287224,0.379798,0.38695,0.345332,0.414195,0.417852,0.388431,0.441452,0.421924,0.414852
2054,0.267148,0.287224,0.379798,0.38695,0.345332,0.412587,0.417852,0.388431,0.441452,0.421924,0.414852
2055,0.267148,0.287224,0.379798,0.38695,0.345332,0.412671,0.417852,0.388431,0.441452,0.421924,0.414852
2056,0.267148,0.287224,0.38021,0.38695,0.345332,0.412671,0.417852,0.388431,0.441452,0.421924,0.414852
2057,0.267148,0.287224,0.38021,0.38695,0.345332,0.412671,0.417852,0.388431,0.441452,0.421912,0.414852
2058,0.267148,0.287224,0.38021,0.38695,0.345332,0.414221,0.417852,0.388431,0.441452,0.421912,0.414852
2059,0.267148,0.287224,0.38021,0.38695,0.345332,0.412973,0.417852,0.388431,0.441452,0.421912,0.414852
2060,0.264762,0.287224,0.38021,0.38695,0.345332,0.412973,0.417852,0.388431,0.441452,0.421912,0.414852
2061,0.264762,0.287224,0.38021,0.38695,0.345332,0.412973,0.420499,0.388431,0.441452,0.421912,0.414852
2062,0.264762,0.287224,0.38021,0.38695,0.345332,0.412973,0.423102,0.388431,0.441452,0.421912,0.414852
2063,0.264762,0.287224,0.38021,0.38695,0.345332,0.412973,0.424462,0.388431,0.441452,0.421912,0.414852
2064,0.264762,0.287224,0.38021,0.38695,0.345332,0.412973,0.422783,0.388431,0.441452,0.421912,0.414852
2065,0.264762,0.287224,0.38021,0.38695,0.345332,0.412973,0.421371,0.388431,0.441452,0.421912,0.414852
2066,0.264762,0.287224,0.38021,0.38695,0.345332,0.412973,0.419737,0.388431,0.441452,0.421912,0.414852
2067,0.264762,0.287224,0.38021,0.387529,0.345332,0.412973,0.419737,0.388431,0.441452,0.421912,0.414852
2068,0.264762,0.287224,0.38021,0.387529,0.345332,0.412973,0.419737,0.387537,0.441452,0.421912,0.414852
2069,0.264762,0.287224,0.378408,0.387529,0.345332,0.412973,0.419737,0.387537,0.441452,0.421912,0.414852
2070,0.264762,0.287224,0.378408,0.384306,0.345332,0.412973,0.419737,0.387537,0.441452,0.421912,0.414852
2071,0.264762,0.287224,0.378408,0.384306,0.345332,0.412973,0.419737,0.387537,0.441452,0.421309,0.414852
2072,0.264762,0.287224,0.378408,0.384306,0.345332,0.412973,0.419737,0.387537,0.439922,0.421309,0.414852
2073,0.264762,0.287224,0.378408,0.384306,0.345332,0.412973,0.419737,0.387537,0.439922,0.421309,0.417283
2074,0.264762,0.287224,0.378408,0.384306,0.345332,0.412973,0.419737,0.387537,0.439922,0.421309,0.416362
2075,0.264762,0.287224,0.378408,0.384306,0.345332,0.412973,0.419737,0.387537,0.439922,0.421309,0.41402
2076,0.264762,0.287224,0.378408,0.384306,0.345332,0.418615,0.419737,0.387537,0.439922,0.421309,0.41402
2077,0.264762,0.287224,0.378408,0.384306,0.345332,0.416738,0.419737,0.387537,0.439922,0.421309,0.41402
2078,0.264762,0.287224,0.378408,0.384306,0.345332,0.417987,0.419737,0.387537,0.439922,0.421309,0.41402
2079,0.264762,0.287224,0.378408,0.384306,0.345332,0.419458,0.419737,0.387537,0.439922,0.421309,0.41402
2080,0.264762,0.287224,0.378408,0.384306,0.345332,0.418936,0.419737,0.387537,0.439922,0.421309,0.41402
2081,0.264762,0.287224,0.378408,0.384306,0.345332,0.419735,0.419737,0.387537,0.439922,0.421309,0.41402
2082,0.264762,0.287224,0.378408,0.384306,0.345332,0.420556,0.419737,0.387537,0.439922,0.421309,0.41402
2083,0.264762,0.287224,0.378408,0.384306,0.345332,0.421496,0.419737,0.387537,0.439922,0.421309,0.41402
2084,0.264762,0.287224,0.378408,0.384306,0.345332,0.424899,0.419737,0.387537,0.439922,0.421309,0.41402
2085,0.264762,0.287224,0.378408,0.384306,0.345332,0.425281,0.419737,0.387537,0.439922,0.421309,0.41402
2086,0.264762,0.287224,0.378408,0.384306,0.345332,0.427622,0.419737,0.387537,0.439922,0.421309,0.41402
2087,0.264762,0.287224,0.378408,0.384306,0.345332,0.425787,0.419737,0.387537,0.439922,0.421309,0.41402
2088,0.264762,0.287224,0.378408,0.384306,0.345332,0.423508,0.419737,0.387537,0.439922,0.421309,0.41402
2089,0.264762,0.287224,0.378408,0.384306,0.345332,0.427877,0.419737,0.387537,0.439922,0.421309,0.41402
2090,0.264762,0.287224,0.378408,0.384306,0.345332,0.427501,0.419737,0.387537,0.439922,0.421309,0.41402
2091,0.264762,0.287224,0.378408,0.384306,0.345332,0.425772,0.419737,0.387537,0.439922,0.421309,0.41402
2092,0.264762,0.287224,0.378408,0.384306,0.345332,0.424869,0.419737,0.387537,0.439922,0.421309,0.41402
2093,0.264762,0.287224,0.378408,0.384306,0.345332,0.423236,0.419737,0.387537,0.439922,0.421309,0.41402
2094,0.264762,0.287224,0.378408,0.384306,0.345332,0.42253,0.419737,0.387537,0.439922,0.421309,0.41402
2095,0.264762,0.287224,0.378408,0.384306,0.343925,0.42253,0.419737,0.387537,0.439922,0.421309,0.41402
2096,0.264762,0.287224,0.378408,0.384306,0.343925,0.42253,0.41831,0.387537,0.439922,0.421309,0.41402
2097,0.264762,0.287224,0.378408,0.384306,0.343925,0.42253,0.41831,0.387537,0.439922,0.421232,0.41402
2098,0.264762,0.287224,0.378408,0.384306,0.343925,0.42253,0.41831,0.385453,0.439922,0.421232,0.41402
2099,0.264762,0.287224,0.378408,0.384306,0.343925,0.425091,0.41831,0.385453,0.439922,0.421232,0.41402
2100,0.264762,0.287224,0.378408,0.384306,0.343925,0.426248,0.41831,0.385453,0.439922,0.421232,0.41402
2101,0.264762,0.287224,0.378408,0.384306,0.343925,0.424494,0.41831,0.385453,0.439922,0.421232,0.41402
2102,0.264762,0.287224,0.378408,0.384306,0.343925,0.423195,0.41831,0.385453,0.439922,0.421232,0.41402
2103,0.264762,0.287224,0.378408,0.384306,0.343925,0.423195,0.41831,0.385453,0.439922,0.419997,0.41402
2104,0.264762,0.291089,0.378408,0.384306,0.343925,0.423195,0.41831,0.385453,0.439922,0.419997,0.41402
2105,0.264762,0.28829,0.378408,0.384306,0.343925,0.423195,0.41831,0.385453,0.439922,0.419997,0.41402
2106,0.264762,0.28829,0.378408,0.384306,0.343925,0.423195,0.41831,0.385453,0.440827,0.419997,0.41402
2107,0.264762,0.28829,0.378408,0.384306,0.343925,0.423195,0.41831,0.385453,0.439252,0.419997,0.41402
2108,0.264762,0.28829,0.376975,0.384306,0.343925,0.423195,0.41831,0.385453,0.439252,0.419997,0.41402
2109,0.264762,0.28829,0.376975,0.384306,0.343925,0.423195,0.41831,0.385453,0.439252,0.419997,0.413585
2110,0.264762,0.28829,0.376975,0.384306,0.343925,0.425606,0.41831,0.385453,0.439252,0.419997,0.413585
2111,0.264762,0.28829,0.376975,0.384306,0.343925,0.424996,0.41831,0.385453,0.439252,0.419997,0.413585
2112,0.264762,0.28829,0.376975,0.384306,0.343925,0.426052,0.41831,0.385453,0.439252,0.419997,0.413585
2113,0.264762,0.28829,0.376975,0.384306,0.343925,0.426193,0.41831,0.385453,0.439252,0.419997,0.413585
2114,0.264762,0.28829,0.376975,0.384306,0.343925,0.425488,0.41831,0.385453,0.439252,0.419997,0.413585
2115,0.264762,0.28829,0.376975,0.384306,0.343925,0.425488,0.417822,0.385453,0.439252,0.419997,0.413585
2116,0.264762,0.28829,0.376975,0.384306,0.343925,0.42578,0.417822,0.385453,0.439252,0.419997,0.413585
2117,0.264762,0.28829,0.376975,0.384306,0.345978,0.42578,0.417822,0.385453,0.439252,0.419997,0.413585
2118,0.264762,0.28829,0.376975,0.384306,0.35307,0.42578,0.417822,0.385453,0.439252,0.419997,0.413585
2119,0.264762,0.28829,0.376975,0.384306,0.350618,0.42578,0.417822,0.385453,0.439252,0.419997,0.413585
2120,0.264762,0.28829,0.376975,0.384306,0.35016,0.42578,0.417822,0.385453,0.439252,0.419997,0.413585
2121,0.264762,0.28829,0.376975,0.384306,0.35066,0.42578,0.417822,0.385453,0.439252,0.419997,0.413585
2122,0.264762,0.28829,0.376975,0.384306,0.351527,0.42578,0.417822,0.385453,0.439252,0.419997,0.413585
2123,0.264762,0.28829,0.376975,0.384306,0.351097,0.42578,0.417822,0.385453,0.439252,0.419997,0.413585
2124,0.264762,0.28829,0.376975,0.384306,0.351097,0.424728,0.417822,0.385453,0.439252,0.419997,0.413585
2125,0.264762,0.28829,0.376975,0.384306,0.351097,0.424728,0.417822,0.385453,0.439252,0.418247,0.413585
2126,0.264762,0.28829,0.376975,0.384306,0.351097,0.424728,0.417822,0.385453,0.437611,0.418247,0.413585
2127,0.264762,0.28829,0.376975,0.386464,0.351097,0.424728,0.417822,0.385453,0.437611,0.418247,0.413585
2128,0.264762,0.28829,0.376975,0.386732,0.351097,0.424728,0.417822,0.385453,0.437611,0.418247,0.413585
2129,0.264762,0.28829,0.376975,0.385028,0.351097,0.424728,0.417822,0.385453,0.437611,0.418247,0.413585
2130,0.262576,0.28829,0.376975,0.385028,0.351097,0.424728,0.417822,0.385453,0.437611,0.418247,0.413585
2131,0.262576,0.28829,0.376975,0.385028,0.349469,0.424728,0.417822,0.385453,0.437611,0.418247,0.413585
2132,0.262576,0.28829,0.376975,0.385028,0.349469,0.424728,0.417822,0.385453,0.437611,0.418247,0.414448
2133,0.262576,0.28829,0.376975,0.385028,0.349469,0.424728,0.417822,0.385453,0.437611,0.418247,0.413413
2134,0.262576,0.28829,0.376975,0.385028,0.349469,0.424728,0.419779,0.385453,0.437611,0.418247,0.413413
2135,0.262576,0.28829,0.376975,0.385028,0.349469,0.424728,0.417539,0.385453,0.437611,0.418247,0.413413
2136,0.262576,0.28829,0.376975,0.385028,0.349469,0.424728,0.417539,0.388143,0.437611,0.418247,0.413413
2137,0.262576,0.28829,0.376975,0.385028,0.349469,0.424728,0.417539,0.388715,0.437611,0.418247,0.413413
2138,0.262576,0.28829,0.376975,0.385028,0.349469,0.424728,0.417539,0.391787,0.437611,0.418247,0.413413
2139,0.262576,0.28829,0.376975,0.385028,0.349469,0.424728,0.417539,0.391548,0.437611,0.418247,0.413413
2140,0.262576,0.28829,0.376975,0.385028,0.349469,0.424728,0.417539,0.393323,0.437611,0.418247,0.413413
2141,0.262576,0.28829,0.376975,0.385028,0.349469,0.424728,0.417539,0.391275,0.437611,0.418247,0.413413
2142,0.262576,0.28829,0.376975,0.385028,0.349469,0.424728,0.417539,0.392037,0.437611,0.418247,0.413413
2143,0.262576,0.28829,0.376975,0.385028,0.349469,0.424728,0.417539,0.394931,0.437611,0.418247,0.413413
2144,0.262576,0.28829,0.376975,0.385028,0.349469,0.424728,0.417539,0.393623,0.437611,0.418247,0.413413
2145,0.262576,0.28829,0.376975,0.385028,0.349469,0.424728,0.417539,0.395202,0.437611,0.418247,0.413413
2146,0.262576,0.28829,0.376975,0.385028,0.349469,0.424728,0.417539,0.393823,0.437611,0.418247,0.413413
2147,0.262576,0.28829,0.376975,0.385028,0.349469,0.424728,0.417539,0.396444,0.437611,0.418247,0.413413
2148,0.262576,0.28829,0.376975,0.385028,0.349469,0.424728,0.417539,0.397295,0.437611,0.418247,0.413413
2149,0.262576,0.28829,0.376975,0.385028,0.349469,0.424728,0.417539,0.396346,0.437611,0.418247,0.413413
2150,0.262576,0.28829,0.376975,0.385028,0.349469,0.424728,0.417539,0.396213,0.437611,0.418247,0.413413
2151,0.262576,0.28829,0.376975,0.385028,0.349469,0.424728,0.417539,0.400496,0.437611,0.418247,0.413413
2152,0.262576,0.28829,0.376975,0.385028,0.349469,0.424728,0.417539,0.400409,0.437611,0.418247,0.413413
2153,0.262576,0.28829,0.376975,0.385028,0.349469,0.424728,0.417539,0.399226,0.437611,0.418247,0.413413
2154,0.262576,0.28829,0.376975,0.385028,0.349469,0.424728,0.417539,0.398012,0.437611,0.418247,0.413413
2155,0.262576,0.288841,0.376975,0.385028,0.349469,0.424728,0.417539,0.398012,0.437611,0.418247,0.413413
2156,0.262576,0.288841,0.374846,0.385028,0.349469,0.424728,0.417539,0.398012,0.437611,0.418247,0.413413
2157,0.262576,0.288841,0.374846,0.385028,0.349469,0.42312,0.417539,0.398012,0.437611,0.418247,0.413413
2158,0.262576,0.288841,0.374846,0.385028,0.349469,0.42312,0.417539,0.398012,0.437611,0.418247,0.414172
2159,0.262576,0.288841,0.374846,0.385028,0.349469,0.42312,0.417539,0.398012,0.437611,0.418247,0.416794
2160,0.262576,0.288841,0.374846,0.385028,0.349469,0.42312,0.417539,0.398012,0.437611,0.418247,0.415147
2161,0.262576,0.288841,0.374846,0.385028,0.349469,0.42312,0.417539,0.398012,0.437611,0.418247,0.415413
2162,0.262576,0.288841,0.374846,0.385028,0.349469,0.42312,0.417539,0.397971,0.437611,0.418247,0.415413
2163,0.262576,0.288841,0.374846,0.383297,0.349469,0.42312,0.417539,0.397971,0.437611,0.418247,0.415413
2164,0.262576,0.288841,0.374846,0.383297,0.349469,0.42312,0.417539,0.397971,0.437611,0.418247,0.413599
2165,0.262576,0.288841,0.374846,0.383297,0.349469,0.42312,0.415792,0.397971,0.437611,0.418247,0.413599
2166,0.262576,0.288841,0.374846,0.383297,0.349469,0.42312,0.415792,0.397971,0.436748,0.418247,0.413599
2167,0.262576,0.287298,0.374846,0.383297,0.349469,0.42312,0.415792,0.397971,0.436748,0.418247,0.413599
2168,0.262576,0.287298,0.374846,0.383297,0.349469,0.42312,0.415792,0.397971,0.436748,0.417295,0.413599
2169,0.262576,0.287298,0.374846,0.383297,0.349469,0.42312,0.415792,0.400396,0.436748,0.417295,0.413599
2170,0.262576,0.287298,0.374846,0.383297,0.349469,0.42312,0.415792,0.399886,0.436748,0.417295,0.413599
2171,0.262576,0.287298,0.374846,0.383297,0.349469,0.42312,0.415792,0.400696,0.436748,0.417295,0.413599
2172,0.262576,0.287298,0.374846,0.383297,0.349469,0.42312,0.415792,0.402013,0.436748,0.417295,0.413599
2173,0.262576,0.287298,0.374846,0.383297,0.349469,0.42312,0.415792,0.401087,0.436748,0.417295,0.413599
2174,0.262576,0.287298,0.374846,0.383297,0.349469,0.42312,0.415792,0.399576,0.436748,0.417295,0.413599
2175,0.262576,0.287298,0.374846,0.383297,0.346318,0.42312,0.415792,0.399576,0.436748,0.417295,0.413599
2176,0.262576,0.287298,0.374846,0.383297,0.346318,0.42312,0.415792,0.399576,0.43896,0.417295,0.413599
2177,0.262576,0.287298,0.374846,0.383297,0.346318,0.42312,0.415792,0.399576,0.43789,0.417295,0.413599
2178,0.262576,0.287298,0.374846,0.383297,0.346318,0.42312,0.415792,0.399576,0.438437,0.417295,0.413599
2179,0.262576,0.287298,0.374846,0.383297,0.346318,0.42312,0.415792,0.399576,0.438313,0.417295,0.413599
2180,0.262576,0.287298,0.374846,0.383297,0.346318,0.42312,0.415792,0.399576,0.437154,0.417295,0.413599
2181,0.262576,0.287298,0.374846,0.383297,0.346318,0.421448,0.415792,0.399576,0.437154,0.417295,0.413599
2182,0.262576,0.287298,0.374846,0.383297,0.346318,0.421448,0.415792,0.399576,0.437154,0.416409,0.413599
2183,0.262576,0.287298,0.372829,0.383297,0.346318,0.421448,0.415792,0.399576,0.437154,0.416409,0.413599
2184,0.262576,0.287298,0.372829,0.383297,0.346318,0.421448,0.415798,0.399576,0.437154,0.416409,0.413599
2185,0.262576,0.287298,0.372829,0.383297,0.346318,0.421448,0.415798,0.399576,0.437154,0.416409,0.413697
2186,0.262576,0.287298,0.372829,0.381514,0.346318,0.421448,0.415798,0.399576,0.437154,0.416409,0.413697
2187,0.268955,0.287298,0.372829,0.381514,0.346318,0.421448,0.415798,0.399576,0.437154,0.416409,0.413697
2188,0.273358,0.287298,0.372829,0.381514,0.346318,0.421448,0.415798,0.399576,0.437154,0.416409,0.413697
2189,0.270932,0.287298,0.372829,0.381514,0.346318,0.421448,0.415798,0.399576,0.437154,0.416409,0.413697
2190,0.270102,0.287298,0.372829,0.381514,0.346318,0.421448,0.415798,0.399576,0.437154,0.416409,0.413697
2191,0.270102,0.287298,0.372829,0.381514,0.346318,0.421448,0.415798,0.399576,0.437154,0.416409,0.412569
2192,0.270102,0.287298,0.372829,0.381514,0.346318,0.421448,0.415689,0.399576,0.437154,0.416409,0.412569
2193,0.270102,0.287298,0.372829,0.381514,0.346318,0.421448,0.415689,0.396197,0.437154,0.416409,0.412569
2194,0.270102,0.287298,0.372829,0.381514,0.346318,0.421448,0.415689,0.396197,0.439018,0.416409,0.412569
2195,0.270102,0.287298,0.372829,0.381514,0.346318,0.421448,0.415689,0.396197,0.43771,0.416409,0.412569
2196,0.270102,0.287298,0.372829,0.381514,0.346318,0.421448,0.415689,0.396197,0.43771,0.415117,0.412569
2197,0.270102,0.287298,0.372829,0.381514,0.346318,0.421448,0.415689,0.396197,0.437292,0.415117,0.412569
2198,0.275691,0.287298,0.372829,0.381514,0.346318,0.421448,0.415689,0.396197,0.437292,0.415117,0.412569
2199,0.2767,0.287298,0.372829,0.381514,0.346318,0.421448,0.415689,0.396197,0.437292,0.415117,0.412569
2200,0.273933,0.287298,0.372829,0.381514,0.346318,0.421448,0.415689,0.396197,0.437292,0.415117,0.412569
2201,0.273933,0.287298,0.372829,0.381514,0.346318,0.421448,0.414914,0.396197,0.437292,0.415117,0.412569
2202,0.273933,0.286658,0.372829,0.381514,0.346318,0.421448,0.414914,0.396197,0.437292,0.415117,0.412569
2203,0.273933,0.286658,0.372829,0.381514,0.346318,0.42289,0.414914,0.396197,0.437292,0.415117,0.412569
2204,0.273933,0.286658,0.372829,0.381514,0.346318,0.421885,0.414914,0.396197,0.437292,0.415117,0.412569
2205,0.273933,0.286658,0.372829,0.381514,0.346318,0.421885,0.414914,0.396197,0.438273,0.415117,0.412569
2206,0.273933,0.286658,0.372829,0.381514,0.346318,0.421885,0.414914,0.396197,0.436772,0.415117,0.412569
2207,0.273933,0.286658,0.372829,0.381514,0.346318,0.420342,0.414914,0.396197,0.436772,0.415117,0.412569
2208,0.273933,0.286658,0.372829,0.381514,0.346318,0.420342,0.414914,0.396197,0.436772,0.415117,0.410836
2209,0.273933,0.286658,0.372829,0.381514,0.346318,0.420342,0.413604,0.396197,0.436772,0.415117,0.410836
2210,0.273933,0.286658,0.372119,0.381514,0.346318,0.420342,0.413604,0.396197,0.436772,0.415117,0.410836
2211,0.273933,0.286658,0.372119,0.381305,0.346318,0.420342,0.413604,0.396197,0.436772,0.415117,0.410836
2212,0.273933,0.286658,0.372119,0.381305,0.346318,0.420342,0.413604,0.396197,0.436772,0.415081,0.410836
2213,0.273933,0.286658,0.372119,0.381305,0.34219,0.420342,0.413604,0.396197,0.436772,0.415081,0.410836
2214,0.273933,0.286658,0.372119,0.381305,0.34219,0.420342,0.413604,0.396197,0.435281,0.415081,0.410836
2215,0.271221,0.286658,0.372119,0.381305,0.34219,0.420342,0.413604,0.396197,0.435281,0.415081,0.410836
2216,0.271221,0.286658,0.372119,0.381305,0.34219,0.420342,0.413604,0.396197,0.435281,0.414991,0.410836
2217,0.271221,0.285234,0.372119,0.381305,0.34219,0.420342,0.413604,0.396197,0.435281,0.414991,0.410836
2218,0.271221,0.285234,0.372119,0.37921,0.34219,0.420342,0.413604,0.396197,0.435281,0.414991,0.410836
2219,0.271221,0.285234,0.372119,0.37921,0.34219,0.420342,0.413604,0.396197,0.435281,0.413312,0.410836
2220,0.271221,0.285234,0.372119,0.37921,0.34219,0.421618,0.413604,0.396197,0.435281,0.413312,0.410836
2221,0.271221,0.285234,0.372119,0.37921,0.34219,0.422872,0.413604,0.396197,0.435281,0.413312,0.410836
2222,0.271221,0.285234,0.372119,0.37921,0.34219,0.42124,0.413604,0.396197,0.435281,0.413312,0.410836
2223,0.271221,0.285234,0.371663,0.37921,0.34219,0.42124,0.413604,0.396197,0.435281,0.413312,0.410836
2224,0.271221,0.285234,0.371663,0.37921,0.34219,0.42124,0.411908,0.396197,0.435281,0.413312,0.410836
2225,0.271221,0.285234,0.371663,0.37921,0.34219,0.42124,0.411908,0.396197,0.435281,0.413312,0.409117
2226,0.271221,0.285234,0.371663,0.37921,0.34219,0.42124,0.411908,0.395295,0.435281,0.413312,0.409117
2227,0.271221,0.285234,0.371663,0.37921,0.34219,0.419948,0.411908,0.395295,0.435281,0.413312,0.409117
2228,0.271221,0.285234,0.371663,0.37921,0.34219,0.419948,0.411908,0.395295,0.433043,0.413312,0.409117
2229,0.271221,0.285234,0.369609,0.37921,0.34219,0.419948,0.411908,0.395295,0.433043,0.413312,0.409117
2230,0.271221,0.285234,0.369609,0.37921,0.34219,0.419948,0.411908,0.395399,0.433043,0.413312,0.409117
2231,0.271221,0.285234,0.369609,0.37921,0.34219,0.419948,0.411908,0.395399,0.433043,0.412933,0.409117
2232,0.271221,0.285234,0.369609,0.37921,0.34219,0.418339,0.411908,0.395399,0.433043,0.412933,0.409117
2233,0.271221,0.285234,0.369609,0.381619,0.34219,0.418339,0.411908,0.395399,0.433043,0.412933,0.409117
2234,0.271221,0.285234,0.369609,0.381531,0.34219,0.418339,0.411908,0.395399,0.433043,0.412933,0.409117
2235,0.271221,0.285234,0.369609,0.381647,0.34219,0.418339,0.411908,0.395399,0.433043,0.412933,0.409117
2236,0.271221,0.285234,0.369609,0.381372,0.34219,0.418339,0.411908,0.395399,0.433043,0.412933,0.409117
2237,0.271221,0.285234,0.369609,0.381372,0.34219,0.418339,0.4107,0.395399,0.433043,0.412933,0.409117
2238,0.271221,0.285234,0.369609,0.381372,0.34219,0.418339,0.4107,0.393863,0.433043,0.412933,0.409117
2239,0.271221,0.285234,0.369609,0.381372,0.34219,0.418339,0.4107,0.393863,0.433043,0.412933,0.412016
2240,0.271221,0.285234,0.369609,0.381372,0.34219,0.418339,0.4107,0.393863,0.433043,0.412933,0.410251
2241,0.271221,0.285234,0.369609,0.381372,0.34219,0.418339,0.4107,0.393863,0.433043,0.412933,0.409596
2242,0.271221,0.28423,0.369609,0.381372,0.34219,0.418339,0.4107,0.393863,0.433043,0.412933,0.409596
2243,0.271221,0.28423,0.369609,0.381372,0.34219,0.418339,0.4107,0.393863,0.433043,0.411121,0.409596
2244,0.271221,0.28423,0.369609,0.384582,0.34219,0.418339,0.4107,0.393863,0.433043,0.411121,0.409596
2245,0.271221,0.28423,0.369609,0.38422,0.34219,0.418339,0.4107,0.393863,0.433043,0.411121,0.409596
2246,0.271221,0.28423,0.369609,0.382986,0.34219,0.418339,0.4107,0.393863,0.433043,0.411121,0.409596
2247,0.271221,0.28423,0.369609,0.381656,0.34219,0.418339,0.4107,0.393863,0.433043,0.411121,0.409596
2248,0.271221,0.28423,0.369609,0.381656,0.34219,0.418339,0.4107,0.393863,0.431575,0.411121,0.409596
2249,0.27256,0.28423,0.369609,0.381656,0.34219,0.418339,0.4107,0.393863,0.431575,0.411121,0.409596
2250,0.27256,0.28423,0.369609,0.381656,0.34219,0.418339,0.4107,0.393863,0.431575,0.411121,0.408356
2251,0.27256,0.28423,0.369609,0.381656,0.344406,0.418339,0.4107,0.393863,0.431575,0.411121,0.408356
2252,0.27256,0.28423,0.369609,0.381656,0.342278,0.418339,0.4107,0.393863,0.431575,0.411121,0.408356
2253,0.27256,0.28423,0.369609,0.381656,0.342278,0.418339,0.411625,0.393863,0.431575,0.411121,0.408356
2254,0.27256,0.28423,0.369609,0.381656,0.342278,0.418339,0.415596,0.393863,0.431575,0.411121,0.408356
2255,0.27256,0.28423,0.369609,0.381656,0.342278,0.418339,0.41392,0.393863,0.431575,0.411121,0.408356
2256,0.27256,0.28423,0.369609,0.381656,0.342278,0.418339,0.414283,0.393863,0.431575,0.411121,0.408356
2257,0.27256,0.28423,0.369609,0.381656,0.342278,0.418339,0.413444,0.393863,0.431575,0.411121,0.408356
2258,0.27256,0.28423,0.369609,0.381656,0.342278,0.418339,0.411797,0.393863,0.431575,0.411121,0.408356
2259,0.27256,0.28423,0.374046,0.381656,0.342278,0.418339,0.411797,0.393863,0.431575,0.411121,0.408356
2260,0.27256,0.28423,0.374342,0.381656,0.342278,0.418339,0.411797,0.393863,0.431575,0.411121,0.408356
2261,0.27256,0.28423,0.372432,0.381656,0.342278,0.418339,0.411797,0.393863,0.431575,0.411121,0.408356
2262,0.27256,0.28423,0.375204,0.381656,0.342278,0.418339,0.411797,0.393863,0.431575,0.411121,0.408356
2263,0.27256,0.28423,0.376446,0.381656,0.342278,0.418339,0.411797,0.393863,0.431575,0.411121,0.408356
2264,0.27256,0.28423,0.374505,0.381656,0.342278,0.418339,0.411797,0.393863,0.431575,0.411121,0.408356
2265,0.27256,0.28423,0.373064,0.381656,0.342278,0.418339,0.411797,0.393863,0.431575,0.411121,0.408356
2266,0.271346,0.28423,0.373064,0.381656,0.342278,0.418339,0.411797,0.393863,0.431575,0.411121,0.408356
2267,0.271346,0.28423,0.373064,0.381656,0.342278,0.416742,0.411797,0.393863,0.431575,0.411121,0.408356
2268,0.271346,0.28423,0.373064,0.381656,0.342278,0.416742,0.411797,0.392133,0.431575,0.411121,0.408356
2269,0.271346,0.281645,0.373064,0.381656,0.342278,0.416742,0.411797,0.392133,0.431575,0.411121,0.408356
2270,0.271346,0.281645,0.373064,0.381656,0.342278,0.416742,0.411797,0.392133,0.431575,0.41337,0.408356
2271,0.271346,0.281645,0.373064,0.381656,0.342278,0.416742,0.411797,0.392133,0.431575,0.416165,0.408356
2272,0.271346,0.281645,0.373064,0.381656,0.342278,0.416742,0.411797,0.392133,0.431575,0.415365,0.408356
2273,0.271346,0.281645,0.373064,0.381656,0.342278,0.416742,0.411797,0.392133,0.431575,0.413717,0.408356
2274,0.271346,0.281645,0.373064,0.381656,0.342278,0.416742,0.411797,0.392133,0.431575,0.413235,0.408356
2275,0.271346,0.281645,0.373064,0.381656,0.342278,0.416742,0.411797,0.392133,0.431575,0.413235,0.407923
2276,0.271346,0.281645,0.373064,0.381656,0.342278,0.416742,0.411797,0.392133,0.430117,0.413235,0.407923
2277,0.271346,0.281645,0.373064,0.381656,0.342278,0.416742,0.411797,0.392133,0.430117,0.416025,0.407923
2278,0.271346,0.281645,0.373064,0.381656,0.342278,0.416742,0.411797,0.392133,0.430117,0.415125,0.407923
2279,0.271346,0.281645,0.373064,0.381656,0.342278,0.416742,0.411797,0.392133,0.430117,0.41266,0.407923
2280,0.271346,0.281645,0.373064,0.381547,0.342278,0.416742,0.411797,0.392133,0.430117,0.41266,0.407923
2281,0.271346,0.281645,0.373064,0.381547,0.347402,0.416742,0.411797,0.392133,0.430117,0.41266,0.407923
2282,0.271346,0.281645,0.373064,0.381547,0.348807,0.416742,0.411797,0.392133,0.430117,0.41266,0.407923
2283,0.271346,0.281645,0.373064,0.381547,0.348439,0.416742,0.411797,0.392133,0.430117,0.41266,0.407923
2284,0.271346,0.281645,0.373064,0.381547,0.347573,0.416742,0.411797,0.392133,0.430117,0.41266,0.407923
2285,0.271346,0.281645,0.373064,0.381547,0.351107,0.416742,0.411797,0.392133,0.430117,0.41266,0.407923
2286,0.271346,0.281645,0.373064,0.381547,0.352858,0.416742,0.411797,0.392133,0.430117,0.41266,0.407923
2287,0.271346,0.281645,0.373064,0.381547,0.351364,0.416742,0.411797,0.392133,0.430117,0.41266,0.407923
2288,0.271346,0.281645,0.373064,0.381547,0.354515,0.416742,0.411797,0.392133,0.430117,0.41266,0.407923
2289,0.271346,0.281645,0.373064,0.381547,0.358865,0.416742,0.411797,0.392133,0.430117,0.41266,0.407923
2290,0.271346,0.281645,0.373064,0.381547,0.359866,0.416742,0.411797,0.392133,0.430117,0.41266,0.407923
2291,0.271346,0.281645,0.373064,0.381547,0.360734,0.416742,0.411797,0.392133,0.430117,0.41266,0.407923
2292,0.271346,0.281645,0.373064,0.381547,0.359245,0.416742,0.411797,0.392133,0.430117,0.41266,0.407923
2293,0.271346,0.281645,0.373064,0.381547,0.362803,0.416742,0.411797,0.392133,0.430117,0.41266,0.407923
2294,0.271346,0.281645,0.373064,0.381547,0.359246,0.416742,0.411797,0.392133,0.430117,0.41266,0.407923
2295,0.271346,0.281645,0.373064,0.381547,0.361206,0.416742,0.411797,0.392133,0.430117,0.41266,0.407923
2296,0.271346,0.281645,0.373064,0.381547,0.35937,0.416742,0.411797,0.392133,0.430117,0.41266,0.407923
2297,0.271346,0.281645,0.373064,0.381547,0.361074,0.416742,0.411797,0.392133,0.430117,0.41266,0.407923
2298,0.271346,0.281645,0.373064,0.381547,0.363007,0.416742,0.411797,0.392133,0.430117,0.41266,0.407923
2299,0.271346,0.281645,0.373064,0.381547,0.361025,0.416742,0.411797,0.392133,0.430117,0.41266,0.407923
2300,0.271346,0.281645,0.373064,0.381547,0.361388,0.416742,0.411797,0.392133,0.430117,0.41266,0.407923
2301,0.271346,0.281645,0.373064,0.381547,0.35985,0.416742,0.411797,0.392133,0.430117,0.41266,0.407923
2302,0.271346,0.281645,0.373064,0.381547,0.35985,0.416742,0.408304,0.392133,0.430117,0.41266,0.407923
2303,0.271346,0.281645,0.37109,0.381547,0.35985,0.416742,0.408304,0.392133,0.430117,0.41266,0.407923
2304,0.271346,0.281645,0.37109,0.381547,0.35985,0.415777,0.408304,0.392133,0.430117,0.41266,0.407923
2305,0.271346,0.281645,0.37109,0.381547,0.35985,0.415777,0.408304,0.392133,0.430117,0.41266,0.406258
2306,0.271346,0.281645,0.37109,0.381711,0.35985,0.415777,0.408304,0.392133,0.430117,0.41266,0.406258
2307,0.271346,0.281645,0.37109,0.379821,0.35985,0.415777,0.408304,0.392133,0.430117,0.41266,0.406258
2308,0.271346,0.281645,0.37109,0.379821,0.35985,0.415777,0.408304,0.395253,0.430117,0.41266,0.406258
2309,0.271346,0.281645,0.37109,0.379821,0.35985,0.415777,0.408304,0.393593,0.430117,0.41266,0.406258
2310,0.271346,0.281645,0.37109,0.379821,0.35985,0.415777,0.408304,0.394069,0.430117,0.41266,0.406258
2311,0.271346,0.281645,0.37109,0.379821,0.35985,0.415777,0.408304,0.392629,0.430117,0.41266,0.406258
2312,0.268737,0.281645,0.37109,0.379821,0.35985,0.415777,0.408304,0.392629,0.430117,0.41266,0.406258
2313,0.268737,0.281645,0.37109,0.379821,0.35985,0.415777,0.408304,0.392629,0.430852,0.41266,0.406258
2314,0.268737,0.281645,0.37109,0.379821,0.35985,0.415777,0.408304,0.392629,0.429269,0.41266,0.406258
2315,0.268737,0.281645,0.37109,0.379821,0.35985,0.415777,0.408304,0.392629,0.429269,0.412097,0.406258
2316,0.268737,0.281645,0.37109,0.379821,0.35985,0.419452,0.408304,0.392629,0.429269,0.412097,0.406258
2317,0.268737,0.281645,0.37109,0.379821,0.35985,0.419939,0.408304,0.392629,0.429269,0.412097,0.406258
2318,0.268737,0.281645,0.37109,0.379821,0.35985,0.421413,0.408304,0.392629,0.429269,0.412097,0.406258
2319,0.268737,0.281645,0.37109,0.379821,0.35985,0.419965,0.408304,0.392629,0.429269,0.412097,0.406258
2320,0.268737,0.281645,0.37109,0.379821,0.35985,0.418398,0.408304,0.392629,0.429269,0.412097,0.406258
2321,0.268737,0.281645,0.37109,0.379821,0.35985,0.417039,0.408304,0.392629,0.429269,0.412097,0.406258
2322,0.268737,0.281645,0.37109,0.379821,0.357794,0.417039,0.408304,0.392629,0.429269,0.412097,0.406258
2323,0.268737,0.281645,0.37109,0.379821,0.357794,0.417039,0.408304,0.392629,0.429269,0.412097,0.404607
2324,0.268737,0.281645,0.37109,0.379821,0.357794,0.417039,0.408304,0.392629,0.429269,0.410648,0.404607
2325,0.268737,0.281645,0.371405,0.379821,0.357794,0.417039,0.408304,0.392629,0.429269,0.410648,0.404607
2326,0.268737,0.281645,0.371405,0.379821,0.357794,0.417039,0.408304,0.391417,0.429269,0.410648,0.404607
2327,0.268737,0.281645,0.371405,0.379821,0.357794,0.417039,0.408304,0.391417,0.428224,0.410648,0.404607
2328,0.268737,0.281645,0.371405,0.379821,0.357794,0.415495,0.408304,0.391417,0.428224,0.410648,0.404607
2329,0.268737,0.278942,0.371405,0.379821,0.357794,0.415495,0.408304,0.391417,0.428224,0.410648,0.404607
2330,0.268737,0.278942,0.369461,0.379821,0.357794,0.415495,0.408304,0.391417,0.428224,0.410648,0.404607
2331,0.268737,0.278942,0.369461,0.378063,0.357794,0.415495,0.408304,0.391417,0.428224,0.410648,0.404607
2332,0.268737,0.278942,0.369461,0.378063,0.357794,0.415495,0.409505,0.391417,0.428224,0.410648,0.404607
2333,0.268737,0.278942,0.369461,0.378063,0.357794,0.415495,0.411479,0.391417,0.428224,0.410648,0.404607
2334,0.268737,0.278942,0.369461,0.378063,0.357794,0.415495,0.412294,0.391417,0.428224,0.410648,0.404607
2335,0.268737,0.278942,0.369461,0.378063,0.357794,0.415495,0.413777,0.391417,0.428224,0.410648,0.404607
2336,0.268737,0.278942,0.369461,0.378063,0.357794,0.415495,0.4124,0.391417,0.428224,0.410648,0.404607
2337,0.268737,0.278942,0.369461,0.378063,0.357794,0.415495,0.410961,0.391417,0.428224,0.410648,0.404607
2338,0.268737,0.278942,0.369461,0.378063,0.357794,0.415495,0.413227,0.391417,0.428224,0.410648,0.404607
2339,0.268737,0.278942,0.369461,0.378063,0.357794,0.415495,0.412639,0.391417,0.428224,0.410648,0.404607
2340,0.268737,0.278942,0.369461,0.378063,0.357794,0.415495,0.416772,0.391417,0.428224,0.410648,0.404607
2341,0.268737,0.278942,0.369461,0.378063,0.357794,0.415495,0.418025,0.391417,0.428224,0.410648,0.404607
2342,0.268737,0.278942,0.369461,0.378063,0.357794,0.415495,0.419087,0.391417,0.428224,0.410648,0.404607
2343,0.268737,0.278942,0.369461,0.378063,0.357794,0.415495,0.4175,0.391417,0.428224,0.410648,0.404607
2344,0.268737,0.278942,0.369461,0.378063,0.357794,0.415495,0.416962,0.391417,0.428224,0.410648,0.404607
2345,0.268737,0.278942,0.369461,0.378063,0.357794,0.415495,0.415395,0.391417,0.428224,0.410648,0.404607
2346,0.268737,0.278942,0.369461,0.378063,0.357794,0.415495,0.413839,0.391417,0.428224,0.410648,0.404607
2347,0.268737,0.278942,0.369461,0.378063,0.357794,0.415495,0.413839,0.391417,0.427918,0.410648,0.404607
2348,0.268737,0.278942,0.369461,0.378063,0.357794,0.415495,0.413839,0.391417,0.427918,0.409342,0.404607
2349,0.268737,0.278942,0.369461,0.378063,0.357794,0.415495,0.413839,0.390121,0.427918,0.409342,0.404607
2350,0.268737,0.278942,0.369461,0.378063,0.357794,0.415495,0.413839,0.390121,0.427918,0.409342,0.405587
2351,0.268737,0.278942,0.369461,0.378063,0.357794,0.415495,0.413839,0.390121,0.427918,0.409342,0.404953
2352,0.268737,0.278942,0.369461,0.378063,0.360272,0.415495,0.413839,0.390121,0.427918,0.409342,0.404953
2353,0.268737,0.278942,0.369461,0.378063,0.358861,0.415495,0.413839,0.390121,0.427918,0.409342,0.404953
2354,0.268737,0.278942,0.369461,0.378063,0.358861,0.415495,0.413839,0.390121,0.429365,0.409342,0.404953
2355,0.268737,0.278942,0.369461,0.378063,0.358861,0.415495,0.413839,0.390121,0.429582,0.409342,0.404953
2356,0.268737,0.278942,0.369461,0.378063,0.358861,0.415495,0.413839,0.390121,0.432639,0.409342,0.404953
2357,0.268737,0.278942,0.369461,0.378063,0.358861,0.415495,0.413839,0.390121,0.431776,0.409342,0.404953
2358,0.268737,0.278942,0.369461,0.378063,0.358861,0.415495,0.413839,0.390121,0.430896,0.409342,0.404953
2359,0.268737,0.278942,0.369461,0.378063,0.358861,0.415495,0.413839,0.390121,0.431882,0.409342,0.404953
2360,0.268737,0.278942,0.369461,0.378063,0.358861,0.415495,0.413839,0.390121,0.431609,0.409342,0.404953
2361,0.268737,0.278942,0.369461,0.378063,0.358861,0.415495,0.413839,0.390121,0.433251,0.409342,0.404953
2362,0.268737,0.278942,0.369461,0.378063,0.358861,0.415495,0.413839,0.390121,0.432748,0.409342,0.404953
2363,0.268737,0.278942,0.369461,0.378063,0.358861,0.415495,0.413839,0.390121,0.433786,0.409342,0.404953
2364,0.268737,0.278942,0.369461,0.378063,0.358861,0.415495,0.413839,0.390121,0.435771,0.409342,0.404953
2365,0.268737,0.278942,0.369461,0.378063,0.358861,0.415495,0.413839,0.390121,0.435698,0.409342,0.404953
2366,0.268737,0.278942,0.369461,0.378063,0.358861,0.415495,0.413839,0.390121,0.437334,0.409342,0.404953
2367,0.268737,0.278942,0.369461,0.378063,0.358861,0.415495,0.413839,0.390121,0.438875,0.409342,0.404953
2368,0.268737,0.278942,0.369461,0.378063,0.358861,0.415495,0.413839,0.390121,0.438002,0.409342,0.404953
2369,0.268737,0.278942,0.369461,0.378063,0.358861,0.415495,0.413839,0.390121,0.436067,0.409342,0.404953
2370,0.268737,0.278942,0.369461,0.378063,0.358861,0.415495,0.413839,0.390121,0.434752,0.409342,0.404953
2371,0.268737,0.278942,0.369461,0.378063,0.358861,0.415495,0.413839,0.390121,0.43387,0.409342,0.404953
2372,0.268737,0.278942,0.369461,0.378063,0.358861,0.413961,0.413839,0.390121,0.43387,0.409342,0.404953
2373,0.272973,0.278942,0.369461,0.378063,0.358861,0.413961,0.413839,0.390121,0.43387,0.409342,0.404953
2374,0.270398,0.278942,0.369461,0.378063,0.358861,0.413961,0.413839,0.390121,0.43387,0.409342,0.404953
2375,0.270398,0.278942,0.369461,0.378063,0.358861,0.413961,0.413839,0.390121,0.43387,0.409342,0.405698
2376,0.270398,0.278942,0.369461,0.378063,0.358861,0.413961,0.413839,0.390121,0.43387,0.409342,0.406804
2377,0.270398,0.278942,0.369461,0.378063,0.358861,0.413961,0.413839,0.390121,0.43387,0.409342,0.408123
2378,0.270398,0.278942,0.369461,0.378063,0.358861,0.413961,0.413839,0.390121,0.43387,0.409342,0.406582
2379,0.270398,0.278942,0.369461,0.378063,0.36275,0.413961,0.413839,0.390121,0.43387,0.409342,0.406582
2380,0.270398,0.278942,0.369461,0.378063,0.360723,0.413961,0.413839,0.390121,0.43387,0.409342,0.406582
2381,0.270398,0.278942,0.369461,0.378063,0.35879,0.413961,0.413839,0.390121,0.43387,0.409342,0.406582
2382,0.270398,0.278942,0.369461,0.378063,0.35879,0.413961,0.415668,0.390121,0.43387,0.409342,0.406582
2383,0.270398,0.278942,0.369461,0.378063,0.35879,0.413961,0.415644,0.390121,0.43387,0.409342,0.406582
2384,0.270398,0.278942,0.369461,0.378063,0.35879,0.413961,0.416466,0.390121,0.43387,0.409342,0.406582
2385,0.270398,0.278942,0.369461,0.378063,0.35879,0.413961,0.414929,0.390121,0.43387,0.409342,0.406582
2386,0.270398,0.278942,0.369461,0.378063,0.35879,0.413961,0.414929,0.390121,0.433833,0.409342,0.406582
2387,0.270398,0.278942,0.369461,0.378063,0.35879,0.413961,0.414929,0.390121,0.433833,0.409342,0.405075
2388,0.270398,0.278942,0.369461,0.37621,0.35879,0.413961,0.414929,0.390121,0.433833,0.409342,0.405075
2389,0.270398,0.278942,0.373576,0.37621,0.35879,0.413961,0.414929,0.390121,0.433833,0.409342,0.405075
2390,0.270398,0.278942,0.372901,0.37621,0.35879,0.413961,0.414929,0.390121,0.433833,0.409342,0.405075
2391,0.270398,0.278942,0.371917,0.37621,0.35879,0.413961,0.414929,0.390121,0.433833,0.409342,0.405075
2392,0.270398,0.278942,0.370195,0.37621,0.35879,0.413961,0.414929,0.390121,0.433833,0.409342,0.405075
2393,0.270398,0.278942,0.370195,0.37621,0.35879,0.413961,0.414929,0.390121,0.432477,0.409342,0.405075
2394,0.270398,0.278942,0.370195,0.37621,0.35879,0.413961,0.414067,0.390121,0.432477,0.409342,0.405075
2395,0.270398,0.278942,0.370195,0.37621,0.35879,0.413961,0.414067,0.390121,0.432477,0.407768,0.405075
2396,0.270398,0.278942,0.370195,0.37621,0.35879,0.413961,0.414067,0.390158,0.432477,0.407768,0.405075
2397,0.270398,0.278942,0.370195,0.37621,0.35879,0.413961,0.414067,0.388464,0.432477,0.407768,0.405075
2398,0.270398,0.278942,0.370195,0.37621,0.35879,0.413521,0.414067,0.388464,0.432477,0.407768,0.405075
2399,0.278538,0.278942,0.370195,0.37621,0.35879,0.413521,0.414067,0.388464,0.432477,0.407768,0.405075
2400,0.275959,0.278942,0.370195,0.37621,0.35879,0.413521,0.414067,0.388464,0.432477,0.407768,0.405075
2401,0.282071,0.278942,0.370195,0.37621,0.35879,0.413521,0.414067,0.388464,0.432477,0.407768,0.405075
2402,0.283893,0.278942,0.370195,0.37621,0.35879,0.413521,0.414067,0.388464,0.432477,0.407768,0.405075
2403,0.283134,0.278942,0.370195,0.37621,0.35879,0.413521,0.414067,0.388464,0.432477,0.407768,0.405075
2404,0.280972,0.278942,0.370195,0.37621,0.35879,0.413521,0.414067,0.388464,0.432477,0.407768,0.405075
2405,0.280245,0.278942,0.370195,0.37621,0.35879,0.413521,0.414067,0.388464,0.432477,0.407768,0.405075
2406,0.280245,0.276588,0.370195,0.37621,0.35879,0.413521,0.414067,0.388464,0.432477,0.407768,0.405075
2407,0.280245,0.276588,0.370195,0.37621,0.35879,0.413521,0.41255,0.388464,0.432477,0.407768,0.405075
2408,0.280245,0.276588,0.370195,0.37621,0.35879,0.413521,0.41255,0.388464,0.432477,0.407768,0.404683
2409,0.280245,0.276588,0.370195,0.37621,0.35879,0.413521,0.41255,0.388464,0.431165,0.407768,0.404683
2410,0.280245,0.276588,0.370195,0.37621,0.357535,0.413521,0.41255,0.388464,0.431165,0.407768,0.404683
2411,0.280245,0.276588,0.370195,0.37621,0.357535,0.413293,0.41255,0.388464,0.431165,0.407768,0.404683
2412,0.280245,0.276588,0.369461,0.37621,0.357535,0.413293,0.41255,0.388464,0.431165,0.407768,0.404683
2413,0.280245,0.276588,0.369461,0.376803,0.357535,0.413293,0.41255,0.388464,0.431165,0.407768,0.404683
2414,0.280245,0.276588,0.369461,0.376803,0.357535,0.413293,0.41255,0.388464,0.431165,0.406778,0.404683
2415,0.280245,0.276588,0.369461,0.374974,0.357535,0.413293,0.41255,0.388464,0.431165,0.406778,0.404683
2416,0.280245,0.276588,0.369461,0.374974,0.357535,0.413293,0.41255,0.388464,0.431165,0.406778,0.404476
2417,0.280245,0.276588,0.369461,0.374974,0.357535,0.414708,0.41255,0.388464,0.431165,0.406778,0.404476
2418,0.280245,0.276588,0.369461,0.374974,0.357535,0.413682,0.41255,0.388464,0.431165,0.406778,0.404476
2419,0.280245,0.276588,0.369461,0.374974,0.357535,0.413957,0.41255,0.388464,0.431165,0.406778,0.404476
2420,0.280245,0.276588,0.369461,0.374974,0.357535,0.413957,0.41255,0.388464,0.431165,0.406778,0.406177
2421,0.280245,0.276588,0.369461,0.374974,0.357535,0.413957,0.41255,0.388464,0.431165,0.406778,0.405368
2422,0.280245,0.276588,0.369461,0.374974,0.357535,0.413957,0.41255,0.386875,0.431165,0.406778,0.405368
2423,0.280245,0.276588,0.369461,0.374974,0.357535,0.413957,0.41255,0.386875,0.431165,0.406778,0.403797
2424,0.27962,0.276588,0.369461,0.374974,0.357535,0.413957,0.41255,0.386875,0.431165,0.406778,0.403797
2425,0.27962,0.276588,0.369461,0.374974,0.357535,0.413283,0.41255,0.386875,0.431165,0.406778,0.403797
2426,0.27962,0.276588,0.369461,0.374974,0.357535,0.413283,0.41255,0.386875,0.429826,0.406778,0.403797
2427,0.27962,0.276588,0.369461,0.374974,0.357535,0.413283,0.411514,0.386875,0.429826,0.406778,0.403797
2428,0.27962,0.276588,0.36797,0.374974,0.357535,0.413283,0.411514,0.386875,0.429826,0.406778,0.403797
2429,0.27962,0.276588,0.36797,0.374974,0.357535,0.413283,0.411514,0.386875,0.429826,0.407025,0.403797
2430,0.27962,0.276588,0.36797,0.374974,0.35557,0.413283,0.411514,0.386875,0.429826,0.407025,0.403797
2431,0.27962,0.276588,0.36797,0.374974,0.35557,0.413283,0.411514,0.386875,0.429826,0.407274,0.403797
2432,0.27962,0.276588,0.36797,0.374974,0.35557,0.413283,0.411514,0.386875,0.429826,0.405732,0.403797
2433,0.27962,0.276588,0.36797,0.374974,0.35557,0.413364,0.411514,0.386875,0.429826,0.405732,0.403797
2434,0.27962,0.276588,0.36797,0.374974,0.35557,0.412131,0.411514,0.386875,0.429826,0.405732,0.403797
2435,0.27962,0.276588,0.36797,0.373555,0.35557,0.412131,0.411514,0.386875,0.429826,0.405732,0.403797
2436,0.27962,0.276588,0.36797,0.373555,0.35557,0.412131,0.416054,0.386875,0.429826,0.405732,0.403797
2437,0.27962,0.276588,0.36797,0.373555,0.35557,0.412131,0.416399,0.386875,0.429826,0.405732,0.403797
2438,0.27962,0.276588,0.36797,0.373555,0.35557,0.412131,0.417262,0.386875,0.429826,0.405732,0.403797
2439,0.27962,0.276588,0.36797,0.373555,0.35557,0.412131,0.420008,0.386875,0.429826,0.405732,0.403797
2440,0.27962,0.276588,0.36797,0.373555,0.35557,0.412131,0.419093,0.386875,0.429826,0.405732,0.403797
2441,0.27962,0.276588,0.36797,0.373555,0.35557,0.412131,0.420089,0.386875,0.429826,0.405732,0.403797
2442,0.27962,0.276588,0.36797,0.373555,0.35557,0.412131,0.418594,0.386875,0.429826,0.405732,0.403797
2443,0.27962,0.276588,0.36797,0.373555,0.35557,0.412131,0.417109,0.386875,0.429826,0.405732,0.403797
2444,0.27962,0.276588,0.36797,0.373555,0.35557,0.412131,0.415672,0.386875,0.429826,0.405732,0.403797
2445,0.27962,0.276588,0.36797,0.373555,0.35557,0.412131,0.414837,0.386875,0.429826,0.405732,0.403797
2446,0.27962,0.276588,0.36797,0.373555,0.35557,0.412131,0.414837,0.386875,0.429623,0.405732,0.403797
2447,0.27962,0.275755,0.36797,0.373555,0.35557,0.412131,0.414837,0.386875,0.429623,0.405732,0.403797
2448,0.27962,0.275755,0.36797,0.373555,0.35557,0.412131,0.414837,0.386875,0.429623,0.405732,0.403762
2449,0.27962,0.275755,0.36797,0.373555,0.35557,0.412131,0.414837,0.385727,0.429623,0.405732,0.403762
2450,0.277188,0.275755,0.36797,0.373555,0.35557,0.412131,0.414837,0.385727,0.429623,0.405732,0.403762
2451,0.277188,0.275755,0.36797,0.373555,0.35557,0.412131,0.414837,0.385727,0.428506,0.405732,0.403762
2452,0.277188,0.275755,0.366112,0.373555,0.35557,0.412131,0.414837,0.385727,0.428506,0.405732,0.403762
2453,0.277188,0.275755,0.366112,0.373555,0.35557,0.412131,0.413013,0.385727,0.428506,0.405732,0.403762
2454,0.277188,0.275755,0.366112,0.373555,0.35557,0.412131,0.413013,0.385727,0.428506,0.405732,0.406686
2455,0.277188,0.275755,0.366112,0.373555,0.35557,0.412131,0.413013,0.385727,0.428506,0.405732,0.407863
2456,0.277188,0.275755,0.366112,0.373555,0.35557,0.412131,0.413013,0.385727,0.428506,0.405732,0.407351
2457,0.277188,0.275755,0.366112,0.373555,0.35557,0.412131,0.413013,0.385727,0.428506,0.405732,0.406959
2458,0.277188,0.275755,0.366112,0.373555,0.35557,0.412131,0.413013,0.385727,0.428506,0.405732,0.405873
2459,0.277188,0.275755,0.366112,0.373555,0.35557,0.412131,0.413013,0.385727,0.428506,0.405732,0.404341
2460,0.277188,0.275755,0.366112,0.373555,0.35557,0.412131,0.413013,0.385727,0.428506,0.404469,0.404341
2461,0.277188,0.275755,0.366112,0.373555,0.35557,0.41248,0.413013,0.385727,0.428506,0.404469,0.404341
2462,0.277188,0.275755,0.366112,0.373555,0.35557,0.414104,0.413013,0.385727,0.428506,0.404469,0.404341
2463,0.277188,0.275755,0.366112,0.373555,0.35557,0.416037,0.413013,0.385727,0.428506,0.404469,0.404341
2464,0.277188,0.275755,0.366112,0.373555,0.35557,0.416898,0.413013,0.385727,0.428506,0.404469,0.404341
2465,0.277188,0.275755,0.366112,0.373555,0.35557,0.41608,0.413013,0.385727,0.428506,0.404469,0.404341
2466,0.277188,0.275755,0.366112,0.373555,0.35557,0.417733,0.413013,0.385727,0.428506,0.404469,0.404341
2467,0.277188,0.275755,0.366112,0.373555,0.35557,0.417838,0.413013,0.385727,0.428506,0.404469,0.404341
2468,0.277188,0.275755,0.366112,0.373555,0.35557,0.416479,0.413013,0.385727,0.428506,0.404469,0.404341
2469,0.277188,0.275755,0.366112,0.373555,0.35557,0.415033,0.413013,0.385727,0.428506,0.404469,0.404341
2470,0.277188,0.275755,0.366112,0.373555,0.356174,0.415033,0.413013,0.385727,0.428506,0.404469,0.404341
2471,0.277188,0.275755,0.366112,0.373555,0.355223,0.415033,0.413013,0.385727,0.428506,0.404469,0.404341
2472,0.277188,0.275755,0.366112,0.37338,0.355223,0.415033,0.413013,0.385727,0.428506,0.404469,0.404341
2473,0.277188,0.275755,0.366112,0.37338,0.355223,0.415033,0.413013,0.385727,0.427378,0.404469,0.404341
2474,0.277188,0.275755,0.366112,0.37338,0.355223,0.415033,0.413013,0.384321,0.427378,0.404469,0.404341
2475,0.277188,0.275755,0.366112,0.37338,0.355223,0.41332,0.413013,0.384321,0.427378,0.404469,0.404341
2476,0.277188,0.276362,0.366112,0.37338,0.355223,0.41332,0.413013,0.384321,0.427378,0.404469,0.404341
2477,0.277188,0.276362,0.366112,0.371812,0.355223,0.41332,0.413013,0.384321,0.427378,0.404469,0.404341
2478,0.277188,0.276362,0.366112,0.371812,0.355223,0.41332,0.413013,0.384321,0.427378,0.40342,0.404341
2479,0.277188,0.276362,0.366112,0.371812,0.355223,0.41332,0.413013,0.384321,0.427378,0.40342,0.40627
2480,0.277188,0.276362,0.366112,0.371812,0.355223,0.41332,0.413013,0.384321,0.427378,0.40342,0.404384
2481,0.277188,0.276362,0.366112,0.371812,0.355223,0.41332,0.410662,0.384321,0.427378,0.40342,0.404384
2482,0.277188,0.276362,0.364039,0.371812,0.355223,0.41332,0.410662,0.384321,0.427378,0.40342,0.404384
2483,0.277188,0.276362,0.364039,0.371812,0.354553,0.41332,0.410662,0.384321,0.427378,0.40342,0.404384
2484,0.277188,0.276362,0.364039,0.371812,0.354553,0.41332,0.410662,0.384321,0.427476,0.40342,0.404384
2485,0.277188,0.284024,0.364039,0.371812,0.354553,0.41332,0.410662,0.384321,0.427476,0.40342,0.404384
2486,0.277188,0.293985,0.364039,0.371812,0.354553,0.41332,0.410662,0.384321,0.427476,0.40342,0.404384
2487,0.277188,0.29208,0.364039,0.371812,0.354553,0.41332,0.410662,0.384321,0.427476,0.40342,0.404384
2488,0.277188,0.300831,0.364039,0.371812,0.354553,0.41332,0.410662,0.384321,0.427476,0.40342,0.404384
2489,0.277188,0.306981,0.364039,0.371812,0.354553,0.41332,0.410662,0.384321,0.427476,0.40342,0.404384
2490,0.277188,0.309695,0.364039,0.371812,0.354553,0.41332,0.410662,0.384321,0.427476,0.40342,0.404384
2491,0.277188,0.30921,0.364039,0.371812,0.354553,0.41332,0.410662,0.384321,0.427476,0.40342,0.404384
2492,0.277188,0.312652,0.364039,0.371812,0.354553,0.41332,0.410662,0.384321,0.427476,0.40342,0.404384
2493,0.277188,0.317262,0.364039,0.371812,0.354553,0.41332,0.410662,0.384321,0.427476,0.40342,0.404384
2494,0.277188,0.317923,0.364039,0.371812,0.354553,0.41332,0.410662,0.384321,0.427476,0.40342,0.404384
2495,0.277188,0.31538,0.364039,0.371812,0.354553,0.41332,0.410662,0.384321,0.427476,0.40342,0.404384
2496,0.277188,0.316149,0.364039,0.371812,0.354553,0.41332,0.410662,0.384321,0.427476,0.40342,0.404384
2497,0.277188,0.315434,0.364039,0.371812,0.354553,0.41332,0.410662,0.384321,0.427476,0.40342,0.404384
2498,0.277188,0.312969,0.364039,0.371812,0.354553,0.41332,0.410662,0.384321,0.427476,0.40342,0.404384
2499,0.277188,0.315082,0.364039,0.371812,0.354553,0.41332,0.410662,0.384321,0.427476,0.40342,0.404384
2500,0.277188,0.314178,0.364039,0.371812,0.354553,0.41332,0.410662,0.384321,0.427476,0.40342,0.404384
2501,0.277188,0.318568,0.364039,0.371812,0.354553,0.41332,0.410662,0.384321,0.427476,0.40342,0.404384
2502,0.277188,0.317887,0.364039,0.371812,0.354553,0.41332,0.410662,0.384321,0.427476,0.40342,0.404384
2503,0.277188,0.316077,0.364039,0.371812,0.354553,0.41332,0.410662,0.384321,0.427476,0.40342,0.404384
2504,0.277188,0.313791,0.364039,0.371812,0.354553,0.41332,0.410662,0.384321,0.427476,0.40342,0.404384
2505,0.277188,0.315182,0.364039,0.371812,0.354553,0.41332,0.410662,0.384321,0.427476,0.40342,0.404384
2506,0.277188,0.318244,0.364039,0.371812,0.354553,0.41332,0.410662,0.384321,0.427476,0.40342,0.404384
2507,0.277188,0.318799,0.364039,0.371812,0.354553,0.41332,0.410662,0.384321,0.427476,0.40342,0.404384
2508,0.277188,0.328937,0.364039,0.371812,0.354553,0.41332,0.410662,0.384321,0.427476,0.40342,0.404384
2509,0.277188,0.327214,0.364039,0.371812,0.354553,0.41332,0.410662,0.384321,0.427476,0.40342,0.404384
2510,0.277188,0.324877,0.364039,0.371812,0.354553,0.41332,0.410662,0.384321,0.427476,0.40342,0.404384
2511,0.277188,0.322572,0.364039,0.371812,0.354553,0.41332,0.410662,0.384321,0.427476,0.40342,0.404384
2512,0.277188,0.320427,0.364039,0.371812,0.354553,0.41332,0.410662,0.384321,0.427476,0.40342,0.404384
2513,0.277188,0.318403,0.364039,0.371812,0.354553,0.41332,0.410662,0.384321,0.427476,0.40342,0.404384
2514,0.277188,0.316192,0.364039,0.371812,0.354553,0.41332,0.410662,0.384321,0.427476,0.40342,0.404384
2515,0.277188,0.316192,0.364039,0.371812,0.354553,0.41332,0.410662,0.384321,0.425486,0.40342,0.404384
2516,0.277188,0.316192,0.364039,0.371812,0.354553,0.41332,0.410662,0.384321,0.425486,0.40342,0.40583
2517,0.277188,0.316192,0.364039,0.371812,0.354553,0.41332,0.410662,0.384321,0.425486,0.40342,0.40952
2518,0.277188,0.316192,0.364039,0.371812,0.354553,0.41332,0.410662,0.384321,0.425486,0.40342,0.409528
2519,0.277188,0.316192,0.364039,0.371812,0.354553,0.41332,0.410662,0.384321,0.425486,0.40342,0.408112
2520,0.277188,0.316192,0.364039,0.371812,0.354553,0.41332,0.410662,0.384321,0.425486,0.40342,0.406756
2521,0.277188,0.316192,0.364039,0.371812,0.354553,0.41332,0.410662,0.384321,0.425486,0.40342,0.407469
2522,0.277188,0.316192,0.364039,0.371812,0.354553,0.41332,0.410662,0.384321,0.425486,0.40342,0.405982
2523,0.277188,0.316192,0.364039,0.371812,0.354553,0.41332,0.410662,0.382647,0.425486,0.40342,0.405982
2524,0.27539,0.316192,0.364039,0.371812,0.354553,0.41332,0.410662,0.382647,0.425486,0.40342,0.405982
2525,0.27539,0.316192,0.364039,0.371812,0.354553,0.413359,0.410662,0.382647,0.425486,0.40342,0.405982
2526,0.27539,0.316192,0.364039,0.371812,0.354553,0.413359,0.410662,0.382647,0.425486,0.401997,0.405982
2527,0.27539,0.313438,0.364039,0.371812,0.354553,0.413359,0.410662,0.382647,0.425486,0.401997,0.405982
2528,0.27539,0.313438,0.364039,0.371812,0.354553,0.412013,0.410662,0.382647,0.425486,0.401997,0.405982
2529,0.27539,0.313438,0.364039,0.370041,0.354553,0.412013,0.410662,0.382647,0.425486,0.401997,0.405982
2530,0.27539,0.313438,0.364039,0.370041,0.35363,0.412013,0.410662,0.382647,0.425486,0.401997,0.405982
2531,0.27539,0.313438,0.364039,0.370041,0.35363,0.412013,0.410662,0.382647,0.425486,0.401997,0.406081
2532,0.27539,0.313438,0.364039,0.370041,0.35363,0.412013,0.410662,0.382647,0.425486,0.401997,0.407024
2533,0.27539,0.313438,0.364039,0.370041,0.35363,0.412013,0.410662,0.382647,0.425486,0.401997,0.406553
2534,0.27539,0.313438,0.364039,0.370041,0.35363,0.412013,0.409231,0.382647,0.425486,0.401997,0.406553
2535,0.27539,0.313438,0.363886,0.370041,0.35363,0.412013,0.409231,0.382647,0.425486,0.401997,0.406553
2536,0.27539,0.313438,0.363886,0.370041,0.35363,0.412013,0.409231,0.382647,0.425486,0.401997,0.407005
2537,0.27539,0.313438,0.363886,0.370041,0.35363,0.412013,0.409231,0.382647,0.425486,0.401997,0.405833
2538,0.27539,0.313438,0.363886,0.370041,0.35363,0.412013,0.409231,0.382647,0.42486,0.401997,0.405833
2539,0.27539,0.313438,0.363886,0.370041,0.35363,0.412013,0.409231,0.382647,0.42486,0.404465,0.405833
2540,0.27539,0.313438,0.363886,0.370041,0.35363,0.412013,0.409231,0.382647,0.42486,0.407097,0.405833
2541,0.27539,0.313438,0.363886,0.370041,0.35363,0.412013,0.409231,0.382647,0.42486,0.40591,0.405833
2542,0.27539,0.313438,0.363886,0.370041,0.35363,0.412013,0.409231,0.382647,0.42486,0.405983,0.405833
2543,0.27539,0.313438,0.363886,0.370041,0.35363,0.412013,0.409231,0.382647,0.42486,0.405014,0.405833
2544,0.27539,0.313438,0.363886,0.370041,0.35363,0.412013,0.409231,0.382647,0.42486,0.406251,0.405833
2545,0.27539,0.313438,0.363886,0.370041,0.35363,0.412013,0.409231,0.382647,0.42486,0.405386,0.405833
2546,0.27539,0.313438,0.363886,0.370041,0.35363,0.412013,0.409231,0.382647,0.42486,0.406793,0.405833
2547,0.27539,0.313438,0.363886,0.370041,0.35363,0.412013,0.409231,0.382647,0.42486,0.405427,0.405833
2548,0.27539,0.313438,0.363886,0.370041,0.35363,0.412013,0.409231,0.380984,0.42486,0.405427,0.405833
2549,0.27539,0.313438,0.363886,0.370041,0.35363,0.413457,0.409231,0.380984,0.42486,0.405427,0.405833
2550,0.27539,0.313438,0.363886,0.370041,0.35363,0.412046,0.409231,0.380984,0.42486,0.405427,0.405833
2551,0.27539,0.313438,0.363886,0.370041,0.351359,0.412046,0.409231,0.380984,0.42486,0.405427,0.405833
2552,0.27539,0.313438,0.367025,0.370041,0.351359,0.412046,0.409231,0.380984,0.42486,0.405427,0.405833
2553,0.27539,0.313438,0.369924,0.370041,0.351359,0.412046,0.409231,0.380984,0.42486,0.405427,0.405833
2554,0.27539,0.313438,0.371217,0.370041,0.351359,0.412046,0.409231,0.380984,0.42486,0.405427,0.405833
2555,0.27539,0.313438,0.370306,0.370041,0.351359,0.412046,0.409231,0.380984,0.42486,0.405427,0.405833
2556,0.27539,0.313438,0.371562,0.370041,0.351359,0.412046,0.409231,0.380984,0.42486,0.405427,0.405833
2557,0.27539,0.313438,0.377124,0.370041,0.351359,0.412046,0.409231,0.380984,0.42486,0.405427,0.405833
2558,0.27539,0.313438,0.375302,0.370041,0.351359,0.412046,0.409231,0.380984,0.42486,0.405427,0.405833
2559,0.27539,0.313438,0.373642,0.370041,0.351359,0.412046,0.409231,0.380984,0.42486,0.405427,0.405833
2560,0.27539,0.313438,0.376549,0.370041,0.351359,0.412046,0.409231,0.380984,0.42486,0.405427,0.405833
2561,0.27539,0.313438,0.376593,0.370041,0.351359,0.412046,0.409231,0.380984,0.42486,0.405427,0.405833
2562,0.27539,0.313438,0.377975,0.370041,0.351359,0.412046,0.409231,0.380984,0.42486,0.405427,0.405833
2563,0.27539,0.313438,0.376693,0.370041,0.351359,0.412046,0.409231,0.380984,0.42486,0.405427,0.405833
2564,0.27539,0.313438,0.377673,0.370041,0.351359,0.412046,0.409231,0.380984,0.42486,0.405427,0.405833
2565,0.27539,0.313438,0.377949,0.370041,0.351359,0.412046,0.409231,0.380984,0.42486,0.405427,0.405833
2566,0.27539,0.313438,0.377266,0.370041,0.351359,0.412046,0.409231,0.380984,0.42486,0.405427,0.405833
2567,0.27539,0.313438,0.37969,0.370041,0.351359,0.412046,0.409231,0.380984,0.42486,0.405427,0.405833
2568,0.27539,0.313438,0.37794,0.370041,0.351359,0.412046,0.409231,0.380984,0.42486,0.405427,0.405833
2569,0.27539,0.313438,0.377103,0.370041,0.351359,0.412046,0.409231,0.380984,0.42486,0.405427,0.405833
2570,0.27539,0.313438,0.375381,0.370041,0.351359,0.412046,0.409231,0.380984,0.42486,0.405427,0.405833
2571,0.27539,0.313438,0.375381,0.370041,0.351359,0.412046,0.409231,0.380984,0.42486,0.403964,0.405833
2572,0.27539,0.313438,0.375381,0.370041,0.351359,0.412046,0.409231,0.380984,0.423569,0.403964,0.405833
2573,0.27539,0.313438,0.375381,0.370041,0.351359,0.410644,0.409231,0.380984,0.423569,0.403964,0.405833
2574,0.27539,0.313438,0.375381,0.367372,0.351359,0.410644,0.409231,0.380984,0.423569,0.403964,0.405833
2575,0.275159,0.313438,0.375381,0.367372,0.351359,0.410644,0.409231,0.380984,0.423569,0.403964,0.405833
2576,0.275159,0.313438,0.373675,0.367372,0.351359,0.410644,0.409231,0.380984,0.423569,0.403964,0.405833
2577,0.275159,0.313438,0.373675,0.367372,0.351359,0.410644,0.410943,0.380984,0.423569,0.403964,0.405833
2578,0.275159,0.313438,0.373675,0.367372,0.351359,0.410644,0.412101,0.380984,0.423569,0.403964,0.405833
2579,0.275159,0.313438,0.373675,0.367372,0.351359,0.410644,0.410996,0.380984,0.423569,0.403964,0.405833
2580,0.275159,0.313438,0.373675,0.367372,0.351359,0.410644,0.409987,0.380984,0.423569,0.403964,0.405833
2581,0.275159,0.313438,0.373675,0.367372,0.351359,0.410644,0.409987,0.380984,0.423569,0.403964,0.404675
2582,0.275159,0.314373,0.373675,0.367372,0.351359,0.410644,0.409987,0.380984,0.423569,0.403964,0.404675
2583,0.275159,0.312235,0.373675,0.367372,0.351359,0.410644,0.409987,0.380984,0.423569,0.403964,0.404675
2584,0.275159,0.312235,0.373675,0.367372,0.351359,0.410644,0.409987,0.384274,0.423569,0.403964,0.404675
2585,0.275159,0.312235,0.373675,0.367372,0.351359,0.410644,0.409987,0.383493,0.423569,0.403964,0.404675
2586,0.275159,0.312235,0.373675,0.367372,0.351359,0.410644,0.409987,0.388214,0.423569,0.403964,0.404675
2587,0.275159,0.312235,0.373675,0.367372,0.351359,0.410644,0.409987,0.386555,0.423569,0.403964,0.404675
2588,0.275159,0.312235,0.373675,0.367372,0.351359,0.410644,0.409987,0.387449,0.423569,0.403964,0.404675
2589,0.275159,0.312235,0.373675,0.367372,0.351359,0.410644,0.409987,0.385807,0.423569,0.403964,0.404675
2590,0.275159,0.312235,0.373675,0.367372,0.351359,0.410644,0.409987,0.387494,0.423569,0.403964,0.404675
2591,0.275159,0.312235,0.373675,0.367372,0.351359,0.410644,0.409987,0.386051,0.423569,0.403964,0.404675
2592,0.275159,0.312235,0.373675,0.367372,0.351359,0.410644,0.409987,0.385672,0.423569,0.403964,0.404675
2593,0.275159,0.312235,0.373675,0.367372,0.351359,0.410644,0.408583,0.385672,0.423569,0.403964,0.404675
2594,0.275159,0.312235,0.373675,0.367372,0.351359,0.410644,0.408583,0.385672,0.423569,0.404426,0.404675
2595,0.275159,0.312235,0.373675,0.367372,0.351359,0.410644,0.408583,0.385672,0.423569,0.404142,0.404675
2596,0.275159,0.312235,0.373675,0.367372,0.351359,0.410644,0.408583,0.385672,0.422286,0.404142,0.404675
2597,0.275159,0.312235,0.373675,0.367372,0.351359,0.410644,0.408583,0.384065,0.422286,0.404142,0.404675
2598,0.275159,0.312235,0.373675,0.367372,0.351359,0.412245,0.408583,0.384065,0.422286,0.404142,0.404675
2599,0.275159,0.312235,0.373675,0.367372,0.351359,0.410577,0.408583,0.384065,0.422286,0.404142,0.404675
2600,0.272827,0.312235,0.373675,0.367372,0.351359,0.410577,0.408583,0.384065,0.422286,0.404142,0.404675
2601,0.272827,0.312235,0.373675,0.367372,0.351359,0.410577,0.408583,0.384065,0.422286,0.404142,0.404054
2602,0.272827,0.312235,0.373675,0.367372,0.351359,0.410577,0.408583,0.384065,0.422286,0.406217,0.404054
2603,0.272827,0.312235,0.373675,0.367372,0.351359,0.410577,0.408583,0.384065,0.422286,0.406641,0.404054
2604,0.272827,0.312235,0.373675,0.367372,0.351359,0.410577,0.408583,0.384065,0.422286,0.408114,0.404054
2605,0.272827,0.312235,0.373675,0.367372,0.351359,0.410577,0.408583,0.384065,0.422286,0.408728,0.404054
2606,0.272827,0.312235,0.373675,0.367372,0.351359,0.410577,0.408583,0.384065,0.422286,0.41025,0.404054
2607,0.272827,0.312235,0.373675,0.367372,0.351359,0.410577,0.408583,0.384065,0.422286,0.411765,0.404054
2608,0.272827,0.312235,0.373675,0.367372,0.351359,0.410577,0.408583,0.384065,0.422286,0.415351,0.404054
2609,0.272827,0.312235,0.373675,0.367372,0.351359,0.410577,0.408583,0.384065,0.422286,0.414704,0.404054
2610,0.272827,0.312235,0.373675,0.367372,0.351359,0.410577,0.408583,0.384065,0.422286,0.415113,0.404054
2611,0.272827,0.312235,0.373675,0.367372,0.351359,0.410577,0.408583,0.384065,0.422286,0.414033,0.404054
2612,0.272827,0.312235,0.373675,0.367372,0.351359,0.410577,0.408583,0.384065,0.422286,0.416732,0.404054
2613,0.272827,0.312235,0.373675,0.367372,0.351359,0.410577,0.408583,0.384065,0.422286,0.416061,0.404054
2614,0.272827,0.312235,0.373675,0.367372,0.351359,0.410577,0.408583,0.384065,0.422286,0.416496,0.404054
2615,0.272827,0.312235,0.373675,0.367372,0.351359,0.410577,0.408583,0.384065,0.422286,0.415903,0.404054
2616,0.272827,0.312235,0.373675,0.367372,0.351359,0.410577,0.408583,0.384065,0.422286,0.414489,0.404054
2617,0.272827,0.312235,0.373675,0.367372,0.351359,0.410577,0.408583,0.384065,0.422286,0.417183,0.404054
2618,0.272827,0.312235,0.373675,0.367372,0.351359,0.410577,0.408583,0.384065,0.422286,0.419617,0.404054
2619,0.272827,0.312235,0.373675,0.367372,0.351359,0.410577,0.408583,0.384065,0.422286,0.420823,0.404054
2620,0.272827,0.312235,0.373675,0.367372,0.351359,0.410577,0.408583,0.384065,0.422286,0.420206,0.404054
2621,0.272827,0.312235,0.373675,0.367372,0.351359,0.410577,0.408583,0.384065,0.422286,0.4188,0.404054
2622,0.272827,0.312235,0.373675,0.367372,0.351359,0.410577,0.408583,0.384065,0.422286,0.418916,0.404054
2623,0.272827,0.312235,0.373675,0.367372,0.351359,0.410577,0.408583,0.384065,0.422286,0.417746,0.404054
2624,0.272827,0.312235,0.373675,0.367372,0.351359,0.410577,0.408583,0.384065,0.422286,0.416563,0.404054
2625,0.272827,0.312235,0.373675,0.367372,0.351359,0.410577,0.408583,0.384065,0.422286,0.417448,0.404054
2626,0.272827,0.312235,0.373675,0.367372,0.351359,0.410577,0.408583,0.384065,0.422286,0.416929,0.404054
2627,0.272827,0.312235,0.373675,0.367372,0.351359,0.410577,0.408583,0.384065,0.422286,0.415713,0.404054
2628,0.272827,0.312235,0.373675,0.367372,0.351359,0.410577,0.408583,0.384065,0.422286,0.412994,0.404054
2629,0.272827,0.312235,0.373675,0.367372,0.349783,0.410577,0.408583,0.384065,0.422286,0.412994,0.404054
2630,0.272827,0.312235,0.373675,0.367372,0.349783,0.40932,0.408583,0.384065,0.422286,0.412994,0.404054
2631,0.272827,0.312235,0.372346,0.367372,0.349783,0.40932,0.408583,0.384065,0.422286,0.412994,0.404054
2632,0.272827,0.312235,0.372346,0.367372,0.349783,0.40932,0.408493,0.384065,0.422286,0.412994,0.404054
2633,0.272827,0.312235,0.372346,0.367372,0.349783,0.40932,0.408493,0.384065,0.422286,0.412994,0.402621
2634,0.272827,0.312235,0.372346,0.367372,0.349783,0.40932,0.408493,0.384065,0.421637,0.412994,0.402621
2635,0.272827,0.312235,0.372346,0.369996,0.349783,0.40932,0.408493,0.384065,0.421637,0.412994,0.402621
2636,0.272827,0.312235,0.372346,0.368259,0.349783,0.40932,0.408493,0.384065,0.421637,0.412994,0.402621
2637,0.272827,0.312235,0.372346,0.368259,0.349783,0.40932,0.408937,0.384065,0.421637,0.412994,0.402621
2638,0.272827,0.312235,0.372346,0.368259,0.349783,0.40932,0.408841,0.384065,0.421637,0.412994,0.402621
2639,0.272827,0.312235,0.372346,0.368259,0.349783,0.40932,0.408841,0.384907,0.421637,0.412994,0.402621
2640,0.272827,0.312235,0.372346,0.368259,0.349783,0.40932,0.408841,0.384986,0.421637,0.412994,0.402621
2641,0.272827,0.312235,0.372346,0.366663,0.349783,0.40932,0.408841,0.384986,0.421637,0.412994,0.402621
2642,0.272827,0.312235,0.372346,0.366663,0.349783,0.40932,0.408841,0.384529,0.421637,0.412994,0.402621
2643,0.272827,0.312235,0.372346,0.366663,0.349783,0.40932,0.41062,0.384529,0.421637,0.412994,0.402621
2644,0.272827,0.312235,0.372346,0.366663,0.349783,0.40932,0.409521,0.384529,0.421637,0.412994,0.402621
2645,0.272827,0.312235,0.372346,0.366663,0.349783,0.40932,0.409521,0.384529,0.421637,0.41216,0.402621
2646,0.272827,0.312235,0.372346,0.366663,0.349783,0.40932,0.408147,0.384529,0.421637,0.41216,0.402621
2647,0.272827,0.312235,0.372346,0.366663,0.349783,0.40932,0.408147,0.384529,0.420662,0.41216,0.402621
2648,0.272827,0.312235,0.372346,0.366663,0.349783,0.40959,0.408147,0.384529,0.420662,0.41216,0.402621
2649,0.272827,0.317593,0.372346,0.366663,0.349783,0.40959,0.408147,0.384529,0.420662,0.41216,0.402621
2650,0.272827,0.315746,0.372346,0.366663,0.349783,0.40959,0.408147,0.384529,0.420662,0.41216,0.402621
2651,0.272827,0.314914,0.372346,0.366663,0.349783,0.40959,0.408147,0.384529,0.420662,0.41216,0.402621
2652,0.272827,0.314914,0.372346,0.366663,0.349783,0.411943,0.408147,0.384529,0.420662,0.41216,0.402621
2653,0.272827,0.314914,0.372346,0.366663,0.349783,0.413187,0.408147,0.384529,0.420662,0.41216,0.402621
2654,0.272827,0.314914,0.372346,0.366663,0.349783,0.411662,0.408147,0.384529,0.420662,0.41216,0.402621
2655,0.272827,0.314914,0.372346,0.366663,0.349783,0.412373,0.408147,0.384529,0.420662,0.41216,0.402621
2656,0.272827,0.314914,0.372346,0.366663,0.349783,0.411012,0.408147,0.384529,0.420662,0.41216,0.402621
2657,0.272827,0.314914,0.372443,0.366663,0.349783,0.411012,0.408147,0.384529,0.420662,0.41216,0.402621
2658,0.272827,0.314914,0.372443,0.366663,0.350963,0.411012,0.408147,0.384529,0.420662,0.41216,0.402621
2659,0.272827,0.314914,0.372443,0.366663,0.353034,0.411012,0.408147,0.384529,0.420662,0.41216,0.402621
2660,0.272827,0.314914,0.372443,0.366663,0.353339,0.411012,0.408147,0.384529,0.420662,0.41216,0.402621
2661,0.272827,0.314914,0.372443,0.366663,0.352748,0.411012,0.408147,0.384529,0.420662,0.41216,0.402621
2662,0.272827,0.314914,0.372443,0.366663,0.35092,0.411012,0.408147,0.384529,0.420662,0.41216,0.402621
2663,0.272827,0.314914,0.372443,0.366663,0.35092,0.411012,0.408147,0.381827,0.420662,0.41216,0.402621
2664,0.272827,0.312828,0.372443,0.366663,0.35092,0.411012,0.408147,0.381827,0.420662,0.41216,0.402621
2665,0.272827,0.312828,0.372443,0.366663,0.35092,0.412835,0.408147,0.381827,0.420662,0.41216,0.402621
2666,0.272827,0.312828,0.372443,0.366663,0.35092,0.412909,0.408147,0.381827,0.420662,0.41216,0.402621
2667,0.272827,0.312828,0.372443,0.366663,0.35092,0.412115,0.408147,0.381827,0.420662,0.41216,0.402621
2668,0.272827,0.312828,0.372443,0.366663,0.35092,0.412248,0.408147,0.381827,0.420662,0.41216,0.402621
2669,0.272827,0.312828,0.372443,0.366663,0.35092,0.412248,0.408147,0.381827,0.420662,0.41216,0.401198
2670,0.272827,0.312828,0.370981,0.366663,0.35092,0.412248,0.408147,0.381827,0.420662,0.41216,0.401198
2671,0.272827,0.312828,0.370981,0.366663,0.35092,0.412511,0.408147,0.381827,0.420662,0.41216,0.401198
2672,0.272827,0.312828,0.370981,0.366663,0.35092,0.412511,0.408147,0.381827,0.420662,0.412898,0.401198
2673,0.272827,0.312828,0.370981,0.366663,0.35092,0.412511,0.408147,0.381827,0.420662,0.41313,0.401198
2674,0.272827,0.312828,0.370981,0.366663,0.35092,0.412511,0.408147,0.381827,0.420662,0.411798,0.401198
2675,0.272827,0.312828,0.370981,0.366663,0.35092,0.415284,0.408147,0.381827,0.420662,0.411798,0.401198
2676,0.272827,0.312828,0.370981,0.366663,0.35092,0.416453,0.408147,0.381827,0.420662,0.411798,0.401198
2677,0.272827,0.312828,0.370981,0.366663,0.35092,0.417512,0.408147,0.381827,0.420662,0.411798,0.401198
2678,0.272827,0.312828,0.370981,0.366663,0.35092,0.417377,0.408147,0.381827,0.420662,0.411798,0.401198
2679,0.272827,0.312828,0.370981,0.366663,0.35092,0.417475,0.408147,0.381827,0.420662,0.411798,0.401198
2680,0.272827,0.312828,0.370981,0.366663,0.35092,0.420474,0.408147,0.381827,0.420662,0.411798,0.401198
2681,0.272827,0.312828,0.370981,0.366663,0.35092,0.42021,0.408147,0.381827,0.420662,0.411798,0.401198
2682,0.272827,0.312828,0.370981,0.366663,0.35092,0.418764,0.408147,0.381827,0.420662,0.411798,0.401198
2683,0.272827,0.312828,0.370981,0.366663,0.35092,0.420146,0.408147,0.381827,0.420662,0.411798,0.401198
2684,0.272827,0.312828,0.370981,0.366663,0.35092,0.422001,0.408147,0.381827,0.420662,0.411798,0.401198
2685,0.272827,0.312828,0.370981,0.366663,0.35092,0.424146,0.408147,0.381827,0.420662,0.411798,0.401198
2686,0.272827,0.312828,0.370981,0.366663,0.35092,0.422834,0.408147,0.381827,0.420662,0.411798,0.401198
2687,0.272827,0.312828,0.370981,0.366663,0.35092,0.421516,0.408147,0.381827,0.420662,0.411798,0.401198
2688,0.272827,0.312828,0.370981,0.366663,0.35092,0.420207,0.408147,0.381827,0.420662,0.411798,0.401198
2689,0.272827,0.312828,0.370981,0.366663,0.35092,0.421275,0.408147,0.381827,0.420662,0.411798,0.401198
2690,0.272827,0.312828,0.370981,0.366663,0.35092,0.420168,0.408147,0.381827,0.420662,0.411798,0.401198
2691,0.272827,0.312828,0.370981,0.366663,0.35092,0.419143,0.408147,0.381827,0.420662,0.411798,0.401198
2692,0.272827,0.312828,0.370981,0.366663,0.35092,0.417873,0.408147,0.381827,0.420662,0.411798,0.401198
2693,0.272827,0.312828,0.370981,0.366663,0.35092,0.417873,0.408147,0.381827,0.419695,0.411798,0.401198
2694,0.274908,0.312828,0.370981,0.366663,0.35092,0.417873,0.408147,0.381827,0.419695,0.411798,0.401198
2695,0.282945,0.312828,0.370981,0.366663,0.35092,0.417873,0.408147,0.381827,0.419695,0.411798,0.401198
2696,0.289716,0.312828,0.370981,0.366663,0.35092,0.417873,0.408147,0.381827,0.419695,0.411798,0.401198
2697,0.288537,0.312828,0.370981,0.366663,0.35092,0.417873,0.408147,0.381827,0.419695,0.411798,0.401198
2698,0.291672,0.312828,0.370981,0.366663,0.35092,0.417873,0.408147,0.381827,0.419695,0.411798,0.401198
2699,0.298148,0.312828,0.370981,0.366663,0.35092,0.417873,0.408147,0.381827,0.419695,0.411798,0.401198
2700,0.303675,0.312828,0.370981,0.366663,0.35092,0.417873,0.408147,0.381827,0.419695,0.411798,0.401198
2701,0.301265,0.312828,0.370981,0.366663,0.35092,0.417873,0.408147,0.381827,0.419695,0.411798,0.401198
2702,0.298893,0.312828,0.370981,0.366663,0.35092,0.417873,0.408147,0.381827,0.419695,0.411798,0.401198
2703,0.299211,0.312828,0.370981,0.366663,0.35092,0.417873,0.408147,0.381827,0.419695,0.411798,0.401198
2704,0.296892,0.312828,0.370981,0.366663,0.35092,0.417873,0.408147,0.381827,0.419695,0.411798,0.401198
2705,0.294608,0.312828,0.370981,0.366663,0.35092,0.417873,0.408147,0.381827,0.419695,0.411798,0.401198
2706,0.292359,0.312828,0.370981,0.366663,0.35092,0.417873,0.408147,0.381827,0.419695,0.411798,0.401198
2707,0.290144,0.312828,0.370981,0.366663,0.35092,0.417873,0.408147,0.381827,0.419695,0.411798,0.401198
2708,0.290144,0.312828,0.370981,0.366663,0.35092,0.417873,0.406864,0.381827,0.419695,0.411798,0.401198
2709,0.290144,0.312828,0.370981,0.366694,0.35092,0.417873,0.406864,0.381827,0.419695,0.411798,0.401198
2710,0.290144,0.312828,0.370981,0.366694,0.35092,0.416932,0.406864,0.381827,0.419695,0.411798,0.401198
2711,0.290144,0.312828,0.370981,0.365303,0.35092,0.416932,0.406864,0.381827,0.419695,0.411798,0.401198
2712,0.290144,0.312828,0.370981,0.365303,0.35092,0.416932,0.406864,0.381827,0.419695,0.409597,0.401198
2713,0.290144,0.312828,0.370981,0.365303,0.35092,0.416932,0.406864,0.381827,0.41899,0.409597,0.401198
2714,0.290144,0.312828,0.370981,0.365303,0.35092,0.416932,0.406864,0.381827,0.41899,0.409597,0.403306
2715,0.290144,0.312828,0.370981,0.365303,0.35092,0.416932,0.406864,0.381827,0.41899,0.409597,0.402138
2716,0.290144,0.312828,0.370981,0.365303,0.35092,0.416932,0.406864,0.381827,0.41899,0.409597,0.400863
2717,0.290144,0.312828,0.371901,0.365303,0.35092,0.416932,0.406864,0.381827,0.41899,0.409597,0.400863
2718,0.290144,0.312828,0.373198,0.365303,0.35092,0.416932,0.406864,0.381827,0.41899,0.409597,0.400863
2719,0.290144,0.312828,0.376503,0.365303,0.35092,0.416932,0.406864,0.381827,0.41899,0.409597,0.400863
2720,0.290144,0.312828,0.374844,0.365303,0.35092,0.416932,0.406864,0.381827,0.41899,0.409597,0.400863
2721,0.290144,0.312828,0.373595,0.365303,0.35092,0.416932,0.406864,0.381827,0.41899,0.409597,0.400863
2722,0.290144,0.312828,0.373595,0.365303,0.351512,0.416932,0.406864,0.381827,0.41899,0.409597,0.400863
2723,0.290144,0.312828,0.373595,0.365303,0.351246,0.416932,0.406864,0.381827,0.41899,0.409597,0.400863
2724,0.290144,0.312828,0.371963,0.365303,0.351246,0.416932,0.406864,0.381827,0.41899,0.409597,0.400863
2725,0.290144,0.312828,0.371963,0.365303,0.351246,0.416932,0.406294,0.381827,0.41899,0.409597,0.400863
2726,0.290144,0.312828,0.371963,0.365303,0.351246,0.416127,0.406294,0.381827,0.41899,0.409597,0.400863
2727,0.290144,0.312828,0.371963,0.365303,0.351246,0.416127,0.406294,0.381827,0.41754,0.409597,0.400863
2728,0.290144,0.314034,0.371963,0.365303,0.351246,0.416127,0.406294,0.381827,0.41754,0.409597,0.400863
2729,0.290144,0.313212,0.371963,0.365303,0.351246,0.416127,0.406294,0.381827,0.41754,0.409597,0.400863
2730,0.290144,0.313212,0.371963,0.365303,0.351246,0.416127,0.406294,0.380268,0.41754,0.409597,0.400863
2731,0.293397,0.313212,0.371963,0.365303,0.351246,0.416127,0.406294,0.380268,0.41754,0.409597,0.400863
2732,0.291258,0.313212,0.371963,0.365303,0.351246,0.416127,0.406294,0.380268,0.41754,0.409597,0.400863
2733,0.291258,0.313212,0.371963,0.365303,0.349996,0.416127,0.406294,0.380268,0.41754,0.409597,0.400863
2734,0.291258,0.313212,0.371963,0.365303,0.349996,0.416127,0.406294,0.380268,0.41754,0.409597,0.399466
2735,0.291258,0.313212,0.371963,0.365216,0.349996,0.416127,0.406294,0.380268,0.41754,0.409597,0.399466
2736,0.291258,0.313212,0.371963,0.365216,0.349996,0.416127,0.406435,0.380268,0.41754,0.409597,0.399466
2737,0.291258,0.313212,0.371963,0.365216,0.349996,0.414862,0.406435,0.380268,0.41754,0.409597,0.399466
2738,0.291258,0.313212,0.371963,0.365216,0.349996,0.414862,0.408588,0.380268,0.41754,0.409597,0.399466
2739,0.291258,0.313212,0.371963,0.365216,0.349996,0.414862,0.406786,0.380268,0.41754,0.409597,0.399466
2740,0.291258,0.313212,0.371963,0.365216,0.349996,0.414862,0.405748,0.380268,0.41754,0.409597,0.399466
2741,0.291258,0.313212,0.371963,0.365742,0.349996,0.414862,0.405748,0.380268,0.41754,0.409597,0.399466
2742,0.291258,0.313212,0.371963,0.365606,0.349996,0.414862,0.405748,0.380268,0.41754,0.409597,0.399466
2743,0.291258,0.313212,0.371963,0.365606,0.349996,0.414862,0.405748,0.380268,0.41754,0.40896,0.399466
2744,0.2983,0.313212,0.371963,0.365606,0.349996,0.414862,0.405748,0.380268,0.41754,0.40896,0.399466
2745,0.297549,0.313212,0.371963,0.365606,0.349996,0.414862,0.405748,0.380268,0.41754,0.40896,0.399466
2746,0.300713,0.313212,0.371963,0.365606,0.349996,0.414862,0.405748,0.380268,0.41754,0.40896,0.399466
2747,0.301099,0.313212,0.371963,0.365606,0.349996,0.414862,0.405748,0.380268,0.41754,0.40896,0.399466
2748,0.299682,0.313212,0.371963,0.365606,0.349996,0.414862,0.405748,0.380268,0.41754,0.40896,0.399466
2749,0.297542,0.313212,0.371963,0.365606,0.349996,0.414862,0.405748,0.380268,0.41754,0.40896,0.399466
2750,0.297542,0.313212,0.371963,0.365606,0.349996,0.414862,0.405748,0.380268,0.416298,0.40896,0.399466
2751,0.297542,0.311178,0.371963,0.365606,0.349996,0.414862,0.405748,0.380268,0.416298,0.40896,0.399466
2752,0.297542,0.311178,0.370444,0.365606,0.349996,0.414862,0.405748,0.380268,0.416298,0.40896,0.399466
2753,0.297542,0.311178,0.370444,0.3665,0.349996,0.414862,0.405748,0.380268,0.416298,0.40896,0.399466
2754,0.297542,0.311178,0.370444,0.365502,0.349996,0.414862,0.405748,0.380268,0.416298,0.40896,0.399466
2755,0.297542,0.311178,0.370444,0.365502,0.349996,0.414862,0.405748,0.37875,0.416298,0.40896,0.399466
2756,0.297542,0.311178,0.370444,0.365502,0.349996,0.414862,0.405748,0.37875,0.416298,0.40896,0.398917
2757,0.297542,0.311178,0.370444,0.365502,0.350852,0.414862,0.405748,0.37875,0.416298,0.40896,0.398917
2758,0.297542,0.311178,0.370444,0.365502,0.353059,0.414862,0.405748,0.37875,0.416298,0.40896,0.398917
2759,0.297542,0.311178,0.370444,0.365502,0.353706,0.414862,0.405748,0.37875,0.416298,0.40896,0.398917
2760,0.297542,0.311178,0.370444,0.365502,0.352959,0.414862,0.405748,0.37875,0.416298,0.40896,0.398917
2761,0.297542,0.311178,0.370444,0.365502,0.353273,0.414862,0.405748,0.37875,0.416298,0.40896,0.398917
2762,0.297542,0.311178,0.370444,0.365502,0.353273,0.414607,0.405748,0.37875,0.416298,0.40896,0.398917
2763,0.297542,0.311178,0.370444,0.365502,0.353273,0.414607,0.405748,0.37875,0.416298,0.411313,0.398917
2764,0.297542,0.311178,0.370444,0.365502,0.353273,0.414607,0.405748,0.37875,0.416298,0.413934,0.398917
2765,0.297542,0.311178,0.370444,0.365502,0.353273,0.414607,0.405748,0.37875,0.416298,0.41262,0.398917
2766,0.297542,0.311178,0.370444,0.365502,0.353273,0.414607,0.405748,0.37875,0.416298,0.411315,0.398917
2767,0.297542,0.311178,0.370444,0.365502,0.353273,0.414607,0.405748,0.37875,0.416298,0.411775,0.398917
2768,0.297542,0.311178,0.370444,0.365502,0.353273,0.414607,0.405748,0.37875,0.416298,0.410775,0.398917
2769,0.297542,0.311178,0.370444,0.365502,0.351655,0.414607,0.405748,0.37875,0.416298,0.410775,0.398917
2770,0.297542,0.311178,0.370444,0.365502,0.351655,0.414607,0.406296,0.37875,0.416298,0.410775,0.398917
2771,0.297542,0.311178,0.370444,0.365502,0.351655,0.414607,0.40623,0.37875,0.416298,0.410775,0.398917
2772,0.297542,0.311178,0.370444,0.365502,0.351655,0.414607,0.40623,0.37875,0.416298,0.412444,0.398917
2773,0.297542,0.311178,0.370444,0.365502,0.351655,0.414607,0.40623,0.37875,0.416298,0.411646,0.398917
2774,0.297542,0.311178,0.370444,0.365502,0.351655,0.414607,0.40623,0.37875,0.416298,0.412239,0.398917
2775,0.297542,0.311178,0.370444,0.365502,0.351655,0.414607,0.40623,0.37875,0.416298,0.411072,0.398917
2776,0.295239,0.311178,0.370444,0.365502,0.351655,0.414607,0.40623,0.37875,0.416298,0.411072,0.398917
2777,0.295239,0.311178,0.370444,0.365502,0.351655,0.414607,0.405265,0.37875,0.416298,0.411072,0.398917
2778,0.295239,0.311178,0.370444,0.365502,0.351655,0.416171,0.405265,0.37875,0.416298,0.411072,0.398917
2779,0.295239,0.311178,0.370444,0.365502,0.351655,0.41627,0.405265,0.37875,0.416298,0.411072,0.398917
2780,0.295239,0.311178,0.370444,0.365502,0.351655,0.415758,0.405265,0.37875,0.416298,0.411072,0.398917
2781,0.295239,0.311178,0.370444,0.365502,0.351655,0.415466,0.405265,0.37875,0.416298,0.411072,0.398917
2782,0.295239,0.311178,0.370444,0.365502,0.351655,0.415466,0.405265,0.37875,0.416298,0.411072,0.398203
2783,0.295239,0.311178,0.370444,0.365502,0.351655,0.415466,0.405265,0.37875,0.41792,0.411072,0.398203
2784,0.295239,0.311178,0.370444,0.365502,0.351655,0.415466,0.405265,0.37875,0.416683,0.411072,0.398203
2785,0.295239,0.311178,0.370444,0.364858,0.351655,0.415466,0.405265,0.37875,0.416683,0.411072,0.398203
2786,0.295239,0.311178,0.370444,0.364858,0.351655,0.417081,0.405265,0.37875,0.416683,0.411072,0.398203
2787,0.295239,0.311178,0.370444,0.364858,0.351655,0.417644,0.405265,0.37875,0.416683,0.411072,0.398203
2788,0.295239,0.311178,0.370444,0.364858,0.351655,0.416404,0.405265,0.37875,0.416683,0.411072,0.398203
2789,0.295239,0.311178,0.370444,0.364858,0.351655,0.416173,0.405265,0.37875,0.416683,0.411072,0.398203
2790,0.295239,0.311178,0.370444,0.364858,0.351655,0.416173,0.405265,0.37875,0.415547,0.411072,0.398203
2791,0.295239,0.311178,0.368841,0.364858,0.351655,0.416173,0.405265,0.37875,0.415547,0.411072,0.398203
2792,0.295239,0.311178,0.368841,0.364858,0.351655,0.416173,0.405265,0.37875,0.415547,0.412335,0.398203
2793,0.295239,0.311178,0.368841,0.364858,0.351655,0.416173,0.405265,0.37875,0.415547,0.410288,0.398203
2794,0.295239,0.311178,0.368841,0.364858,0.351655,0.419128,0.405265,0.37875,0.415547,0.410288,0.398203
2795,0.295239,0.311178,0.368841,0.364858,0.351655,0.420563,0.405265,0.37875,0.415547,0.410288,0.398203
2796,0.295239,0.311178,0.368841,0.364858,0.351655,0.420635,0.405265,0.37875,0.415547,0.410288,0.398203
2797,0.295239,0.311178,0.368841,0.364858,0.351655,0.419318,0.405265,0.37875,0.415547,0.410288,0.398203
2798,0.295239,0.311178,0.368841,0.364858,0.351655,0.41881,0.405265,0.37875,0.415547,0.410288,0.398203
2799,0.295239,0.311178,0.368841,0.364858,0.351655,0.420467,0.405265,0.37875,0.415547,0.410288,0.398203
2800,0.295239,0.311178,0.368841,0.364858,0.351655,0.419899,0.405265,0.37875,0.415547,0.410288,0.398203
2801,0.295239,0.311178,0.368841,0.364858,0.351655,0.41933,0.405265,0.37875,0.415547,0.410288,0.398203
2802,0.295239,0.311178,0.368841,0.364858,0.351655,0.422382,0.405265,0.37875,0.415547,0.410288,0.398203
2803,0.295239,0.311178,0.368841,0.364858,0.351655,0.42117,0.405265,0.37875,0.415547,0.410288,0.398203
2804,0.295239,0.311178,0.368841,0.364858,0.351655,0.420647,0.405265,0.37875,0.415547,0.410288,0.398203
2805,0.295239,0.311178,0.368841,0.364858,0.351655,0.422836,0.405265,0.37875,0.415547,0.410288,0.398203
2806,0.295239,0.311178,0.368841,0.364858,0.351655,0.421632,0.405265,0.37875,0.415547,0.410288,0.398203
2807,0.295239,0.311178,0.368841,0.364858,0.351655,0.421542,0.405265,0.37875,0.415547,0.410288,0.398203
2808,0.295239,0.311178,0.368841,0.364858,0.351655,0.421897,0.405265,0.37875,0.415547,0.410288,0.398203
2809,0.295239,0.311178,0.368841,0.364858,0.351655,0.423946,0.405265,0.37875,0.415547,0.410288,0.398203
2810,0.295239,0.311178,0.368841,0.364858,0.351655,0.422751,0.405265,0.37875,0.415547,0.410288,0.398203
2811,0.295239,0.311178,0.368841,0.364858,0.351655,0.421564,0.405265,0.37875,0.415547,0.410288,0.398203
2812,0.295239,0.311178,0.368841,0.364858,0.351655,0.421564,0.405265,0.378541,0.415547,0.410288,0.398203
2813,0.295239,0.311178,0.368841,0.364858,0.351655,0.420376,0.405265,0.378541,0.415547,0.410288,0.398203
2814,0.295239,0.311178,0.368841,0.364858,0.351655,0.420376,0.406824,0.378541,0.415547,0.410288,0.398203
2815,0.295239,0.311178,0.368841,0.364858,0.351655,0.420376,0.406127,0.378541,0.415547,0.410288,0.398203
2816,0.295239,0.311178,0.368841,0.364858,0.351655,0.420376,0.405056,0.378541,0.415547,0.410288,0.398203
2817,0.295239,0.311178,0.368841,0.364858,0.351655,0.420376,0.405056,0.378541,0.415547,0.410288,0.398931
2818,0.295239,0.311178,0.368841,0.364858,0.351655,0.420376,0.405056,0.378541,0.415547,0.410288,0.400211
2819,0.295239,0.311178,0.368841,0.364858,0.351655,0.420376,0.405056,0.378541,0.415547,0.410288,0.400813
2820,0.295239,0.311178,0.368841,0.364858,0.351655,0.420376,0.405056,0.378541,0.415547,0.410288,0.400768
2821,0.295239,0.311178,0.368841,0.364858,0.351655,0.420376,0.405056,0.378541,0.415547,0.410288,0.399533
2822,0.295239,0.313285,0.368841,0.364858,0.351655,0.420376,0.405056,0.378541,0.415547,0.410288,0.399533
2823,0.295239,0.316261,0.368841,0.364858,0.351655,0.420376,0.405056,0.378541,0.415547,0.410288,0.399533
2824,0.295239,0.31671,0.368841,0.364858,0.351655,0.420376,0.405056,0.378541,0.415547,0.410288,0.399533
2825,0.295239,0.313421,0.368841,0.364858,0.351655,0.420376,0.405056,0.378541,0.415547,0.410288,0.399533
2826,0.295239,0.313421,0.368841,0.364095,0.351655,0.420376,0.405056,0.378541,0.415547,0.410288,0.399533
2827,0.295239,0.313421,0.368841,0.364095,0.351655,0.420376,0.405056,0.378083,0.415547,0.410288,0.399533
2828,0.295239,0.313421,0.368841,0.364095,0.351802,0.420376,0.405056,0.378083,0.415547,0.410288,0.399533
2829,0.295239,0.313421,0.368841,0.364095,0.351802,0.420376,0.405056,0.378083,0.414423,0.410288,0.399533
2830,0.295239,0.313421,0.368841,0.364095,0.351802,0.420376,0.405056,0.378083,0.414423,0.410288,0.398179
2831,0.295239,0.313421,0.368841,0.364095,0.351802,0.420376,0.405056,0.378083,0.414423,0.409071,0.398179
2832,0.295239,0.313421,0.368841,0.364095,0.35137,0.420376,0.405056,0.378083,0.414423,0.409071,0.398179
2833,0.295239,0.313421,0.368841,0.364095,0.35137,0.420376,0.405487,0.378083,0.414423,0.409071,0.398179
2834,0.295239,0.313421,0.368841,0.364095,0.35137,0.420376,0.404259,0.378083,0.414423,0.409071,0.398179
2835,0.295239,0.313421,0.368841,0.364095,0.35137,0.419202,0.404259,0.378083,0.414423,0.409071,0.398179
2836,0.295239,0.313421,0.368841,0.364095,0.35137,0.419202,0.404259,0.376565,0.414423,0.409071,0.398179
2837,0.295239,0.313421,0.369455,0.364095,0.35137,0.419202,0.404259,0.376565,0.414423,0.409071,0.398179
2838,0.295239,0.313421,0.372085,0.364095,0.35137,0.419202,0.404259,0.376565,0.414423,0.409071,0.398179
2839,0.295239,0.313421,0.372272,0.364095,0.35137,0.419202,0.404259,0.376565,0.414423,0.409071,0.398179
2840,0.295239,0.313421,0.375874,0.364095,0.35137,0.419202,0.404259,0.376565,0.414423,0.409071,0.398179
2841,0.295239,0.313421,0.374281,0.364095,0.35137,0.419202,0.404259,0.376565,0.414423,0.409071,0.398179
2842,0.295239,0.313421,0.375253,0.364095,0.35137,0.419202,0.404259,0.376565,0.414423,0.409071,0.398179
2843,0.295239,0.313421,0.375355,0.364095,0.35137,0.419202,0.404259,0.376565,0.414423,0.409071,0.398179
2844,0.295239,0.313421,0.375487,0.364095,0.35137,0.419202,0.404259,0.376565,0.414423,0.409071,0.398179
2845,0.295239,0.313421,0.374717,0.364095,0.35137,0.419202,0.404259,0.376565,0.414423,0.409071,0.398179
2846,0.295239,0.313421,0.376074,0.364095,0.35137,0.419202,0.404259,0.376565,0.414423,0.409071,0.398179
2847,0.295239,0.313421,0.374821,0.364095,0.35137,0.419202,0.404259,0.376565,0.414423,0.409071,0.398179
2848,0.295239,0.313421,0.377772,0.364095,0.35137,0.419202,0.404259,0.376565,0.414423,0.409071,0.398179
2849,0.295239,0.313421,0.377084,0.364095,0.35137,0.419202,0.404259,0.376565,0.414423,0.409071,0.398179
2850,0.295239,0.313421,0.376159,0.364095,0.35137,0.419202,0.404259,0.376565,0.414423,0.409071,0.398179
2851,0.295239,0.313421,0.376159,0.363446,0.35137,0.419202,0.404259,0.376565,0.414423,0.409071,0.398179
2852,0.29316,0.313421,0.376159,0.363446,0.35137,0.419202,0.404259,0.376565,0.414423,0.409071,0.398179
2853,0.29316,0.313421,0.377867,0.363446,0.35137,0.419202,0.404259,0.376565,0.414423,0.409071,0.398179
2854,0.29316,0.313421,0.37644,0.363446,0.35137,0.419202,0.404259,0.376565,0.414423,0.409071,0.398179
2855,0.29316,0.316596,0.37644,0.363446,0.35137,0.419202,0.404259,0.376565,0.414423,0.409071,0.398179
2856,0.29316,0.314948,0.37644,0.363446,0.35137,0.419202,0.404259,0.376565,0.414423,0.409071,0.398179
2857,0.29316,0.314948,0.37644,0.363446,0.35137,0.419202,0.404259,0.376565,0.41372,0.409071,0.398179
2858,0.29316,0.314948,0.37644,0.363446,0.350714,0.419202,0.404259,0.376565,0.41372,0.409071,0.398179
2859,0.29316,0.314948,0.37644,0.363446,0.350714,0.419202,0.404259,0.376565,0.41372,0.409071,0.39673
2860,0.29316,0.314948,0.37644,0.363446,0.350714,0.419202,0.404259,0.376565,0.41372,0.407816,0.39673
2861,0.29316,0.314885,0.37644,0.363446,0.350714,0.419202,0.404259,0.376565,0.41372,0.407816,0.39673
2862,0.29316,0.314885,0.379393,0.363446,0.350714,0.419202,0.404259,0.376565,0.41372,0.407816,0.39673
2863,0.29316,0.314885,0.379783,0.363446,0.350714,0.419202,0.404259,0.376565,0.41372,0.407816,0.39673
2864,0.29316,0.314885,0.380197,0.363446,0.350714,0.419202,0.404259,0.376565,0.41372,0.407816,0.39673
2865,0.29316,0.314885,0.378682,0.363446,0.350714,0.419202,0.404259,0.376565,0.41372,0.407816,0.39673
2866,0.29316,0.314885,0.37731,0.363446,0.350714,0.419202,0.404259,0.376565,0.41372,0.407816,0.39673
2867,0.29316,0.314885,0.37731,0.363446,0.350714,0.419202,0.401931,0.376565,0.41372,0.407816,0.39673
2868,0.29316,0.314885,0.37731,0.363446,0.350714,0.419592,0.401931,0.376565,0.41372,0.407816,0.39673
2869,0.29316,0.314885,0.37731,0.363446,0.350714,0.418913,0.401931,0.376565,0.41372,0.407816,0.39673
2870,0.29316,0.314885,0.37731,0.363092,0.350714,0.418913,0.401931,0.376565,0.41372,0.407816,0.39673
2871,0.29316,0.314885,0.37731,0.363092,0.350714,0.418913,0.401931,0.376565,0.412832,0.407816,0.39673
2872,0.29316,0.314885,0.37731,0.363092,0.350714,0.418913,0.401931,0.376141,0.412832,0.407816,0.39673
2873,0.29316,0.314885,0.37731,0.363092,0.34902,0.418913,0.401931,0.376141,0.412832,0.407816,0.39673
2874,0.29316,0.319815,0.37731,0.363092,0.34902,0.418913,0.401931,0.376141,0.412832,0.407816,0.39673
2875,0.29316,0.323066,0.37731,0.363092,0.34902,0.418913,0.401931,0.376141,0.412832,0.407816,0.39673
2876,0.29316,0.323426,0.37731,0.363092,0.34902,0.418913,0.401931,0.376141,0.412832,0.407816,0.39673
2877,0.29316,0.325991,0.37731,0.363092,0.34902,0.418913,0.401931,0.376141,0.412832,0.407816,0.39673
2878,0.29316,0.326386,0.37731,0.363092,0.34902,0.418913,0.401931,0.376141,0.412832,0.407816,0.39673
2879,0.29316,0.326548,0.37731,0.363092,0.34902,0.418913,0.401931,0.376141,0.412832,0.407816,0.39673
2880,0.29316,0.326652,0.37731,0.363092,0.34902,0.418913,0.401931,0.376141,0.412832,0.407816,0.39673
2881,0.29316,0.328849,0.37731,0.363092,0.34902,0.418913,0.401931,0.376141,0.412832,0.407816,0.39673
2882,0.29316,0.326915,0.37731,0.363092,0.34902,0.418913,0.401931,0.376141,0.412832,0.407816,0.39673
2883,0.29316,0.329896,0.37731,0.363092,0.34902,0.418913,0.401931,0.376141,0.412832,0.407816,0.39673
2884,0.29316,0.328594,0.37731,0.363092,0.34902,0.418913,0.401931,0.376141,0.412832,0.407816,0.39673
2885,0.29316,0.334832,0.37731,0.363092,0.34902,0.418913,0.401931,0.376141,0.412832,0.407816,0.39673
2886,0.29316,0.332939,0.37731,0.363092,0.34902,0.418913,0.401931,0.376141,0.412832,0.407816,0.39673
2887,0.29316,0.335028,0.37731,0.363092,0.34902,0.418913,0.401931,0.376141,0.412832,0.407816,0.39673
2888,0.29316,0.339264,0.37731,0.363092,0.34902,0.418913,0.401931,0.376141,0.412832,0.407816,0.39673
2889,0.29316,0.339801,0.37731,0.363092,0.34902,0.418913,0.401931,0.376141,0.412832,0.407816,0.39673
2890,0.29316,0.340419,0.37731,0.363092,0.34902,0.418913,0.401931,0.376141,0.412832,0.407816,0.39673
2891,0.29316,0.344648,0.37731,0.363092,0.34902,0.418913,0.401931,0.376141,0.412832,0.407816,0.39673
2892,0.29316,0.342962,0.37731,0.363092,0.34902,0.418913,0.401931,0.376141,0.412832,0.407816,0.39673
2893,0.29316,0.342761,0.37731,0.363092,0.34902,0.418913,0.401931,0.376141,0.412832,0.407816,0.39673
2894,0.29316,0.34531,0.37731,0.363092,0.34902,0.418913,0.401931,0.376141,0.412832,0.407816,0.39673
2895,0.29316,0.343899,0.37731,0.363092,0.34902,0.418913,0.401931,0.376141,0.412832,0.407816,0.39673
2896,0.29316,0.345609,0.37731,0.363092,0.34902,0.418913,0.401931,0.376141,0.412832,0.407816,0.39673
2897,0.29316,0.343789,0.37731,0.363092,0.34902,0.418913,0.401931,0.376141,0.412832,0.407816,0.39673
2898,0.29316,0.343301,0.37731,0.363092,0.34902,0.418913,0.401931,0.376141,0.412832,0.407816,0.39673
2899,0.29316,0.344268,0.37731,0.363092,0.34902,0.418913,0.401931,0.376141,0.412832,0.407816,0.39673
2900,0.29316,0.342437,0.37731,0.363092,0.34902,0.418913,0.401931,0.376141,0.412832,0.407816,0.39673
2901,0.29316,0.346155,0.37731,0.363092,0.34902,0.418913,0.401931,0.376141,0.412832,0.407816,0.39673
2902,0.29316,0.344328,0.37731,0.363092,0.34902,0.418913,0.401931,0.376141,0.412832,0.407816,0.39673
2903,0.29316,0.342465,0.37731,0.363092,0.34902,0.418913,0.401931,0.376141,0.412832,0.407816,0.39673
2904,0.29316,0.343075,0.37731,0.363092,0.34902,0.418913,0.401931,0.376141,0.412832,0.407816,0.39673
2905,0.29316,0.342144,0.37731,0.363092,0.34902,0.418913,0.401931,0.376141,0.412832,0.407816,0.39673
2906,0.29316,0.345425,0.37731,0.363092,0.34902,0.418913,0.401931,0.376141,0.412832,0.407816,0.39673
2907,0.29316,0.345218,0.37731,0.363092,0.34902,0.418913,0.401931,0.376141,0.412832,0.407816,0.39673
2908,0.29316,0.344131,0.37731,0.363092,0.34902,0.418913,0.401931,0.376141,0.412832,0.407816,0.39673
2909,0.29316,0.344131,0.37731,0.363092,0.34902,0.419084,0.401931,0.376141,0.412832,0.407816,0.39673
2910,0.29316,0.345736,0.37731,0.363092,0.34902,0.419084,0.401931,0.376141,0.412832,0.407816,0.39673
2911,0.29316,0.344319,0.37731,0.363092,0.34902,0.419084,0.401931,0.376141,0.412832,0.407816,0.39673
2912,0.29316,0.344319,0.37731,0.362873,0.34902,0.419084,0.401931,0.376141,0.412832,0.407816,0.39673
2913,0.29316,0.344319,0.37731,0.362873,0.34902,0.418013,0.401931,0.376141,0.412832,0.407816,0.39673
2914,0.29316,0.344319,0.37731,0.362873,0.34902,0.418013,0.401931,0.376141,0.412832,0.407675,0.39673
2915,0.29316,0.344319,0.375818,0.362873,0.34902,0.418013,0.401931,0.376141,0.412832,0.407675,0.39673
2916,0.29316,0.344319,0.375818,0.362873,0.34902,0.418013,0.401931,0.376141,0.412832,0.407675,0.398159
2917,0.29316,0.344319,0.375818,0.362873,0.34902,0.418013,0.401931,0.376141,0.412832,0.407675,0.397692
2918,0.29316,0.344319,0.375818,0.362873,0.34902,0.418013,0.401931,0.376141,0.412832,0.407675,0.399275
2919,0.29316,0.344319,0.375818,0.362873,0.34902,0.418013,0.401931,0.376141,0.412832,0.407675,0.399898
2920,0.29316,0.344319,0.375818,0.362873,0.34902,0.418013,0.401931,0.376141,0.412832,0.407675,0.398569
2921,0.29316,0.344319,0.375818,0.362873,0.34902,0.418013,0.401931,0.376141,0.413586,0.407675,0.398569
2922,0.29316,0.344319,0.375818,0.362873,0.34902,0.418013,0.401931,0.376141,0.412384,0.407675,0.398569
2923,0.29316,0.344319,0.375818,0.362873,0.34902,0.418013,0.401931,0.376141,0.412384,0.407675,0.397224
2924,0.29316,0.344319,0.375818,0.362873,0.34902,0.418013,0.401931,0.376633,0.412384,0.407675,0.397224
2925,0.29316,0.344319,0.375818,0.362873,0.34902,0.418013,0.401931,0.376866,0.412384,0.407675,0.397224
2926,0.29316,0.344319,0.375818,0.361408,0.34902,0.418013,0.401931,0.376866,0.412384,0.407675,0.397224
2927,0.29316,0.344319,0.375818,0.361408,0.34902,0.418013,0.401931,0.376866,0.412384,0.406356,0.397224
2928,0.29316,0.344319,0.375818,0.361408,0.34902,0.418013,0.401931,0.375556,0.412384,0.406356,0.397224
2929,0.294254,0.344319,0.375818,0.361408,0.34902,0.418013,0.401931,0.375556,0.412384,0.406356,0.397224
2930,0.299073,0.344319,0.375818,0.361408,0.34902,0.418013,0.401931,0.375556,0.412384,0.406356,0.397224
2931,0.300637,0.344319,0.375818,0.361408,0.34902,0.418013,0.401931,0.375556,0.412384,0.406356,0.397224
2932,0.301596,0.344319,0.375818,0.361408,0.34902,0.418013,0.401931,0.375556,0.412384,0.406356,0.397224
2933,0.299544,0.344319,0.375818,0.361408,0.34902,0.418013,0.401931,0.375556,0.412384,0.406356,0.397224
2934,0.301922,0.344319,0.375818,0.361408,0.34902,0.418013,0.401931,0.375556,0.412384,0.406356,0.397224
2935,0.304184,0.344319,0.375818,0.361408,0.34902,0.418013,0.401931,0.375556,0.412384,0.406356,0.397224
2936,0.303814,0.344319,0.375818,0.361408,0.34902,0.418013,0.401931,0.375556,0.412384,0.406356,0.397224
2937,0.301802,0.344319,0.375818,0.361408,0.34902,0.418013,0.401931,0.375556,0.412384,0.406356,0.397224
2938,0.301802,0.343278,0.375818,0.361408,0.34902,0.418013,0.401931,0.375556,0.412384,0.406356,0.397224
2939,0.301802,0.343278,0.375818,0.361408,0.34902,0.417612,0.401931,0.375556,0.412384,0.406356,0.397224
2940,0.301802,0.343278,0.375818,0.361408,0.34902,0.417612,0.401931,0.375556,0.412779,0.406356,0.397224
2941,0.301802,0.343278,0.375818,0.361408,0.34902,0.417612,0.401931,0.375556,0.412131,0.406356,0.397224
2942,0.301802,0.343278,0.375818,0.361408,0.34902,0.417612,0.400837,0.375556,0.412131,0.406356,0.397224
2943,0.301802,0.343278,0.375818,0.361408,0.351867,0.417612,0.400837,0.375556,0.412131,0.406356,0.397224
2944,0.301802,0.343278,0.375818,0.361408,0.354295,0.417612,0.400837,0.375556,0.412131,0.406356,0.397224
2945,0.301802,0.343278,0.375818,0.361408,0.354223,0.417612,0.400837,0.375556,0.412131,0.406356,0.397224
2946,0.301802,0.343278,0.375818,0.361408,0.352533,0.417612,0.400837,0.375556,0.412131,0.406356,0.397224
2947,0.301802,0.343278,0.375818,0.361408,0.353274,0.417612,0.400837,0.375556,0.412131,0.406356,0.397224
2948,0.301802,0.343278,0.375818,0.361408,0.354071,0.417612,0.400837,0.375556,0.412131,0.406356,0.397224
2949,0.301802,0.343278,0.375818,0.361408,0.357063,0.417612,0.400837,0.375556,0.412131,0.406356,0.397224
2950,0.301802,0.343278,0.375818,0.361408,0.357939,0.417612,0.400837,0.375556,0.412131,0.406356,0.397224
2951,0.301802,0.343278,0.375818,0.361408,0.357101,0.417612,0.400837,0.375556,0.412131,0.406356,0.397224
2952,0.301802,0.343278,0.375818,0.361408,0.35807,0.417612,0.400837,0.375556,0.412131,0.406356,0.397224
2953,0.301802,0.343278,0.375818,0.361408,0.356534,0.417612,0.400837,0.375556,0.412131,0.406356,0.397224
2954,0.301802,0.343278,0.375818,0.361408,0.359383,0.417612,0.400837,0.375556,0.412131,0.406356,0.397224
2955,0.301802,0.343278,0.375818,0.361408,0.361514,0.417612,0.400837,0.375556,0.412131,0.406356,0.397224
2956,0.301802,0.343278,0.375818,0.361408,0.364097,0.417612,0.400837,0.375556,0.412131,0.406356,0.397224
2957,0.301802,0.343278,0.375818,0.361408,0.36245,0.417612,0.400837,0.375556,0.412131,0.406356,0.397224
2958,0.301802,0.343278,0.375818,0.361408,0.362316,0.417612,0.400837,0.375556,0.412131,0.406356,0.397224
2959,0.301802,0.343278,0.375818,0.361408,0.361502,0.417612,0.400837,0.375556,0.412131,0.406356,0.397224
2960,0.301802,0.343278,0.375818,0.361408,0.360404,0.417612,0.400837,0.375556,0.412131,0.406356,0.397224
2961,0.301802,0.343278,0.375818,0.361408,0.360082,0.417612,0.400837,0.375556,0.412131,0.406356,0.397224
2962,0.301802,0.343278,0.375818,0.361408,0.360082,0.417449,0.400837,0.375556,0.412131,0.406356,0.397224
2963,0.301802,0.343278,0.375818,0.361408,0.360082,0.417449,0.400837,0.375556,0.412131,0.406356,0.39746
2964,0.301802,0.343278,0.376135,0.361408,0.360082,0.417449,0.400837,0.375556,0.412131,0.406356,0.39746
2965,0.30436,0.343278,0.376135,0.361408,0.360082,0.417449,0.400837,0.375556,0.412131,0.406356,0.39746
2966,0.30237,0.343278,0.376135,0.361408,0.360082,0.417449,0.400837,0.375556,0.412131,0.406356,0.39746
2967,0.30237,0.343278,0.376135,0.361408,0.360082,0.417449,0.400837,0.375556,0.412131,0.406356,0.398141
2968,0.30237,0.343278,0.376135,0.361408,0.360082,0.417449,0.400837,0.375556,0.412131,0.406356,0.396836
2969,0.30237,0.343278,0.376135,0.361408,0.360082,0.417449,0.400837,0.375556,0.412131,0.407202,0.396836
2970,0.30237,0.343278,0.376135,0.361408,0.360082,0.417449,0.400837,0.375556,0.412131,0.406447,0.396836
2971,0.30237,0.343278,0.376135,0.361408,0.360082,0.417449,0.400837,0.375556,0.414302,0.406447,0.396836
2972,0.30237,0.343278,0.376135,0.361408,0.360082,0.417449,0.400837,0.375556,0.413112,0.406447,0.396836
2973,0.30237,0.343278,0.376135,0.361408,0.360082,0.417449,0.400837,0.375556,0.411928,0.406447,0.396836
2974,0.30237,0.343278,0.374518,0.361408,0.360082,0.417449,0.400837,0.375556,0.411928,0.406447,0.396836
2975,0.30237,0.343278,0.374518,0.361408,0.360082,0.417652,0.400837,0.375556,0.411928,0.406447,0.396836
2976,0.30237,0.343278,0.374518,0.361408,0.360082,0.417652,0.400837,0.377293,0.411928,0.406447,0.396836
2977,0.30237,0.343278,0.374518,0.361408,0.360082,0.417652,0.400837,0.37636,0.411928,0.406447,0.396836
2978,0.30237,0.343278,0.374518,0.361408,0.360082,0.417547,0.400837,0.37636,0.411928,0.406447,0.396836
2979,0.30237,0.343278,0.374518,0.360902,0.360082,0.417547,0.400837,0.37636,0.411928,0.406447,0.396836
2980,0.30237,0.343278,0.374518,0.360902,0.360082,0.417547,0.400837,0.376077,0.411928,0.406447,0.396836
2981,0.30237,0.341561,0.374518,0.360902,0.360082,0.417547,0.400837,0.376077,0.411928,0.406447,0.396836
2982,0.30237,0.341561,0.374518,0.360902,0.358825,0.417547,0.400837,0.376077,0.411928,0.406447,0.396836
2983,0.30237,0.341561,0.374518,0.360902,0.358825,0.417547,0.400837,0.376077,0.411928,0.407461,0.396836
2984,0.30237,0.341561,0.374518,0.360902,0.358825,0.417547,0.400837,0.376077,0.411928,0.408377,0.396836
2985,0.30237,0.341561,0.374518,0.360902,0.358825,0.417547,0.400837,0.376077,0.411928,0.408188,0.396836
2986,0.30237,0.341561,0.374518,0.360902,0.358825,0.417547,0.400837,0.376077,0.411928,0.406966,0.396836
2987,0.30237,0.341561,0.374518,0.360902,0.358825,0.416854,0.400837,0.376077,0.411928,0.406966,0.396836
2988,0.30237,0.341561,0.374518,0.360902,0.358825,0.416854,0.400592,0.376077,0.411928,0.406966,0.396836
2989,0.30237,0.341561,0.374518,0.360902,0.358825,0.416854,0.400592,0.374678,0.411928,0.406966,0.396836
2990,0.30237,0.341561,0.374518,0.360902,0.358825,0.416854,0.400592,0.374678,0.411879,0.406966,0.396836
2991,0.30237,0.341561,0.374518,0.360902,0.358825,0.416854,0.400959,0.374678,0.411879,0.406966,0.396836
2992,0.30237,0.341561,0.374518,0.360902,0.358825,0.416854,0.399778,0.374678,0.411879,0.406966,0.396836
2993,0.30237,0.341561,0.374518,0.360902,0.358825,0.416854,0.399778,0.374678,0.411879,0.406966,0.396797
2994,0.30237,0.341561,0.374518,0.360902,0.358825,0.416854,0.399778,0.374678,0.411879,0.405901,0.396797
2995,0.30237,0.341561,0.374518,0.360395,0.358825,0.416854,0.399778,0.374678,0.411879,0.405901,0.396797
2996,0.302379,0.341561,0.374518,0.360395,0.358825,0.416854,0.399778,0.374678,0.411879,0.405901,0.396797
2997,0.302379,0.341561,0.374518,0.360395,0.358825,0.416854,0.399778,0.374678,0.410781,0.405901,0.396797
2998,0.302379,0.341561,0.374518,0.360395,0.358825,0.415611,0.399778,0.374678,0.410781,0.405901,0.396797
2999,0.302379,0.341561,0.374518,0.360395,0.358825,0.415611,0.399778,0.374678,0.410781,0.405901,0.398065
3000,0.302379,0.341561,0.374518,0.360395,0.358825,0.415611,0.399778,0.374678,0.410781,0.405901,0.396773
3001,0.302379,0.341561,0.373055,0.360395,0.358825,0.415611,0.399778,0.374678,0.410781,0.405901,0.396773
3002,0.302379,0.341561,0.373055,0.360395,0.357244,0.415611,0.399778,0.374678,0.410781,0.405901,0.396773
3003,0.304219,0.341561,0.373055,0.360395,0.357244,0.415611,0.399778,0.374678,0.410781,0.405901,0.396773
3004,0.307688,0.341561,0.373055,0.360395,0.357244,0.415611,0.399778,0.374678,0.410781,0.405901,0.396773
3005,0.307517,0.341561,0.373055,0.360395,0.357244,0.415611,0.399778,0.374678,0.410781,0.405901,0.396773
3006,0.307906,0.341561,0.373055,0.360395,0.357244,0.415611,0.399778,0.374678,0.410781,0.405901,0.396773
3007,0.309738,0.341561,0.373055,0.360395,0.357244,0.415611,0.399778,0.374678,0.410781,0.405901,0.396773
3008,0.308066,0.341561,0.373055,0.360395,0.357244,0.415611,0.399778,0.374678,0.410781,0.405901,0.396773
3009,0.308066,0.341561,0.373055,0.361565,0.357244,0.415611,0.399778,0.374678,0.410781,0.405901,0.396773
3010,0.308066,0.341561,0.373055,0.36,0.357244,0.415611,0.399778,0.374678,0.410781,0.405901,0.396773
3011,0.308066,0.341561,0.373055,0.36,0.357244,0.415611,0.399778,0.374678,0.410781,0.405901,0.396125
3012,0.308066,0.341561,0.373055,0.36,0.357244,0.415611,0.399204,0.374678,0.410781,0.405901,0.396125
3013,0.308066,0.34442,0.373055,0.36,0.357244,0.415611,0.399204,0.374678,0.410781,0.405901,0.396125
3014,0.308066,0.342822,0.373055,0.36,0.357244,0.415611,0.399204,0.374678,0.410781,0.405901,0.396125
3015,0.308066,0.342822,0.373055,0.36,0.357244,0.415611,0.399204,0.374678,0.410781,0.405874,0.396125
3016,0.306171,0.342822,0.373055,0.36,0.357244,0.415611,0.399204,0.374678,0.410781,0.405874,0.396125
3017,0.306171,0.341264,0.373055,0.36,0.357244,0.415611,0.399204,0.374678,0.410781,0.405874,0.396125
3018,0.306171,0.341264,0.373055,0.36,0.357244,0.415611,0.399204,0.374678,0.409457,0.405874,0.396125
3019,0.306171,0.341264,0.373055,0.36,0.357244,0.415611,0.399204,0.37523,0.409457,0.405874,0.396125
3020,0.306171,0.341264,0.373055,0.36,0.357244,0.415611,0.399204,0.373808,0.409457,0.405874,0.396125
3021,0.306171,0.341264,0.373055,0.36,0.357244,0.414484,0.399204,0.373808,0.409457,0.405874,0.396125
3022,0.306171,0.341264,0.373055,0.36,0.357244,0.414484,0.399204,0.373808,0.409457,0.404619,0.396125
3023,0.306171,0.341264,0.373055,0.36,0.357244,0.414484,0.399204,0.373808,0.409457,0.404619,0.394838
3024,0.306171,0.341264,0.373055,0.36,0.357244,0.414484,0.398539,0.373808,0.409457,0.404619,0.394838
3025,0.306171,0.341264,0.373055,0.358448,0.357244,0.414484,0.398539,0.373808,0.409457,0.404619,0.394838
3026,0.306171,0.341264,0.371028,0.358448,0.357244,0.414484,0.398539,0.373808,0.409457,0.404619,0.394838
3027,0.306171,0.341264,0.371028,0.358448,0.357559,0.414484,0.398539,0.373808,0.409457,0.404619,0.394838
3028,0.306171,0.341264,0.371028,0.358448,0.357559,0.415136,0.398539,0.373808,0.409457,0.404619,0.394838
3029,0.306171,0.341264,0.371028,0.358448,0.357559,0.413693,0.398539,0.373808,0.409457,0.404619,0.394838
3030,0.306171,0.341264,0.371028,0.358448,0.357559,0.413693,0.398539,0.373808,0.408437,0.404619,0.394838
3031,0.306171,0.341264,0.371028,0.358448,0.356658,0.413693,0.398539,0.373808,0.408437,0.404619,0.394838
3032,0.306171,0.341264,0.371028,0.358448,0.356658,0.413693,0.398539,0.373808,0.408437,0.40682,0.394838
3033,0.306171,0.341264,0.371028,0.358448,0.356658,0.413693,0.398539,0.373808,0.408437,0.408564,0.394838
3034,0.306171,0.341264,0.371028,0.358448,0.356658,0.413693,0.398539,0.373808,0.408437,0.409153,0.394838
3035,0.306171,0.341264,0.371028,0.358448,0.356658,0.413693,0.398539,0.373808,0.408437,0.410246,0.394838
3036,0.306171,0.341264,0.371028,0.358448,0.356658,0.413693,0.398539,0.373808,0.408437,0.409612,0.394838
3037,0.306171,0.341264,0.371028,0.358448,0.356658,0.413693,0.398539,0.373808,0.408437,0.410998,0.394838
3038,0.306171,0.341264,0.371028,0.358448,0.356658,0.413693,0.398539,0.373808,0.408437,0.411473,0.394838
3039,0.306171,0.341264,0.371028,0.358448,0.356658,0.413693,0.398539,0.373808,0.408437,0.414138,0.394838
3040,0.306171,0.341264,0.371028,0.358448,0.356658,0.413693,0.398539,0.373808,0.408437,0.416184,0.394838
3041,0.306171,0.341264,0.371028,0.358448,0.356658,0.413693,0.398539,0.373808,0.408437,0.41642,0.394838
3042,0.306171,0.341264,0.371028,0.358448,0.356658,0.413693,0.398539,0.373808,0.408437,0.415307,0.394838
3043,0.306171,0.341264,0.371028,0.358448,0.356658,0.413693,0.398539,0.373808,0.408437,0.414423,0.394838
3044,0.306171,0.341264,0.371028,0.358448,0.356658,0.413693,0.398539,0.373808,0.408437,0.416088,0.394838
3045,0.306171,0.341264,0.371028,0.358448,0.356658,0.413693,0.398539,0.373808,0.408437,0.416385,0.394838
3046,0.306171,0.341264,0.371028,0.358448,0.356658,0.413693,0.398539,0.373808,0.408437,0.415638,0.394838
3047,0.306171,0.341264,0.371028,0.358448,0.356658,0.413693,0.398539,0.373808,0.408437,0.416559,0.394838
3048,0.306171,0.341264,0.371028,0.358448,0.356658,0.413693,0.398539,0.373808,0.408437,0.414568,0.394838
3049,0.306171,0.341264,0.371028,0.358448,0.356658,0.413693,0.398539,0.373808,0.408437,0.414266,0.394838
3050,0.306171,0.341264,0.371028,0.358448,0.356658,0.413693,0.398539,0.373808,0.408437,0.415197,0.394838
3051,0.306171,0.341264,0.371028,0.358448,0.356658,0.413693,0.398539,0.373808,0.408437,0.414307,0.394838
3052,0.306171,0.341264,0.371028,0.358448,0.356658,0.413693,0.398539,0.373808,0.408437,0.411133,0.394838
3053,0.306171,0.341264,0.371028,0.358448,0.356658,0.413693,0.398539,0.373808,0.408437,0.411256,0.394838
3054,0.306171,0.341264,0.371028,0.358448,0.356658,0.413693,0.39892,0.373808,0.408437,0.411256,0.394838
3055,0.306171,0.341264,0.371028,0.358448,0.356658,0.413693,0.400715,0.373808,0.408437,0.411256,0.394838
3056,0.306171,0.341264,0.371028,0.358448,0.356658,0.413693,0.399471,0.373808,0.408437,0.411256,0.394838
3057,0.306171,0.341264,0.371028,0.358448,0.356658,0.413693,0.399471,0.372407,0.408437,0.411256,0.394838
3058,0.306171,0.341264,0.371028,0.358448,0.356658,0.413693,0.39837,0.372407,0.408437,0.411256,0.394838
3059,0.306171,0.341264,0.371028,0.358448,0.356658,0.413693,0.39837,0.372407,0.408437,0.410432,0.394838
3060,0.306171,0.34469,0.371028,0.358448,0.356658,0.413693,0.39837,0.372407,0.408437,0.410432,0.394838
3061,0.306171,0.34307,0.371028,0.358448,0.356658,0.413693,0.39837,0.372407,0.408437,0.410432,0.394838
3062,0.306171,0.341761,0.371028,0.358448,0.356658,0.413693,0.39837,0.372407,0.408437,0.410432,0.394838
3063,0.306171,0.341761,0.371028,0.358448,0.356658,0.413693,0.39837,0.372407,0.408437,0.410432,0.393835
3064,0.304358,0.341761,0.371028,0.358448,0.356658,0.413693,0.39837,0.372407,0.408437,0.410432,0.393835
3065,0.304358,0.341761,0.371028,0.358448,0.356658,0.413901,0.39837,0.372407,0.408437,0.410432,0.393835
3066,0.304358,0.341761,0.371028,0.358448,0.356658,0.413901,0.39837,0.372407,0.407293,0.410432,0.393835
3067,0.304358,0.341761,0.371028,0.358448,0.356658,0.416352,0.39837,0.372407,0.407293,0.410432,0.393835
3068,0.304358,0.341761,0.371028,0.358448,0.356658,0.415239,0.39837,0.372407,0.407293,0.410432,0.393835
3069,0.304358,0.341761,0.371028,0.358448,0.356658,0.414975,0.39837,0.372407,0.407293,0.410432,0.393835
3070,0.304358,0.341761,0.371028,0.358448,0.356658,0.414867,0.39837,0.372407,0.407293,0.410432,0.393835
3071,0.304358,0.341761,0.371028,0.358448,0.356658,0.414867,0.39837,0.372407,0.407293,0.412284,0.393835
3072,0.304358,0.341761,0.371028,0.358448,0.356658,0.414867,0.39837,0.372407,0.407293,0.411298,0.393835
3073,0.304358,0.341761,0.371028,0.358448,0.356658,0.414867,0.39837,0.372407,0.407293,0.413107,0.393835
3074,0.304358,0.341761,0.371028,0.358448,0.356658,0.414867,0.39837,0.372407,0.407293,0.415341,0.393835
3075,0.304358,0.341761,0.371028,0.358448,0.356658,0.414867,0.39837,0.372407,0.407293,0.414546,0.393835
3076,0.304358,0.341761,0.371028,0.358448,0.356658,0.414867,0.39837,0.372407,0.407293,0.413413,0.393835
3077,0.304358,0.341761,0.371028,0.358448,0.356658,0.414867,0.39837,0.372407,0.407293,0.414159,0.393835
3078,0.304358,0.341761,0.371028,0.358448,0.356658,0.414867,0.39837,0.372407,0.407293,0.413798,0.393835
3079,0.304358,0.341761,0.371028,0.358448,0.356658,0.414867,0.39837,0.372407,0.407293,0.413867,0.393835
3080,0.304358,0.341761,0.371028,0.358448,0.356658,0.414867,0.39837,0.372407,0.407293,0.413311,0.393835
3081,0.304358,0.341761,0.371028,0.358448,0.356658,0.414867,0.39837,0.372407,0.407293,0.414526,0.393835
3082,0.304358,0.341761,0.371028,0.358448,0.356658,0.414867,0.39837,0.372407,0.407293,0.415633,0.393835
3083,0.304358,0.341761,0.371028,0.358448,0.356658,0.414867,0.39837,0.372407,0.407293,0.415475,0.393835
3084,0.304358,0.341761,0.371028,0.358448,0.356658,0.414867,0.39837,0.372407,0.407293,0.414364,0.393835
3085,0.304358,0.341761,0.371028,0.358448,0.356658,0.414867,0.39837,0.372407,0.407293,0.414418,0.393835
3086,0.304358,0.341761,0.371028,0.356972,0.356658,0.414867,0.39837,0.372407,0.407293,0.414418,0.393835
3087,0.304358,0.341761,0.371028,0.356972,0.356658,0.413767,0.39837,0.372407,0.407293,0.414418,0.393835
3088,0.304358,0.341761,0.371028,0.356972,0.360495,0.413767,0.39837,0.372407,0.407293,0.414418,0.393835
3089,0.304358,0.341761,0.371028,0.356972,0.358934,0.413767,0.39837,0.372407,0.407293,0.414418,0.393835
3090,0.304358,0.341761,0.371028,0.356972,0.359025,0.413767,0.39837,0.372407,0.407293,0.414418,0.393835
3091,0.304358,0.341761,0.371028,0.356972,0.360405,0.413767,0.39837,0.372407,0.407293,0.414418,0.393835
3092,0.304358,0.341761,0.371028,0.356972,0.359205,0.413767,0.39837,0.372407,0.407293,0.414418,0.393835
3093,0.304358,0.341761,0.371028,0.356972,0.359205,0.413767,0.39837,0.372407,0.407293,0.413787,0.393835
3094,0.304358,0.341761,0.371028,0.356972,0.359205,0.413767,0.397961,0.372407,0.407293,0.413787,0.393835
3095,0.304358,0.341761,0.371028,0.356972,0.359607,0.413767,0.397961,0.372407,0.407293,0.413787,0.393835
3096,0.304358,0.341761,0.371028,0.356972,0.359607,0.413767,0.397961,0.372407,0.407293,0.413787,0.392639
3097,0.304358,0.341761,0.371028,0.356972,0.362528,0.413767,0.397961,0.372407,0.407293,0.413787,0.392639
3098,0.304358,0.341761,0.371028,0.356972,0.360231,0.413767,0.397961,0.372407,0.407293,0.413787,0.392639
3099,0.304358,0.341761,0.369477,0.356972,0.360231,0.413767,0.397961,0.372407,0.407293,0.413787,0.392639
3100,0.304358,0.340115,0.369477,0.356972,0.360231,0.413767,0.397961,0.372407,0.407293,0.413787,0.392639
3101,0.304358,0.340115,0.369477,0.356972,0.360231,0.413767,0.397961,0.373655,0.407293,0.413787,0.392639
3102,0.304358,0.340115,0.369477,0.356972,0.360231,0.413767,0.397961,0.372481,0.407293,0.413787,0.392639
3103,0.304358,0.340115,0.369477,0.356972,0.360231,0.413767,0.398024,0.372481,0.407293,0.413787,0.392639
3104,0.304358,0.340115,0.369477,0.356972,0.36194,0.413767,0.398024,0.372481,0.407293,0.413787,0.392639
3105,0.304358,0.340115,0.369477,0.356972,0.360404,0.413767,0.398024,0.372481,0.407293,0.413787,0.392639
3106,0.304358,0.340115,0.369477,0.356972,0.360404,0.413767,0.398024,0.372481,0.407293,0.413838,0.392639
3107,0.304358,0.340115,0.369477,0.356972,0.360404,0.413767,0.399353,0.372481,0.407293,0.413838,0.392639
3108,0.304358,0.340115,0.369477,0.356972,0.360404,0.413767,0.400129,0.372481,0.407293,0.413838,0.392639
3109,0.304358,0.340115,0.369477,0.356972,0.360404,0.413767,0.398909,0.372481,0.407293,0.413838,0.392639
3110,0.304358,0.340115,0.369477,0.356972,0.360404,0.413767,0.398909,0.372481,0.408572,0.413838,0.392639
3111,0.304358,0.340115,0.369477,0.356972,0.360404,0.413767,0.398909,0.372481,0.408066,0.413838,0.392639
3112,0.304358,0.340115,0.369477,0.356972,0.360404,0.413767,0.398909,0.372481,0.405523,0.413838,0.392639
3113,0.304358,0.340115,0.369477,0.356972,0.360404,0.413767,0.398909,0.372481,0.405523,0.412969,0.392639
3114,0.304358,0.340115,0.369477,0.356972,0.360404,0.413767,0.401682,0.372481,0.405523,0.412969,0.392639
3115,0.304358,0.340115,0.369477,0.356972,0.360404,0.413767,0.40085,0.372481,0.405523,0.412969,0.392639
3116,0.304358,0.340115,0.369477,0.356972,0.360404,0.413767,0.399847,0.372481,0.405523,0.412969,0.392639
3117,0.304358,0.340115,0.369477,0.356972,0.360404,0.413071,0.399847,0.372481,0.405523,0.412969,0.392639
3118,0.304358,0.340115,0.369477,0.356972,0.360404,0.413071,0.397876,0.372481,0.405523,0.412969,0.392639
3119,0.304358,0.340115,0.369477,0.356972,0.360404,0.413071,0.397876,0.371123,0.405523,0.412969,0.392639
3120,0.304358,0.340115,0.369477,0.356972,0.362545,0.413071,0.397876,0.371123,0.405523,0.412969,0.392639
3121,0.304358,0.340115,0.369477,0.356972,0.361415,0.413071,0.397876,0.371123,0.405523,0.412969,0.392639
3122,0.304358,0.340115,0.369477,0.356972,0.36342,0.413071,0.397876,0.371123,0.405523,0.412969,0.392639
3123,0.304358,0.340115,0.369477,0.356972,0.362268,0.413071,0.397876,0.371123,0.405523,0.412969,0.392639
3124,0.304358,0.340115,0.369477,0.355402,0.362268,0.413071,0.397876,0.371123,0.405523,0.412969,0.392639
3125,0.304358,0.340115,0.369477,0.355402,0.362268,0.413071,0.397876,0.371123,0.405523,0.412969,0.392283
3126,0.304358,0.340115,0.369477,0.355402,0.362674,0.413071,0.397876,0.371123,0.405523,0.412969,0.392283
3127,0.305568,0.340115,0.369477,0.355402,0.362674,0.413071,0.397876,0.371123,0.405523,0.412969,0.392283
3128,0.305144,0.340115,0.369477,0.355402,0.362674,0.413071,0.397876,0.371123,0.405523,0.412969,0.392283
3129,0.305144,0.340115,0.369477,0.355402,0.366657,0.413071,0.397876,0.371123,0.405523,0.412969,0.392283
3130,0.305144,0.340115,0.369477,0.355402,0.366694,0.413071,0.397876,0.371123,0.405523,0.412969,0.392283
3131,0.305144,0.340115,0.369477,0.355402,0.364962,0.413071,0.397876,0.371123,0.405523,0.412969,0.392283
3132,0.305144,0.340115,0.369477,0.355402,0.36349,0.413071,0.397876,0.371123,0.405523,0.412969,0.392283
3133,0.305144,0.340115,0.369477,0.355402,0.36349,0.415057,0.397876,0.371123,0.405523,0.412969,0.392283
3134,0.305144,0.340115,0.369477,0.355402,0.36349,0.415501,0.397876,0.371123,0.405523,0.412969,0.392283
3135,0.305144,0.340115,0.369477,0.355402,0.36349,0.414393,0.397876,0.371123,0.405523,0.412969,0.392283
3136,0.305144,0.340115,0.369477,0.355402,0.36349,0.413419,0.397876,0.371123,0.405523,0.412969,0.392283
3137,0.305144,0.340115,0.369477,0.355402,0.36349,0.413419,0.397876,0.371123,0.405523,0.413286,0.392283
3138,0.305144,0.340115,0.369477,0.355402,0.36349,0.413419,0.397876,0.371123,0.405523,0.412198,0.392283
3139,0.305144,0.340115,0.36805,0.355402,0.36349,0.413419,0.397876,0.371123,0.405523,0.412198,0.392283
3140,0.305144,0.340115,0.36805,0.355402,0.36349,0.413419,0.397876,0.371123,0.405523,0.412198,0.392496
3141,0.305144,0.342333,0.36805,0.355402,0.36349,0.413419,0.397876,0.371123,0.405523,0.412198,0.392496
3142,0.305144,0.345466,0.36805,0.355402,0.36349,0.413419,0.397876,0.371123,0.405523,0.412198,0.392496
3143,0.305144,0.343821,0.36805,0.355402,0.36349,0.413419,0.397876,0.371123,0.405523,0.412198,0.392496
3144,0.305144,0.342263,0.36805,0.355402,0.36349,0.413419,0.397876,0.371123,0.405523,0.412198,0.392496
3145,0.305144,0.342263,0.36805,0.355402,0.36349,0.413419,0.397876,0.371123,0.405523,0.412198,0.39125
3146,0.305144,0.342263,0.36805,0.355402,0.36349,0.413274,0.397876,0.371123,0.405523,0.412198,0.39125
3147,0.305144,0.342263,0.36805,0.355402,0.36349,0.413274,0.397876,0.371467,0.405523,0.412198,0.39125
3148,0.305144,0.340036,0.36805,0.355402,0.36349,0.413274,0.397876,0.371467,0.405523,0.412198,0.39125
3149,0.303334,0.340036,0.36805,0.355402,0.36349,0.413274,0.397876,0.371467,0.405523,0.412198,0.39125
3150,0.303334,0.340036,0.36805,0.355402,0.36349,0.413274,0.397876,0.371315,0.405523,0.412198,0.39125
3151,0.303334,0.340036,0.36805,0.355402,0.36349,0.413023,0.397876,0.371315,0.405523,0.412198,0.39125
3152,0.303334,0.340036,0.36805,0.355402,0.362883,0.413023,0.397876,0.371315,0.405523,0.412198,0.39125
3153,0.303334,0.340036,0.36805,0.355402,0.362883,0.413023,0.398168,0.371315,0.405523,0.412198,0.39125
3154,0.303334,0.340036,0.36805,0.355402,0.362883,0.413023,0.396962,0.371315,0.405523,0.412198,0.39125
3155,0.303334,0.340036,0.36805,0.355402,0.362883,0.413023,0.396962,0.371315,0.405523,0.409951,0.39125
3156,0.303334,0.340036,0.36805,0.355402,0.362883,0.413023,0.396962,0.371315,0.404367,0.409951,0.39125
3157,0.303334,0.340036,0.36805,0.355402,0.362883,0.413023,0.396962,0.370201,0.404367,0.409951,0.39125
3158,0.303334,0.340036,0.36805,0.355402,0.362883,0.41195,0.396962,0.370201,0.404367,0.409951,0.39125
3159,0.303334,0.340036,0.36805,0.355973,0.362883,0.41195,0.396962,0.370201,0.404367,0.409951,0.39125
3160,0.303334,0.340036,0.36805,0.356303,0.362883,0.41195,0.396962,0.370201,0.404367,0.409951,0.39125
3161,0.303334,0.340036,0.36805,0.356596,0.362883,0.41195,0.396962,0.370201,0.404367,0.409951,0.39125
3162,0.303334,0.340036,0.366482,0.356596,0.362883,0.41195,0.396962,0.370201,0.404367,0.409951,0.39125
3163,0.303334,0.340036,0.366482,0.356596,0.362883,0.41195,0.396962,0.370201,0.404367,0.409951,0.392299
3164,0.303334,0.340036,0.366482,0.356596,0.362883,0.41195,0.396962,0.370201,0.404367,0.409951,0.391193
3165,0.303334,0.340036,0.366482,0.357548,0.362883,0.41195,0.396962,0.370201,0.404367,0.409951,0.391193
3166,0.303334,0.340036,0.366482,0.356052,0.362883,0.41195,0.396962,0.370201,0.404367,0.409951,0.391193
3167,0.303334,0.340036,0.366482,0.356052,0.36464,0.41195,0.396962,0.370201,0.404367,0.409951,0.391193
3168,0.303334,0.340036,0.366482,0.356052,0.363696,0.41195,0.396962,0.370201,0.404367,0.409951,0.391193
3169,0.303334,0.340036,0.366482,0.356052,0.362253,0.41195,0.396962,0.370201,0.404367,0.409951,0.391193
3170,0.303334,0.340036,0.366482,0.356052,0.362253,0.41195,0.396962,0.370201,0.404367,0.409951,0.393633
3171,0.303334,0.340036,0.366482,0.356052,0.362253,0.41195,0.396962,0.370201,0.404367,0.409951,0.39481
3172,0.303334,0.340036,0.366482,0.356052,0.362253,0.41195,0.396962,0.370201,0.404367,0.409951,0.393829
3173,0.303334,0.340036,0.366482,0.356052,0.362253,0.41195,0.396962,0.370201,0.404367,0.409951,0.392602
3174,0.303334,0.340036,0.366482,0.356052,0.362253,0.41195,0.396962,0.370201,0.404367,0.409951,0.392259
3175,0.303334,0.340036,0.366482,0.356052,0.362253,0.41195,0.399137,0.370201,0.404367,0.409951,0.392259
3176,0.303334,0.340036,0.366482,0.356052,0.362253,0.41195,0.397966,0.370201,0.404367,0.409951,0.392259
3177,0.303334,0.340036,0.366482,0.356052,0.362253,0.41195,0.399298,0.370201,0.404367,0.409951,0.392259
3178,0.303334,0.340036,0.366482,0.356052,0.362253,0.41195,0.401833,0.370201,0.404367,0.409951,0.392259
3179,0.303334,0.340036,0.366482,0.356052,0.362253,0.41195,0.400863,0.370201,0.404367,0.409951,0.392259
3180,0.303334,0.340036,0.366482,0.356052,0.362253,0.41195,0.40139,0.370201,0.404367,0.409951,0.392259
3181,0.303334,0.340036,0.366482,0.356052,0.362253,0.41195,0.400213,0.370201,0.404367,0.409951,0.392259
3182,0.303334,0.340036,0.366482,0.356052,0.362253,0.41195,0.400673,0.370201,0.404367,0.409951,0.392259
3183,0.303334,0.340036,0.366482,0.356052,0.362253,0.41195,0.400206,0.370201,0.404367,0.409951,0.392259
3184,0.303334,0.340036,0.366482,0.356052,0.362253,0.41195,0.402331,0.370201,0.404367,0.409951,0.392259
3185,0.303334,0.340036,0.366482,0.356052,0.362253,0.41195,0.401165,0.370201,0.404367,0.409951,0.392259
3186,0.303334,0.340036,0.366482,0.356052,0.362253,0.41195,0.400421,0.370201,0.404367,0.409951,0.392259
3187,0.303334,0.340036,0.366482,0.356052,0.362253,0.410941,0.400421,0.370201,0.404367,0.409951,0.392259
3188,0.303334,0.340036,0.366482,0.356052,0.362253,0.410941,0.400421,0.370201,0.403241,0.409951,0.392259
3189,0.303334,0.340036,0.366482,0.356052,0.362253,0.410941,0.400421,0.369961,0.403241,0.409951,0.392259
3190,0.303334,0.340036,0.366482,0.356052,0.362253,0.410941,0.401018,0.369961,0.403241,0.409951,0.392259
3191,0.303334,0.340036,0.366482,0.356052,0.362253,0.410941,0.399287,0.369961,0.403241,0.409951,0.392259
3192,0.303334,0.340036,0.366482,0.356052,0.362253,0.410941,0.399287,0.369961,0.403241,0.409951,0.393015
3193,0.303334,0.340036,0.366482,0.356052,0.362253,0.410941,0.399287,0.369961,0.403241,0.409951,0.391802
3194,0.301507,0.340036,0.366482,0.356052,0.362253,0.410941,0.399287,0.369961,0.403241,0.409951,0.391802
3195,0.301507,0.33842,0.366482,0.356052,0.362253,0.410941,0.399287,0.369961,0.403241,0.409951,0.391802
3196,0.301507,0.33842,0.366482,0.355059,0.362253,0.410941,0.399287,0.369961,0.403241,0.409951,0.391802
3197,0.301507,0.33842,0.366482,0.355059,0.362253,0.410941,0.399287,0.36968,0.403241,0.409951,0.391802
3198,0.301507,0.33842,0.366482,0.355059,0.362253,0.410941,0.399287,0.36968,0.403241,0.408878,0.391802
3199,0.301507,0.33842,0.366192,0.355059,0.362253,0.410941,0.399287,0.36968,0.403241,0.408878,0.391802
3200,0.301507,0.33842,0.366192,0.355059,0.362253,0.410043,0.399287,0.36968,0.403241,0.408878,0.391802
3201,0.301507,0.33842,0.366192,0.355059,0.360821,0.410043,0.399287,0.36968,0.403241,0.408878,0.391802
3202,0.301507,0.33842,0.366192,0.355059,0.360821,0.410043,0.399287,0.36968,0.40225,0.408878,0.391802
3203,0.301507,0.33842,0.366192,0.355059,0.360821,0.410043,0.399287,0.368376,0.40225,0.408878,0.391802
3204,0.301507,0.33842,0.366192,0.355059,0.360821,0.410043,0.399287,0.368376,0.40225,0.408878,0.390597
3205,0.301507,0.33842,0.364794,0.355059,0.360821,0.410043,0.399287,0.368376,0.40225,0.408878,0.390597
3206,0.301507,0.33842,0.364794,0.355059,0.360821,0.410043,0.398143,0.368376,0.40225,0.408878,0.390597
3207,0.301507,0.33842,0.364794,0.355059,0.360821,0.410043,0.398143,0.368376,0.40225,0.408453,0.390597
3208,0.301507,0.33842,0.364794,0.357698,0.360821,0.410043,0.398143,0.368376,0.40225,0.408453,0.390597
3209,0.301507,0.33842,0.364794,0.356246,0.360821,0.410043,0.398143,0.368376,0.40225,0.408453,0.390597
3210,0.301507,0.33842,0.364794,0.35478,0.360821,0.410043,0.398143,0.368376,0.40225,0.408453,0.390597
3211,0.301507,0.33842,0.364794,0.35478,0.360821,0.410075,0.398143,0.368376,0.40225,0.408453,0.390597
3212,0.301507,0.33842,0.364794,0.35478,0.360821,0.409428,0.398143,0.368376,0.40225,0.408453,0.390597
3213,0.301507,0.33842,0.364794,0.35478,0.360821,0.409428,0.398143,0.368376,0.402366,0.408453,0.390597
3214,0.301507,0.33842,0.364794,0.35478,0.360821,0.409428,0.398143,0.368376,0.401974,0.408453,0.390597
3215,0.301507,0.33842,0.364794,0.35478,0.360821,0.409428,0.398143,0.368376,0.401974,0.409773,0.390597
3216,0.301507,0.33842,0.364794,0.35478,0.360821,0.409428,0.398143,0.368376,0.401974,0.409141,0.390597
3217,0.301507,0.33842,0.364794,0.35478,0.360821,0.409428,0.398143,0.368376,0.401974,0.408495,0.390597
3218,0.301507,0.339269,0.364794,0.35478,0.360821,0.409428,0.398143,0.368376,0.401974,0.408495,0.390597
3219,0.301507,0.33946,0.364794,0.35478,0.360821,0.409428,0.398143,0.368376,0.401974,0.408495,0.390597
3220,0.301507,0.337888,0.364794,0.35478,0.360821,0.409428,0.398143,0.368376,0.401974,0.408495,0.390597
3221,0.301507,0.337888,0.364794,0.35478,0.360821,0.409428,0.398143,0.368376,0.401974,0.408495,0.390471
3222,0.301507,0.337888,0.364794,0.35478,0.361712,0.409428,0.398143,0.368376,0.401974,0.408495,0.390471
3223,0.301507,0.337888,0.364794,0.35478,0.360294,0.409428,0.398143,0.368376,0.401974,0.408495,0.390471
3224,0.301618,0.337888,0.364794,0.35478,0.360294,0.409428,0.398143,0.368376,0.401974,0.408495,0.390471
3225,0.301618,0.337888,0.364794,0.35478,0.360294,0.409428,0.398143,0.367035,0.401974,0.408495,0.390471
3226,0.301618,0.337888,0.364794,0.35478,0.360294,0.409428,0.397242,0.367035,0.401974,0.408495,0.390471
3227,0.301618,0.337888,0.364794,0.35478,0.360294,0.409428,0.397242,0.367035,0.401366,0.408495,0.390471
3228,0.301618,0.337888,0.364794,0.35478,0.360294,0.411095,0.397242,0.367035,0.401366,0.408495,0.390471
3229,0.301618,0.337888,0.364794,0.35478,0.360294,0.410198,0.397242,0.367035,0.401366,0.408495,0.390471
3230,0.301618,0.337888,0.364794,0.35478,0.360294,0.410848,0.397242,0.367035,0.401366,0.408495,0.390471
3231,0.301618,0.337888,0.364794,0.35478,0.360294,0.412308,0.397242,0.367035,0.401366,0.408495,0.390471
3232,0.301618,0.337888,0.364794,0.35478,0.360294,0.411399,0.397242,0.367035,0.401366,0.408495,0.390471
3233,0.301618,0.337888,0.364794,0.35478,0.360294,0.410956,0.397242,0.367035,0.401366,0.408495,0.390471
3234,0.301618,0.337888,0.364794,0.35478,0.360294,0.409918,0.397242,0.367035,0.401366,0.408495,0.390471
3235,0.301618,0.337888,0.367035,0.35478,0.360294,0.409918,0.397242,0.367035,0.401366,0.408495,0.390471
3236,0.301618,0.337888,0.367587,0.35478,0.360294,0.409918,0.397242,0.367035,0.401366,0.408495,0.390471
3237,0.301618,0.337888,0.366359,0.35478,0.360294,0.409918,0.397242,0.367035,0.401366,0.408495,0.390471
3238,0.301618,0.337888,0.367098,0.35478,0.360294,0.409918,0.397242,0.367035,0.401366,0.408495,0.390471
3239,0.301618,0.337888,0.368929,0.35478,0.360294,0.409918,0.397242,0.367035,0.401366,0.408495,0.390471
3240,0.301618,0.337888,0.368223,0.35478,0.360294,0.409918,0.397242,0.367035,0.401366,0.408495,0.390471
3241,0.301618,0.337888,0.371654,0.35478,0.360294,0.409918,0.397242,0.367035,0.401366,0.408495,0.390471
3242,0.301618,0.337888,0.371053,0.35478,0.360294,0.409918,0.397242,0.367035,0.401366,0.408495,0.390471
3243,0.301618,0.337888,0.370425,0.35478,0.360294,0.409918,0.397242,0.367035,0.401366,0.408495,0.390471
3244,0.301618,0.337888,0.374579,0.35478,0.360294,0.409918,0.397242,0.367035,0.401366,0.408495,0.390471
3245,0.301618,0.337888,0.373207,0.35478,0.360294,0.409918,0.397242,0.367035,0.401366,0.408495,0.390471
3246,0.301618,0.337888,0.370754,0.35478,0.360294,0.409918,0.397242,0.367035,0.401366,0.408495,0.390471
3247,0.301618,0.337888,0.369552,0.35478,0.360294,0.409918,0.397242,0.367035,0.401366,0.408495,0.390471
3248,0.301618,0.337888,0.369552,0.35478,0.360294,0.409918,0.397242,0.367035,0.401366,0.408495,0.390791
3249,0.301618,0.337888,0.369552,0.35478,0.360294,0.409918,0.397242,0.367035,0.401366,0.40744,0.390791
3250,0.301618,0.337888,0.369552,0.35478,0.360294,0.409918,0.397242,0.367035,0.401366,0.40744,0.390001
3251,0.300862,0.337888,0.369552,0.35478,0.360294,0.409918,0.397242,0.367035,0.401366,0.40744,0.390001
3252,0.300862,0.337888,0.369552,0.355521,0.360294,0.409918,0.397242,0.367035,0.401366,0.40744,0.390001
3253,0.300862,0.337888,0.369552,0.360433,0.360294,0.409918,0.397242,0.367035,0.401366,0.40744,0.390001
3254,0.300862,0.337888,0.369552,0.35957,0.360294,0.409918,0.397242,0.367035,0.401366,0.40744,0.390001
3255,0.300862,0.337888,0.369552,0.363063,0.360294,0.409918,0.397242,0.367035,0.401366,0.40744,0.390001
3256,0.300862,0.337888,0.369552,0.362134,0.360294,0.409918,0.397242,0.367035,0.401366,0.40744,0.390001
3257,0.300862,0.337888,0.369552,0.360679,0.360294,0.409918,0.397242,0.367035,0.401366,0.40744,0.390001
3258,0.300862,0.337888,0.369552,0.363309,0.360294,0.409918,0.397242,0.367035,0.401366,0.40744,0.390001
3259,0.300862,0.337888,0.369552,0.362684,0.360294,0.409918,0.397242,0.367035,0.401366,0.40744,0.390001
3260,0.300862,0.337888,0.369552,0.36096,0.360294,0.409918,0.397242,0.367035,0.401366,0.40744,0.390001
3261,0.300862,0.337888,0.369552,0.359533,0.360294,0.409918,0.397242,0.367035,0.401366,0.40744,0.390001
3262,0.300862,0.337888,0.369552,0.359533,0.360294,0.409918,0.397242,0.367035,0.403498,0.40744,0.390001
3263,0.300862,0.337888,0.369552,0.359533,0.360294,0.409918,0.397242,0.367035,0.40432,0.40744,0.390001
3264,0.300862,0.337888,0.369552,0.359533,0.360294,0.409918,0.397242,0.367035,0.403511,0.40744,0.390001
3265,0.300862,0.337888,0.369552,0.359533,0.360294,0.409918,0.397242,0.367035,0.402411,0.40744,0.390001
3266,0.300862,0.337888,0.369552,0.358118,0.360294,0.409918,0.397242,0.367035,0.402411,0.40744,0.390001
3267,0.300862,0.337888,0.369552,0.358118,0.360294,0.409918,0.397242,0.367035,0.404621,0.40744,0.390001
3268,0.300862,0.337888,0.369552,0.358118,0.360294,0.409918,0.397242,0.367035,0.405919,0.40744,0.390001
3269,0.300862,0.337888,0.369552,0.358118,0.360294,0.409918,0.397242,0.367035,0.405023,0.40744,0.390001
3270,0.300862,0.337888,0.369552,0.358118,0.360294,0.409918,0.397242,0.367035,0.405501,0.40744,0.390001
3271,0.300862,0.337888,0.369552,0.358118,0.360294,0.409918,0.397242,0.367035,0.406085,0.40744,0.390001
3272,0.300862,0.337888,0.369552,0.358118,0.360294,0.409918,0.397242,0.367035,0.405414,0.40744,0.390001
3273,0.300862,0.337888,0.369552,0.358118,0.360294,0.409918,0.397242,0.367035,0.40433,0.40744,0.390001
3274,0.300862,0.337888,0.369552,0.358118,0.360294,0.409918,0.397242,0.367035,0.403252,0.40744,0.390001
3275,0.300862,0.337888,0.369552,0.358118,0.360294,0.409918,0.396225,0.367035,0.403252,0.40744,0.390001
3276,0.300862,0.337888,0.369552,0.358118,0.360516,0.409918,0.396225,0.367035,0.403252,0.40744,0.390001
3277,0.300862,0.337888,0.369075,0.358118,0.360516,0.409918,0.396225,0.367035,0.403252,0.40744,0.390001
3278,0.300862,0.337888,0.369075,0.358118,0.360516,0.409918,0.396225,0.367035,0.403252,0.40744,0.389393
3279,0.300862,0.337888,0.369075,0.358118,0.360516,0.409324,0.396225,0.367035,0.403252,0.40744,0.389393
3280,0.300862,0.337888,0.369075,0.358118,0.359113,0.409324,0.396225,0.367035,0.403252,0.40744,0.389393
3281,0.300862,0.337888,0.369075,0.358118,0.359113,0.409324,0.396225,0.367035,0.403252,0.40639,0.389393
3282,0.300862,0.337888,0.369075,0.358118,0.359113,0.409324,0.396225,0.366727,0.403252,0.40639,0.389393
3283,0.300862,0.337939,0.369075,0.358118,0.359113,0.409324,0.396225,0.366727,0.403252,0.40639,0.389393
3284,0.299697,0.337939,0.369075,0.358118,0.359113,0.409324,0.396225,0.366727,0.403252,0.40639,0.389393
3285,0.299697,0.337939,0.367765,0.358118,0.359113,0.409324,0.396225,0.366727,0.403252,0.40639,0.389393
3286,0.299697,0.337939,0.367765,0.358118,0.359113,0.410303,0.396225,0.366727,0.403252,0.40639,0.389393
3287,0.299697,0.337939,0.367765,0.358118,0.359113,0.40999,0.396225,0.366727,0.403252,0.40639,0.389393
3288,0.299697,0.337939,0.367765,0.358118,0.359113,0.410824,0.396225,0.366727,0.403252,0.40639,0.389393
3289,0.299697,0.337939,0.367765,0.358118,0.359113,0.410344,0.396225,0.366727,0.403252,0.40639,0.389393
3290,0.299697,0.337939,0.367765,0.358118,0.359113,0.41258,0.396225,0.366727,0.403252,0.40639,0.389393
3291,0.299697,0.337939,0.367765,0.358118,0.359113,0.414709,0.396225,0.366727,0.403252,0.40639,0.389393
3292,0.299697,0.337939,0.367765,0.358118,0.359113,0.413952,0.396225,0.366727,0.403252,0.40639,0.389393
3293,0.299697,0.337939,0.367765,0.358118,0.359113,0.41303,0.396225,0.366727,0.403252,0.40639,0.389393
3294,0.299697,0.337939,0.367765,0.358118,0.359113,0.412131,0.396225,0.366727,0.403252,0.40639,0.389393
3295,0.299697,0.337939,0.367765,0.358118,0.359113,0.414108,0.396225,0.366727,0.403252,0.40639,0.389393
3296,0.299697,0.337939,0.367765,0.358118,0.359113,0.413452,0.396225,0.366727,0.403252,0.40639,0.389393
3297,0.299697,0.337939,0.367765,0.358118,0.359113,0.412994,0.396225,0.366727,0.403252,0.40639,0.389393
3298,0.299697,0.337939,0.367765,0.358118,0.359113,0.414712,0.396225,0.366727,0.403252,0.40639,0.389393
3299,0.299697,0.337939,0.367765,0.358118,0.359113,0.413629,0.396225,0.366727,0.403252,0.40639,0.389393
3300,0.299697,0.337939,0.367765,0.358118,0.359113,0.414259,0.396225,0.366727,0.403252,0.40639,0.389393
3301,0.299697,0.337939,0.367765,0.358118,0.359113,0.413256,0.396225,0.366727,0.403252,0.40639,0.389393
3302,0.299697,0.337939,0.367765,0.358118,0.359113,0.411993,0.396225,0.366727,0.403252,0.40639,0.389393
3303,0.299697,0.337939,0.367765,0.358118,0.359113,0.411993,0.396225,0.366727,0.403252,0.40639,0.389167
3304,0.299697,0.337939,0.367765,0.358118,0.359113,0.411993,0.396225,0.365379,0.403252,0.40639,0.389167
3305,0.299697,0.341896,0.367765,0.358118,0.359113,0.411993,0.396225,0.365379,0.403252,0.40639,0.389167
3306,0.299697,0.340754,0.367765,0.358118,0.359113,0.411993,0.396225,0.365379,0.403252,0.40639,0.389167
3307,0.299697,0.342341,0.367765,0.358118,0.359113,0.411993,0.396225,0.365379,0.403252,0.40639,0.389167
3308,0.299697,0.341502,0.367765,0.358118,0.359113,0.411993,0.396225,0.365379,0.403252,0.40639,0.389167
3309,0.299697,0.344635,0.367765,0.358118,0.359113,0.411993,0.396225,0.365379,0.403252,0.40639,0.389167
3310,0.299697,0.343581,0.367765,0.358118,0.359113,0.411993,0.396225,0.365379,0.403252,0.40639,0.389167
3311,0.299697,0.344449,0.367765,0.358118,0.359113,0.411993,0.396225,0.365379,0.403252,0.40639,0.389167
3312,0.299697,0.34641,0.367765,0.358118,0.359113,0.411993,0.396225,0.365379,0.403252,0.40639,0.389167
3313,0.299697,0.345642,0.367765,0.358118,0.359113,0.411993,0.396225,0.365379,0.403252,0.40639,0.389167
3314,0.299697,0.345039,0.367765,0.358118,0.359113,0.411993,0.396225,0.365379,0.403252,0.40639,0.389167
3315,0.299697,0.34384,0.367765,0.358118,0.359113,0.411993,0.396225,0.365379,0.403252,0.40639,0.389167
3316,0.299697,0.34384,0.367765,0.358118,0.359113,0.411993,0.396225,0.365379,0.403713,0.40639,0.389167
3317,0.299697,0.34384,0.367765,0.358118,0.359113,0.411993,0.396225,0.365379,0.405754,0.40639,0.389167
3318,0.299697,0.34384,0.367765,0.358118,0.359113,0.411993,0.396225,0.365379,0.405909,0.40639,0.389167
3319,0.299697,0.34384,0.367765,0.358118,0.359113,0.411993,0.396225,0.365379,0.405214,0.40639,0.389167
3320,0.299697,0.34384,0.367765,0.358118,0.359113,0.411993,0.396225,0.365379,0.404232,0.40639,0.389167
3321,0.299697,0.34384,0.367765,0.358118,0.359113,0.411993,0.397917,0.365379,0.404232,0.40639,0.389167
3322,0.299697,0.34384,0.367765,0.358118,0.359113,0.411993,0.397371,0.365379,0.404232,0.40639,0.389167
3323,0.299697,0.34384,0.367765,0.358118,0.359113,0.411993,0.396374,0.365379,0.404232,0.40639,0.389167
3324,0.299697,0.34384,0.367765,0.358118,0.359113,0.411993,0.396374,0.365379,0.404232,0.40639,0.388356
3325,0.299697,0.34384,0.367765,0.358118,0.359113,0.411993,0.396374,0.365379,0.404232,0.405631,0.388356
3326,0.299697,0.34384,0.367765,0.358118,0.359113,0.411993,0.396374,0.365379,0.40672,0.405631,0.388356
3327,0.299697,0.34384,0.367765,0.358118,0.359113,0.411993,0.396374,0.365379,0.407102,0.405631,0.388356
3328,0.299697,0.34384,0.367765,0.358118,0.359113,0.411993,0.396374,0.365379,0.406049,0.405631,0.388356
3329,0.299697,0.34384,0.367765,0.358118,0.359113,0.411993,0.396374,0.365379,0.406893,0.405631,0.388356
3330,0.299697,0.34384,0.367765,0.358118,0.359113,0.411993,0.396374,0.365379,0.407371,0.405631,0.388356
3331,0.299697,0.34384,0.367765,0.358118,0.359113,0.411993,0.396374,0.365379,0.407631,0.405631,0.388356
3332,0.299697,0.34384,0.367765,0.358118,0.359113,0.411993,0.396374,0.365379,0.406689,0.405631,0.388356
3333,0.299697,0.34384,0.367765,0.358118,0.359113,0.411993,0.396374,0.365379,0.407391,0.405631,0.388356
3334,0.299697,0.34384,0.367765,0.358118,0.359113,0.411993,0.396374,0.365379,0.405742,0.405631,0.388356
3335,0.299697,0.34384,0.367765,0.357566,0.359113,0.411993,0.396374,0.365379,0.405742,0.405631,0.388356
3336,0.299697,0.342472,0.367765,0.357566,0.359113,0.411993,0.396374,0.365379,0.405742,0.405631,0.388356
3337,0.299697,0.342472,0.367765,0.357566,0.359113,0.411993,0.396979,0.365379,0.405742,0.405631,0.388356
3338,0.299697,0.342472,0.367765,0.357566,0.359113,0.411993,0.399725,0.365379,0.405742,0.405631,0.388356
3339,0.299697,0.342472,0.367765,0.357566,0.359113,0.411993,0.400539,0.365379,0.405742,0.405631,0.388356
3340,0.299697,0.342472,0.367765,0.357566,0.359113,0.411993,0.400624,0.365379,0.405742,0.405631,0.388356
3341,0.299697,0.342472,0.367765,0.357566,0.359113,0.411993,0.402399,0.365379,0.405742,0.405631,0.388356
3342,0.299697,0.342472,0.367765,0.357566,0.359113,0.411993,0.402979,0.365379,0.405742,0.405631,0.388356
3343,0.299697,0.342472,0.367765,0.357566,0.359113,0.411993,0.401998,0.365379,0.405742,0.405631,0.388356
3344,0.299697,0.342472,0.367765,0.357566,0.359113,0.411993,0.402058,0.365379,0.405742,0.405631,0.388356
3345,0.299697,0.342472,0.367765,0.357566,0.359113,0.411993,0.40095,0.365379,0.405742,0.405631,0.388356
3346,0.299697,0.342472,0.367765,0.357566,0.359113,0.411993,0.401033,0.365379,0.405742,0.405631,0.388356
3347,0.299697,0.342472,0.367765,0.357566,0.359113,0.411993,0.402481,0.365379,0.405742,0.405631,0.388356
3348,0.299697,0.342472,0.367765,0.357566,0.359113,0.411993,0.401381,0.365379,0.405742,0.405631,0.388356
3349,0.299697,0.342472,0.367765,0.357566,0.359113,0.411993,0.402391,0.365379,0.405742,0.405631,0.388356
3350,0.299697,0.342472,0.367765,0.357566,0.359113,0.411993,0.40304,0.365379,0.405742,0.405631,0.388356
3351,0.299697,0.342472,0.367765,0.357566,0.359113,0.411993,0.401947,0.365379,0.405742,0.405631,0.388356
3352,0.299697,0.342472,0.367765,0.357566,0.359113,0.411993,0.400963,0.365379,0.405742,0.405631,0.388356
3353,0.299697,0.342472,0.367765,0.357566,0.359822,0.411993,0.400963,0.365379,0.405742,0.405631,0.388356
3354,0.299697,0.342472,0.367765,0.357566,0.358946,0.411993,0.400963,0.365379,0.405742,0.405631,0.388356
3355,0.299697,0.342472,0.367765,0.357566,0.358946,0.411993,0.401811,0.365379,0.405742,0.405631,0.388356
3356,0.299697,0.342472,0.367765,0.357566,0.358946,0.411993,0.400731,0.365379,0.405742,0.405631,0.388356
3357,0.299697,0.342472,0.367765,0.357566,0.358946,0.411993,0.400731,0.365379,0.405969,0.405631,0.388356
3358,0.299697,0.342472,0.367765,0.357566,0.358946,0.413166,0.400731,0.365379,0.405969,0.405631,0.388356
3359,0.299697,0.342472,0.367765,0.357566,0.358946,0.412168,0.400731,0.365379,0.405969,0.405631,0.388356
3360,0.299697,0.342472,0.367765,0.357566,0.358946,0.412168,0.400731,0.365379,0.404931,0.405631,0.388356
3361,0.299697,0.342472,0.367765,0.357566,0.358946,0.412168,0.400731,0.365379,0.404931,0.406019,0.388356
3362,0.299697,0.342472,0.367765,0.357566,0.358946,0.412168,0.400731,0.365379,0.404931,0.40498,0.388356
3363,0.299697,0.342472,0.367765,0.356169,0.358946,0.412168,0.400731,0.365379,0.404931,0.40498,0.388356
3364,0.299697,0.342472,0.368099,0.356169,0.358946,0.412168,0.400731,0.365379,0.404931,0.40498,0.388356
3365,0.299697,0.342472,0.368099,0.356169,0.358946,0.412168,0.400731,0.365379,0.404931,0.40498,0.388426
3366,0.299697,0.342472,0.36678,0.356169,0.358946,0.412168,0.400731,0.365379,0.404931,0.40498,0.388426
3367,0.299697,0.342472,0.36678,0.356169,0.358946,0.411196,0.400731,0.365379,0.404931,0.40498,0.388426
3368,0.299697,0.342472,0.36678,0.356169,0.358946,0.411196,0.400731,0.366626,0.404931,0.40498,0.388426
3369,0.299697,0.342472,0.36678,0.356169,0.358946,0.411196,0.400731,0.369229,0.404931,0.40498,0.388426
3370,0.299697,0.342472,0.36678,0.356169,0.358946,0.411196,0.400731,0.367907,0.404931,0.40498,0.388426
3371,0.299697,0.342472,0.36678,0.356169,0.358946,0.411196,0.400731,0.370325,0.404931,0.40498,0.388426
3372,0.299697,0.342472,0.36678,0.356169,0.358946,0.411196,0.400731,0.368989,0.404931,0.40498,0.388426
3373,0.299697,0.342472,0.36678,0.356169,0.358946,0.411196,0.400731,0.368216,0.404931,0.40498,0.388426
3374,0.299697,0.342472,0.36678,0.356169,0.358946,0.411196,0.400731,0.368398,0.404931,0.40498,0.388426
3375,0.304043,0.342472,0.36678,0.356169,0.358946,0.411196,0.400731,0.368398,0.404931,0.40498,0.388426
3376,0.311961,0.342472,0.36678,0.356169,0.358946,0.411196,0.400731,0.368398,0.404931,0.40498,0.388426
3377,0.310075,0.342472,0.36678,0.356169,0.358946,0.411196,0.400731,0.368398,0.404931,0.40498,0.388426
3378,0.308364,0.342472,0.36678,0.356169,0.358946,0.411196,0.400731,0.368398,0.404931,0.40498,0.388426
3379,0.307097,0.342472,0.36678,0.356169,0.358946,0.411196,0.400731,0.368398,0.404931,0.40498,0.388426
3380,0.310983,0.342472,0.36678,0.356169,0.358946,0.411196,0.400731,0.368398,0.404931,0.40498,0.388426
3381,0.309232,0.342472,0.36678,0.356169,0.358946,0.411196,0.400731,0.368398,0.404931,0.40498,0.388426
3382,0.308517,0.342472,0.36678,0.356169,0.358946,0.411196,0.400731,0.368398,0.404931,0.40498,0.388426
3383,0.306654,0.342472,0.36678,0.356169,0.358946,0.411196,0.400731,0.368398,0.404931,0.40498,0.388426
3384,0.306654,0.342472,0.36678,0.356169,0.358946,0.411196,0.400731,0.370965,0.404931,0.40498,0.388426
3385,0.306654,0.342472,0.36678,0.356169,0.358946,0.411196,0.400731,0.36956,0.404931,0.40498,0.388426
3386,0.306654,0.342472,0.36678,0.356169,0.358946,0.411196,0.400731,0.36825,0.404931,0.40498,0.388426
3387,0.306654,0.342472,0.36678,0.356169,0.358946,0.411196,0.400252,0.36825,0.404931,0.40498,0.388426
3388,0.306654,0.342472,0.36678,0.356169,0.358946,0.411196,0.400252,0.36825,0.404931,0.40498,0.388944
3389,0.306654,0.342472,0.36678,0.356169,0.358946,0.411196,0.400252,0.36825,0.404931,0.40498,0.389233
3390,0.306654,0.342472,0.36678,0.356169,0.358946,0.411196,0.400252,0.36825,0.404931,0.40498,0.388609
3391,0.306654,0.342472,0.36678,0.356169,0.357591,0.411196,0.400252,0.36825,0.404931,0.40498,0.388609
3392,0.306654,0.342472,0.36678,0.356169,0.357591,0.411196,0.401064,0.36825,0.404931,0.40498,0.388609
3393,0.306654,0.342472,0.36678,0.356169,0.357591,0.411196,0.402078,0.36825,0.404931,0.40498,0.388609
3394,0.306654,0.342472,0.36678,0.356169,0.357591,0.411196,0.402868,0.36825,0.404931,0.40498,0.388609
3395,0.306654,0.342472,0.36678,0.356169,0.357591,0.411196,0.404343,0.36825,0.404931,0.40498,0.388609
3396,0.306654,0.342472,0.36678,0.356169,0.357591,0.411196,0.403274,0.36825,0.404931,0.40498,0.388609
3397,0.306654,0.342472,0.36678,0.356169,0.357591,0.411196,0.402264,0.36825,0.404931,0.40498,0.388609
3398,0.306654,0.342472,0.36678,0.356169,0.357591,0.411196,0.405014,0.36825,0.404931,0.40498,0.388609
3399,0.306654,0.342472,0.36678,0.356169,0.357591,0.411196,0.404378,0.36825,0.404931,0.40498,0.388609
3400,0.306654,0.342472,0.36678,0.356169,0.357591,0.411196,0.403449,0.36825,0.404931,0.40498,0.388609
3401,0.306654,0.342472,0.36678,0.356169,0.357591,0.411196,0.401733,0.36825,0.404931,0.40498,0.388609
3402,0.306654,0.340983,0.36678,0.356169,0.357591,0.411196,0.401733,0.36825,0.404931,0.40498,0.388609
3403,0.306654,0.340983,0.36678,0.356169,0.357591,0.411196,0.401733,0.36825,0.404931,0.40498,0.387643
3404,0.304941,0.340983,0.36678,0.356169,0.357591,0.411196,0.401733,0.36825,0.404931,0.40498,0.387643
3405,0.304941,0.340983,0.36678,0.356169,0.357591,0.411196,0.401733,0.36825,0.404931,0.40522,0.387643
3406,0.304941,0.340983,0.36678,0.356169,0.357591,0.411196,0.401733,0.36825,0.404931,0.404189,0.387643
3407,0.304941,0.340983,0.36678,0.356169,0.357591,0.411196,0.401733,0.36825,0.406203,0.404189,0.387643
3408,0.304941,0.340983,0.36678,0.356169,0.357591,0.411196,0.401733,0.36825,0.406736,0.404189,0.387643
3409,0.304941,0.340983,0.36678,0.356169,0.357591,0.411196,0.401733,0.36825,0.406416,0.404189,0.387643
3410,0.304941,0.340983,0.36678,0.356169,0.357591,0.411196,0.401733,0.36825,0.407864,0.404189,0.387643
3411,0.304941,0.340983,0.36678,0.356169,0.357591,0.411196,0.401733,0.36825,0.40931,0.404189,0.387643
3412,0.304941,0.340983,0.36678,0.356169,0.357591,0.411196,0.401733,0.36825,0.408279,0.404189,0.387643
3413,0.304941,0.340983,0.36678,0.356169,0.357591,0.411196,0.401733,0.36825,0.408519,0.404189,0.387643
3414,0.304941,0.340983,0.36678,0.356169,0.357591,0.411196,0.401733,0.36825,0.407495,0.404189,0.387643
3415,0.304941,0.340983,0.36678,0.356169,0.357591,0.411196,0.401733,0.36825,0.407286,0.404189,0.387643
3416,0.304941,0.340983,0.36678,0.356169,0.357591,0.411196,0.401733,0.36825,0.407977,0.404189,0.387643
3417,0.304941,0.340983,0.36678,0.356169,0.357591,0.411196,0.401733,0.36825,0.407384,0.404189,0.387643
3418,0.304941,0.340983,0.36678,0.356169,0.357591,0.411316,0.401733,0.36825,0.407384,0.404189,0.387643
3419,0.304941,0.340983,0.36678,0.356169,0.357591,0.411337,0.401733,0.36825,0.407384,0.404189,0.387643
3420,0.304941,0.340983,0.36678,0.356169,0.357591,0.411337,0.401733,0.36825,0.406434,0.404189,0.387643
3421,0.304941,0.340983,0.36678,0.356169,0.357591,0.411337,0.401733,0.368857,0.406434,0.404189,0.387643
3422,0.304941,0.340983,0.36678,0.356169,0.357591,0.411337,0.401733,0.367657,0.406434,0.404189,0.387643
3423,0.304941,0.340983,0.36678,0.356169,0.357591,0.411256,0.401733,0.367657,0.406434,0.404189,0.387643
3424,0.304941,0.340983,0.36678,0.356441,0.357591,0.411256,0.401733,0.367657,0.406434,0.404189,0.387643
3425,0.304941,0.340983,0.36547,0.356441,0.357591,0.411256,0.401733,0.367657,0.406434,0.404189,0.387643
3426,0.304941,0.340983,0.36547,0.356441,0.357591,0.411432,0.401733,0.367657,0.406434,0.404189,0.387643
3427,0.304941,0.340983,0.36547,0.35506,0.357591,0.411432,0.401733,0.367657,0.406434,0.404189,0.387643
3428,0.304941,0.340983,0.36547,0.35506,0.357591,0.413079,0.401733,0.367657,0.406434,0.404189,0.387643
3429,0.304941,0.340983,0.36547,0.35506,0.357591,0.414812,0.401733,0.367657,0.406434,0.404189,0.387643
3430,0.304941,0.340983,0.36547,0.35506,0.357591,0.414344,0.401733,0.367657,0.406434,0.404189,0.387643
3431,0.304941,0.340983,0.36547,0.35506,0.357591,0.413369,0.401733,0.367657,0.406434,0.404189,0.387643
3432,0.304941,0.340983,0.36547,0.35506,0.357591,0.412399,0.401733,0.367657,0.406434,0.404189,0.387643
3433,0.304941,0.340983,0.36547,0.35506,0.357591,0.412399,0.404069,0.367657,0.406434,0.404189,0.387643
3434,0.304941,0.340983,0.36547,0.35506,0.357591,0.412399,0.403019,0.367657,0.406434,0.404189,0.387643
3435,0.304941,0.340983,0.36547,0.35506,0.357591,0.412399,0.402308,0.367657,0.406434,0.404189,0.387643
3436,0.304941,0.340983,0.36547,0.35506,0.357591,0.411975,0.402308,0.367657,0.406434,0.404189,0.387643
3437,0.304941,0.340983,0.36547,0.35506,0.356262,0.411975,0.402308,0.367657,0.406434,0.404189,0.387643
3438,0.304941,0.340983,0.36547,0.35506,0.356262,0.411975,0.402308,0.367657,0.406434,0.404189,0.388521
3439,0.304941,0.340983,0.36547,0.35506,0.356262,0.411975,0.402308,0.367657,0.406434,0.404189,0.388886
3440,0.304941,0.340983,0.36547,0.35506,0.356262,0.411975,0.402308,0.367657,0.406434,0.404189,0.387792
3441,0.304941,0.340983,0.36547,0.35506,0.356262,0.411975,0.402308,0.367657,0.406434,0.403164,0.387792
3442,0.304941,0.340983,0.36547,0.35506,0.356262,0.411975,0.401269,0.367657,0.406434,0.403164,0.387792
3443,0.304941,0.340983,0.36547,0.35506,0.356262,0.411975,0.401269,0.367657,0.407478,0.403164,0.387792
3444,0.304941,0.340983,0.36547,0.35506,0.356262,0.411975,0.401269,0.367657,0.409737,0.403164,0.387792
3445,0.304941,0.340983,0.36547,0.35506,0.356262,0.411975,0.401269,0.367657,0.408728,0.403164,0.387792
3446,0.304941,0.340983,0.36547,0.35506,0.356262,0.411975,0.401269,0.367657,0.409209,0.403164,0.387792
3447,0.304941,0.340983,0.36547,0.35506,0.356262,0.411975,0.401269,0.367657,0.40865,0.403164,0.387792
3448,0.304941,0.340983,0.36547,0.35506,0.356262,0.411975,0.401269,0.367657,0.410152,0.403164,0.387792
3449,0.304941,0.340983,0.36547,0.35506,0.356262,0.411975,0.401269,0.367657,0.409155,0.403164,0.387792
3450,0.304941,0.340983,0.36547,0.35506,0.356262,0.411975,0.401269,0.367657,0.41011,0.403164,0.387792
3451,0.304941,0.340983,0.36547,0.35506,0.356262,0.411975,0.401269,0.367657,0.412337,0.403164,0.387792
3452,0.304941,0.340983,0.36547,0.35506,0.356262,0.411975,0.401269,0.367657,0.410953,0.403164,0.387792
3453,0.304941,0.340983,0.36547,0.35506,0.356262,0.411975,0.401269,0.367657,0.412435,0.403164,0.387792
3454,0.304941,0.340983,0.36547,0.35506,0.356262,0.411975,0.401269,0.367657,0.414081,0.403164,0.387792
3455,0.304941,0.340983,0.36547,0.35506,0.356262,0.411975,0.401269,0.367657,0.415441,0.403164,0.387792
3456,0.304941,0.340983,0.36547,0.35506,0.356262,0.411975,0.401269,0.367657,0.414445,0.403164,0.387792
3457,0.304941,0.340983,0.36547,0.35506,0.356262,0.411975,0.401269,0.367657,0.41527,0.403164,0.387792
3458,0.304941,0.340983,0.36547,0.35506,0.356262,0.411975,0.401269,0.367657,0.414643,0.403164,0.387792
3459,0.304941,0.340983,0.36547,0.35506,0.356262,0.411975,0.401269,0.367657,0.413656,0.403164,0.387792
3460,0.304941,0.340983,0.36547,0.35506,0.356262,0.411975,0.401269,0.367657,0.413569,0.403164,0.387792
3461,0.304941,0.340983,0.36547,0.35506,0.356262,0.411975,0.401269,0.367657,0.41329,0.403164,0.387792
3462,0.304941,0.340983,0.36547,0.35506,0.356262,0.411975,0.401269,0.367657,0.41248,0.403164,0.387792
3463,0.304941,0.340983,0.36547,0.35506,0.356262,0.411975,0.401269,0.367657,0.414092,0.403164,0.387792
3464,0.304941,0.340983,0.36547,0.35506,0.356262,0.411975,0.401269,0.367657,0.414192,0.403164,0.387792
3465,0.304941,0.340983,0.36547,0.35506,0.356262,0.411975,0.401269,0.367657,0.415675,0.403164,0.387792
3466,0.304941,0.340983,0.36547,0.35506,0.356262,0.411975,0.401269,0.367657,0.416302,0.403164,0.387792
3467,0.304941,0.340983,0.36547,0.35506,0.356262,0.411975,0.401269,0.367657,0.415359,0.403164,0.387792
3468,0.304941,0.340983,0.36547,0.35506,0.356262,0.411975,0.401269,0.367657,0.416801,0.403164,0.387792
3469,0.304941,0.340983,0.36547,0.35506,0.356262,0.411975,0.401269,0.367657,0.41643,0.403164,0.387792
3470,0.304941,0.340983,0.36547,0.35506,0.356262,0.411975,0.401269,0.367657,0.415463,0.403164,0.387792
3471,0.304941,0.340983,0.36547,0.35506,0.356262,0.411975,0.401269,0.367657,0.414582,0.403164,0.387792
3472,0.304941,0.340983,0.36547,0.35506,0.356262,0.411975,0.401269,0.367657,0.415185,0.403164,0.387792
3473,0.304941,0.340983,0.36547,0.35506,0.356262,0.411975,0.401269,0.367657,0.416184,0.403164,0.387792
3474,0.304941,0.340983,0.36547,0.35506,0.356262,0.411975,0.401269,0.367657,0.415228,0.403164,0.387792
3475,0.304941,0.340983,0.36547,0.35506,0.356262,0.411975,0.401269,0.367657,0.414986,0.403164,0.387792
3476,0.304941,0.340983,0.36547,0.35506,0.356262,0.411975,0.401269,0.367657,0.41427,0.403164,0.387792
3477,0.304941,0.340983,0.36547,0.35506,0.356262,0.411975,0.401269,0.367657,0.413324,0.403164,0.387792
3478,0.304941,0.340983,0.36547,0.35506,0.356262,0.413841,0.401269,0.367657,0.413324,0.403164,0.387792
3479,0.304941,0.340983,0.36547,0.35506,0.356262,0.413784,0.401269,0.367657,0.413324,0.403164,0.387792
3480,0.304941,0.340983,0.36547,0.35506,0.356262,0.41567,0.401269,0.367657,0.413324,0.403164,0.387792
3481,0.304941,0.340983,0.36547,0.35506,0.356262,0.415711,0.401269,0.367657,0.413324,0.403164,0.387792
3482,0.304941,0.340983,0.36547,0.35506,0.356262,0.415428,0.401269,0.367657,0.413324,0.403164,0.387792
3483,0.304941,0.340983,0.36547,0.35506,0.356262,0.414641,0.401269,0.367657,0.413324,0.403164,0.387792
3484,0.304941,0.340983,0.36547,0.35506,0.356262,0.413793,0.401269,0.367657,0.413324,0.403164,0.387792
3485,0.304941,0.340983,0.36547,0.35506,0.356262,0.414595,0.401269,0.367657,0.413324,0.403164,0.387792
3486,0.304941,0.340983,0.36547,0.35506,0.356262,0.414641,0.401269,0.367657,0.413324,0.403164,0.387792
3487,0.304941,0.340983,0.36547,0.35506,0.356262,0.413343,0.401269,0.367657,0.413324,0.403164,0.387792
3488,0.304941,0.340983,0.36547,0.35506,0.356262,0.413343,0.401269,0.367599,0.413324,0.403164,0.387792
3489,0.304941,0.339506,0.36547,0.35506,0.356262,0.413343,0.401269,0.367599,0.413324,0.403164,0.387792
3490,0.304941,0.339506,0.36547,0.35506,0.356262,0.413343,0.401269,0.367599,0.413324,0.403164,0.387307
3491,0.304941,0.339506,0.36547,0.35506,0.356262,0.413343,0.401269,0.36673,0.413324,0.403164,0.387307
3492,0.304941,0.339506,0.367336,0.35506,0.356262,0.413343,0.401269,0.36673,0.413324,0.403164,0.387307
3493,0.304941,0.339506,0.366022,0.35506,0.356262,0.413343,0.401269,0.36673,0.413324,0.403164,0.387307
3494,0.303433,0.339506,0.366022,0.35506,0.356262,0.413343,0.401269,0.36673,0.413324,0.403164,0.387307
3495,0.303433,0.339506,0.366022,0.35506,0.356262,0.413343,0.401269,0.36673,0.413324,0.402208,0.387307
3496,0.303433,0.339506,0.366022,0.35506,0.356262,0.413343,0.400235,0.36673,0.413324,0.402208,0.387307
3497,0.303433,0.339506,0.366022,0.35506,0.356262,0.414287,0.400235,0.36673,0.413324,0.402208,0.387307
3498,0.303433,0.339506,0.366022,0.35506,0.356262,0.415994,0.400235,0.36673,0.413324,0.402208,0.387307
3499,0.303433,0.339506,0.366022,0.35506,0.356262,0.415408,0.400235,0.36673,0.413324,0.402208,0.387307
3500,0.303433,0.339506,0.366022,0.35506,0.356262,0.415204,0.400235,0.36673,0.413324,0.402208,0.387307
3501,0.303433,0.339506,0.366022,0.35506,0.356262,0.414265,0.400235,0.36673,0.413324,0.402208,0.387307
3502,0.303433,0.339506,0.36608,0.35506,0.356262,0.414265,0.400235,0.36673,0.413324,0.402208,0.387307
3503,0.303433,0.339506,0.36608,0.353689,0.356262,0.414265,0.400235,0.36673,0.413324,0.402208,0.387307
3504,0.303433,0.339506,0.36608,0.353689,0.356262,0.414018,0.400235,0.36673,0.413324,0.402208,0.387307
3505,0.303433,0.339506,0.36608,0.353689,0.356262,0.414018,0.400235,0.36673,0.413324,0.402208,0.389637
3506,0.303433,0.339506,0.36608,0.353689,0.356262,0.414018,0.400235,0.36673,0.413324,0.402208,0.388523
3507,0.303433,0.339506,0.36608,0.353689,0.356262,0.414018,0.400235,0.36673,0.413324,0.402208,0.387456
3508,0.303433,0.339506,0.36608,0.353689,0.356262,0.414018,0.400235,0.36673,0.412925,0.402208,0.387456
3509,0.303433,0.339506,0.36608,0.353689,0.354902,0.414018,0.400235,0.36673,0.412925,0.402208,0.387456
3510,0.303433,0.339506,0.364791,0.353689,0.354902,0.414018,0.400235,0.36673,0.412925,0.402208,0.387456
3511,0.303433,0.339506,0.364791,0.353689,0.354902,0.41525,0.400235,0.36673,0.412925,0.402208,0.387456
3512,0.303433,0.339506,0.364791,0.353689,0.354902,0.414347,0.400235,0.36673,0.412925,0.402208,0.387456
3513,0.303433,0.339506,0.364791,0.353689,0.354902,0.415601,0.400235,0.36673,0.412925,0.402208,0.387456
3514,0.303433,0.339506,0.364791,0.353689,0.354902,0.415418,0.400235,0.36673,0.412925,0.402208,0.387456
3515,0.303433,0.339506,0.364791,0.353689,0.354902,0.41554,0.400235,0.36673,0.412925,0.402208,0.387456
3516,0.303433,0.339506,0.364791,0.353689,0.354902,0.416594,0.400235,0.36673,0.412925,0.402208,0.387456
3517,0.303433,0.339506,0.364791,0.353689,0.354902,0.417167,0.400235,0.36673,0.412925,0.402208,0.387456
3518,0.303433,0.339506,0.364791,0.353689,0.354902,0.41622,0.400235,0.36673,0.412925,0.402208,0.387456
3519,0.303433,0.339506,0.364791,0.353689,0.354902,0.415337,0.400235,0.36673,0.412925,0.402208,0.387456
3520,0.303433,0.339506,0.364791,0.353689,0.354902,0.415337,0.400235,0.36673,0.413468,0.402208,0.387456
3521,0.303433,0.339506,0.364791,0.353689,0.354902,0.415337,0.400235,0.36673,0.413562,0.402208,0.387456
3522,0.303433,0.339506,0.364791,0.353689,0.354902,0.415337,0.400235,0.36673,0.414752,0.402208,0.387456
3523,0.303433,0.339506,0.364791,0.353689,0.354902,0.415337,0.400235,0.36673,0.413553,0.402208,0.387456
3524,0.303433,0.339506,0.364791,0.353689,0.354902,0.415337,0.400235,0.366544,0.413553,0.402208,0.387456
3525,0.303433,0.339506,0.364791,0.353689,0.354902,0.415337,0.400235,0.366544,0.413553,0.402208,0.38633
3526,0.303433,0.339506,0.364791,0.353689,0.354902,0.415337,0.400235,0.366544,0.412734,0.402208,0.38633
3527,0.303433,0.339506,0.364791,0.353689,0.354902,0.415337,0.400235,0.366544,0.412734,0.401193,0.38633
3528,0.303433,0.339506,0.364791,0.353689,0.354902,0.416163,0.400235,0.366544,0.412734,0.401193,0.38633
3529,0.303433,0.339506,0.364791,0.353689,0.354902,0.418854,0.400235,0.366544,0.412734,0.401193,0.38633
3530,0.303433,0.339506,0.364791,0.353689,0.354902,0.418581,0.400235,0.366544,0.412734,0.401193,0.38633
3531,0.303433,0.339506,0.364791,0.353689,0.354902,0.418564,0.400235,0.366544,0.412734,0.401193,0.38633
3532,0.303433,0.339506,0.364791,0.353689,0.354902,0.417915,0.400235,0.366544,0.412734,0.401193,0.38633
3533,0.303433,0.339506,0.364791,0.353689,0.354902,0.418792,0.400235,0.366544,0.412734,0.401193,0.38633
3534,0.303433,0.339506,0.364791,0.353689,0.354902,0.418272,0.400235,0.366544,0.412734,0.401193,0.38633
3535,0.303433,0.339506,0.364791,0.353689,0.354902,0.417768,0.400235,0.366544,0.412734,0.401193,0.38633
3536,0.303433,0.339506,0.364791,0.353689,0.354902,0.418342,0.400235,0.366544,0.412734,0.401193,0.38633
3537,0.303433,0.339506,0.364791,0.353689,0.354902,0.418136,0.400235,0.366544,0.412734,0.401193,0.38633
3538,0.303433,0.339506,0.364791,0.353689,0.354902,0.417324,0.400235,0.366544,0.412734,0.401193,0.38633
3539,0.303433,0.341145,0.364791,0.353689,0.354902,0.417324,0.400235,0.366544,0.412734,0.401193,0.38633
3540,0.303433,0.34069,0.364791,0.353689,0.354902,0.417324,0.400235,0.366544,0.412734,0.401193,0.38633
3541,0.303433,0.339238,0.364791,0.353689,0.354902,0.417324,0.400235,0.366544,0.412734,0.401193,0.38633
3542,0.303433,0.339238,0.364791,0.353689,0.354902,0.417324,0.401624,0.366544,0.412734,0.401193,0.38633
3543,0.303433,0.339238,0.364791,0.353689,0.354902,0.417324,0.400286,0.366544,0.412734,0.401193,0.38633
3544,0.303433,0.339238,0.364791,0.353689,0.354902,0.418542,0.400286,0.366544,0.412734,0.401193,0.38633
3545,0.303433,0.339238,0.364791,0.353689,0.354902,0.419118,0.400286,0.366544,0.412734,0.401193,0.38633
3546,0.303433,0.339238,0.364791,0.353689,0.354902,0.4183,0.400286,0.366544,0.412734,0.401193,0.38633
3547,0.303433,0.339238,0.364791,0.353689,0.354902,0.418525,0.400286,0.366544,0.412734,0.401193,0.38633
3548,0.303433,0.339238,0.364791,0.353689,0.354902,0.417631,0.400286,0.366544,0.412734,0.401193,0.38633
3549,0.303433,0.339238,0.364791,0.353689,0.354902,0.417631,0.400286,0.366499,0.412734,0.401193,0.38633
3550,0.303433,0.339238,0.364791,0.353689,0.354902,0.417631,0.399855,0.366499,0.412734,0.401193,0.38633
3551,0.303433,0.339238,0.364791,0.354801,0.354902,0.417631,0.399855,0.366499,0.412734,0.401193,0.38633
3552,0.303433,0.339238,0.364791,0.355198,0.354902,0.417631,0.399855,0.366499,0.412734,0.401193,0.38633
3553,0.303433,0.339238,0.364791,0.353748,0.354902,0.417631,0.399855,0.366499,0.412734,0.401193,0.38633
3554,0.306041,0.339238,0.364791,0.353748,0.354902,0.417631,0.399855,0.366499,0.412734,0.401193,0.38633
3555,0.30436,0.339238,0.364791,0.353748,0.354902,0.417631,0.399855,0.366499,0.412734,0.401193,0.38633
3556,0.30436,0.339238,0.364791,0.353748,0.354902,0.417631,0.399855,0.365231,0.412734,0.401193,0.38633
3557,0.30436,0.339238,0.365256,0.353748,0.354902,0.417631,0.399855,0.365231,0.412734,0.401193,0.38633
3558,0.30436,0.339238,0.363541,0.353748,0.354902,0.417631,0.399855,0.365231,0.412734,0.401193,0.38633
3559,0.30436,0.339238,0.363541,0.353748,0.353663,0.417631,0.399855,0.365231,0.412734,0.401193,0.38633
3560,0.30436,0.339238,0.363541,0.353748,0.353663,0.417631,0.399855,0.365231,0.412686,0.401193,0.38633
3561,0.30436,0.339238,0.363541,0.353748,0.353663,0.417975,0.399855,0.365231,0.412686,0.401193,0.38633
3562,0.30436,0.339238,0.363541,0.353748,0.353663,0.417493,0.399855,0.365231,0.412686,0.401193,0.38633
3563,0.30436,0.339238,0.363541,0.353748,0.353663,0.417493,0.399855,0.365231,0.412686,0.402068,0.38633
3564,0.30436,0.339238,0.363541,0.353748,0.353663,0.417493,0.399855,0.365231,0.412686,0.40234,0.38633
3565,0.30436,0.339238,0.363541,0.353748,0.353663,0.417493,0.399855,0.365231,0.412686,0.402649,0.38633
3566,0.30436,0.339238,0.363541,0.353748,0.353663,0.417493,0.399855,0.365231,0.412686,0.402457,0.38633
3567,0.30436,0.339238,0.363541,0.353748,0.353663,0.417493,0.399855,0.365231,0.412686,0.402102,0.38633
3568,0.30436,0.339238,0.363541,0.353748,0.353663,0.417493,0.399855,0.365231,0.412763,0.402102,0.38633
3569,0.30436,0.339238,0.363541,0.353748,0.353663,0.417493,0.399855,0.365231,0.412763,0.402102,0.389906
3570,0.30436,0.339238,0.363541,0.353748,0.353663,0.417493,0.399855,0.365231,0.412763,0.402102,0.391195
3571,0.30436,0.339238,0.363541,0.353748,0.353663,0.417493,0.399855,0.365231,0.412763,0.402102,0.391348
3572,0.30436,0.339238,0.363541,0.353748,0.353663,0.417493,0.399855,0.365231,0.412763,0.402102,0.38916
3573,0.30436,0.339238,0.363541,0.353748,0.353663,0.417493,0.399855,0.365231,0.412763,0.402102,0.388361
3574,0.30436,0.339238,0.363541,0.353748,0.353663,0.417493,0.399855,0.365231,0.412763,0.402102,0.389381
3575,0.30436,0.339238,0.363541,0.353748,0.353663,0.417493,0.399855,0.365231,0.412763,0.402102,0.388931
3576,0.30436,0.339238,0.363541,0.353748,0.353663,0.417493,0.399855,0.365231,0.412763,0.402102,0.387826
3577,0.30436,0.339238,0.363541,0.353748,0.353663,0.417493,0.39887,0.365231,0.412763,0.402102,0.387826
3578,0.30436,0.339238,0.363541,0.353748,0.353663,0.417493,0.39887,0.365231,0.416011,0.402102,0.387826
3579,0.30436,0.339238,0.363541,0.353748,0.353663,0.417493,0.39887,0.365231,0.417585,0.402102,0.387826
3580,0.30436,0.339238,0.363541,0.353748,0.353663,0.417493,0.39887,0.365231,0.416615,0.402102,0.387826
3581,0.30436,0.339238,0.363541,0.353748,0.353663,0.417493,0.39887,0.365231,0.417224,0.402102,0.387826
3582,0.30436,0.339238,0.363541,0.353748,0.353663,0.417493,0.39887,0.365231,0.417221,0.402102,0.387826
3583,0.30436,0.339238,0.363541,0.353748,0.353663,0.417493,0.39887,0.365231,0.417565,0.402102,0.387826
3584,0.30436,0.339238,0.363541,0.353748,0.353663,0.417493,0.39887,0.365231,0.417107,0.402102,0.387826
3585,0.30436,0.339238,0.363541,0.353748,0.353663,0.417493,0.39887,0.365231,0.416188,0.402102,0.387826
3586,0.30436,0.339238,0.363541,0.353748,0.353663,0.417493,0.39887,0.365231,0.416421,0.402102,0.387826
3587,0.30436,0.339238,0.363541,0.353748,0.353663,0.417493,0.39887,0.365231,0.415568,0.402102,0.387826
3588,0.30436,0.339238,0.363541,0.353748,0.353663,0.417493,0.39887,0.365231,0.414684,0.402102,0.387826
3589,0.309676,0.339238,0.363541,0.353748,0.353663,0.417493,0.39887,0.365231,0.414684,0.402102,0.387826
3590,0.308573,0.339238,0.363541,0.353748,0.353663,0.417493,0.39887,0.365231,0.414684,0.402102,0.387826
3591,0.309844,0.339238,0.363541,0.353748,0.353663,0.417493,0.39887,0.365231,0.414684,0.402102,0.387826
3592,0.312457,0.339238,0.363541,0.353748,0.353663,0.417493,0.39887,0.365231,0.414684,0.402102,0.387826
3593,0.310786,0.339238,0.363541,0.353748,0.353663,0.417493,0.39887,0.365231,0.414684,0.402102,0.387826
3594,0.311255,0.339238,0.363541,0.353748,0.353663,0.417493,0.39887,0.365231,0.414684,0.402102,0.387826
3595,0.309943,0.339238,0.363541,0.353748,0.353663,0.417493,0.39887,0.365231,0.414684,0.402102,0.387826
3596,0.310224,0.339238,0.363541,0.353748,0.353663,0.417493,0.39887,0.365231,0.414684,0.402102,0.387826
3597,0.310224,0.339238,0.363541,0.353748,0.353663,0.417493,0.39887,0.365231,0.414684,0.401197,0.387826
3598,0.310224,0.339238,0.363541,0.353748,0.353663,0.417244,0.39887,0.365231,0.414684,0.401197,0.387826
3599,0.310224,0.339238,0.363541,0.353748,0.353663,0.417244,0.39887,0.365231,0.41503,0.401197,0.387826
3600,0.310224,0.339238,0.363541,0.353748,0.353663,0.417244,0.39887,0.365231,0.415168,0.401197,0.387826
3601,0.310224,0.339238,0.363541,0.353748,0.353663,0.417244,0.39887,0.365231,0.415405,0.401197,0.387826
3602,0.310224,0.339238,0.363541,0.353748,0.353663,0.417244,0.39887,0.365231,0.415897,0.401197,0.387826
3603,0.310224,0.339238,0.363541,0.353748,0.353663,0.417244,0.39887,0.365231,0.416762,0.401197,0.387826
3604,0.310224,0.339238,0.363541,0.353748,0.353663,0.417244,0.39887,0.365231,0.416105,0.401197,0.387826
3605,0.310224,0.339238,0.363541,0.353748,0.353663,0.417244,0.39887,0.365231,0.417567,0.401197,0.387826
3606,0.310224,0.339238,0.363541,0.353748,0.353663,0.417244,0.39887,0.365231,0.417797,0.401197,0.387826
3607,0.310224,0.339238,0.363541,0.353748,0.353663,0.417244,0.39887,0.365231,0.416922,0.401197,0.387826
3608,0.310224,0.339238,0.363541,0.353748,0.353663,0.417244,0.39887,0.365231,0.41603,0.401197,0.387826
3609,0.308456,0.339238,0.363541,0.353748,0.353663,0.417244,0.39887,0.365231,0.41603,0.401197,0.387826
3610,0.308456,0.341111,0.363541,0.353748,0.353663,0.417244,0.39887,0.365231,0.41603,0.401197,0.387826
3611,0.308456,0.339989,0.363541,0.353748,0.353663,0.417244,0.39887,0.365231,0.41603,0.401197,0.387826
3612,0.308456,0.339989,0.363541,0.352093,0.353663,0.417244,0.39887,0.365231,0.41603,0.401197,0.387826
3613,0.308456,0.339989,0.363541,0.352093,0.353663,0.41713,0.39887,0.365231,0.41603,0.401197,0.387826
3614,0.308456,0.339989,0.363541,0.352093,0.353663,0.41713,0.39887,0.365231,0.41603,0.401197,0.387952
3615,0.308456,0.339346,0.363541,0.352093,0.353663,0.41713,0.39887,0.365231,0.41603,0.401197,0.387952
3616,0.308456,0.339346,0.363541,0.352093,0.353663,0.416281,0.39887,0.365231,0.41603,0.401197,0.387952
3617,0.308456,0.339346,0.363541,0.352093,0.353663,0.416281,0.39887,0.365231,0.41603,0.401197,0.388113
3618,0.308456,0.339346,0.363541,0.352093,0.353663,0.416281,0.39887,0.363971,0.41603,0.401197,0.388113
3619,0.308456,0.339346,0.363541,0.352093,0.353663,0.416281,0.39887,0.363971,0.415141,0.401197,0.388113
3620,0.308456,0.339346,0.363541,0.352093,0.353663,0.416281,0.397855,0.363971,0.415141,0.401197,0.388113
3621,0.308456,0.339346,0.363541,0.352093,0.355442,0.416281,0.397855,0.363971,0.415141,0.401197,0.388113
3622,0.308456,0.339346,0.363541,0.352093,0.354084,0.416281,0.397855,0.363971,0.415141,0.401197,0.388113
3623,0.308456,0.339346,0.363541,0.352093,0.354084,0.416281,0.397855,0.363971,0.415141,0.401197,0.389172
3624,0.308456,0.339346,0.363541,0.352093,0.354084,0.416281,0.397855,0.363971,0.415141,0.401197,0.390304
3625,0.308456,0.339346,0.363541,0.352093,0.354084,0.416281,0.397855,0.363971,0.415141,0.401197,0.390811
3626,0.308456,0.339346,0.363541,0.352093,0.354084,0.416281,0.397855,0.363971,0.415141,0.401197,0.392011
3627,0.308456,0.339346,0.363541,0.352093,0.354084,0.416281,0.397855,0.363971,0.415141,0.401197,0.392119
3628,0.308456,0.339346,0.363541,0.352093,0.354084,0.416281,0.397855,0.363971,0.415141,0.401197,0.391644
3629,0.308456,0.339346,0.363541,0.352093,0.354084,0.416281,0.397855,0.363971,0.415141,0.401197,0.390559
3630,0.308456,0.339346,0.363541,0.352093,0.354084,0.416281,0.397855,0.363971,0.415141,0.401197,0.390662
3631,0.308456,0.339346,0.363541,0.352093,0.354084,0.416281,0.397855,0.363971,0.415141,0.401197,0.389753
3632,0.308456,0.339346,0.363541,0.352093,0.354084,0.416281,0.397855,0.363971,0.415141,0.400223,0.389753
3633,0.308456,0.339346,0.364625,0.352093,0.354084,0.416281,0.397855,0.363971,0.415141,0.400223,0.389753
3634,0.308456,0.339346,0.363363,0.352093,0.354084,0.416281,0.397855,0.363971,0.415141,0.400223,0.389753
3635,0.308456,0.339346,0.363363,0.352093,0.352753,0.416281,0.397855,0.363971,0.415141,0.400223,0.389753
3636,0.308456,0.339346,0.363363,0.352093,0.352753,0.416297,0.397855,0.363971,0.415141,0.400223,0.389753
3637,0.308456,0.337921,0.363363,0.352093,0.352753,0.416297,0.397855,0.363971,0.415141,0.400223,0.389753
3638,0.308456,0.337921,0.363363,0.352093,0.352753,0.416297,0.397855,0.363971,0.415727,0.400223,0.389753
3639,0.308456,0.337921,0.363363,0.352093,0.352753,0.416297,0.397855,0.363971,0.41578,0.400223,0.389753
3640,0.308456,0.337921,0.363363,0.352093,0.352753,0.416297,0.397855,0.363971,0.415593,0.400223,0.389753
3641,0.308456,0.337921,0.363363,0.352093,0.352753,0.416297,0.397855,0.363971,0.415593,0.400223,0.388682
3642,0.308456,0.337921,0.363363,0.352093,0.352753,0.415421,0.397855,0.363971,0.415593,0.400223,0.388682
3643,0.308456,0.337921,0.363363,0.352093,0.352753,0.415421,0.397855,0.363971,0.414448,0.400223,0.388682
3644,0.308456,0.337921,0.363363,0.352093,0.352753,0.415421,0.398622,0.363971,0.414448,0.400223,0.388682
3645,0.308456,0.337921,0.363363,0.352093,0.352753,0.415421,0.398186,0.363971,0.414448,0.400223,0.388682
3646,0.308456,0.337921,0.362183,0.352093,0.352753,0.415421,0.398186,0.363971,0.414448,0.400223,0.388682
3647,0.308456,0.337921,0.362183,0.352093,0.352753,0.415421,0.398186,0.363971,0.414448,0.399854,0.388682
3648,0.308456,0.337921,0.362183,0.352093,0.352753,0.415421,0.397883,0.363971,0.414448,0.399854,0.388682
3649,0.308456,0.337921,0.362183,0.351631,0.352753,0.415421,0.397883,0.363971,0.414448,0.399854,0.388682
3650,0.308456,0.337921,0.362183,0.351631,0.352753,0.415421,0.397883,0.362721,0.414448,0.399854,0.388682
3651,0.307574,0.337921,0.362183,0.351631,0.352753,0.415421,0.397883,0.362721,0.414448,0.399854,0.388682
3652,0.307574,0.337921,0.362183,0.351631,0.352753,0.415421,0.397143,0.362721,0.414448,0.399854,0.388682
3653,0.307574,0.337921,0.362183,0.351631,0.352753,0.415421,0.397143,0.362721,0.414448,0.400596,0.388682
3654,0.307574,0.337921,0.362183,0.351631,0.352753,0.415421,0.397143,0.362721,0.414448,0.400812,0.388682
3655,0.307574,0.337921,0.362183,0.351631,0.352753,0.415421,0.397143,0.362721,0.414448,0.400356,0.388682
3656,0.307574,0.337921,0.362183,0.351631,0.352753,0.414522,0.397143,0.362721,0.414448,0.400356,0.388682
3657,0.307574,0.337921,0.362183,0.351631,0.352753,0.414522,0.397143,0.362721,0.414448,0.402165,0.388682
3658,0.307574,0.337921,0.362183,0.351631,0.352753,0.414522,0.397143,0.362721,0.414448,0.402103,0.388682
3659,0.307574,0.337921,0.362183,0.351631,0.352753,0.414522,0.397143,0.362721,0.414448,0.402035,0.388682
3660,0.307574,0.337921,0.362183,0.351631,0.352753,0.414522,0.397143,0.362721,0.414448,0.402701,0.388682
3661,0.307574,0.337921,0.362183,0.351631,0.352753,0.414522,0.397143,0.362721,0.414448,0.403003,0.388682
3662,0.307574,0.337921,0.362183,0.351631,0.352753,0.414522,0.397143,0.362721,0.414448,0.402069,0.388682
3663,0.307574,0.337921,0.362183,0.351631,0.352753,0.414522,0.397143,0.362721,0.414448,0.401033,0.388682
3664,0.307574,0.337921,0.362183,0.351631,0.35265,0.414522,0.397143,0.362721,0.414448,0.401033,0.388682
3665,0.307574,0.337921,0.362183,0.351631,0.35265,0.414522,0.397143,0.362721,0.414448,0.401033,0.387617
3666,0.307574,0.337921,0.362183,0.354247,0.35265,0.414522,0.397143,0.362721,0.414448,0.401033,0.387617
3667,0.307574,0.337921,0.362183,0.353059,0.35265,0.414522,0.397143,0.362721,0.414448,0.401033,0.387617
3668,0.307574,0.337921,0.362183,0.349246,0.35265,0.414522,0.397143,0.362721,0.414448,0.401033,0.387617
3669,0.307574,0.337921,0.362183,0.349246,0.35265,0.414522,0.397143,0.362721,0.41468,0.401033,0.387617
3670,0.307574,0.337921,0.362183,0.349246,0.35265,0.414522,0.397143,0.362721,0.414185,0.401033,0.387617
3671,0.307574,0.337921,0.362183,0.349246,0.351423,0.414522,0.397143,0.362721,0.414185,0.401033,0.387617
3672,0.307574,0.339717,0.362183,0.349246,0.351423,0.414522,0.397143,0.362721,0.414185,0.401033,0.387617
3673,0.307574,0.340188,0.362183,0.349246,0.351423,0.414522,0.397143,0.362721,0.414185,0.401033,0.387617
3674,0.307574,0.338777,0.362183,0.349246,0.351423,0.414522,0.397143,0.362721,0.414185,0.401033,0.387617
3675,0.307574,0.338777,0.361763,0.349246,0.351423,0.414522,0.397143,0.362721,0.414185,0.401033,0.387617
3676,0.307574,0.338777,0.361763,0.349246,0.351423,0.414522,0.398608,0.362721,0.414185,0.401033,0.387617
3677,0.307574,0.338777,0.361763,0.349246,0.351423,0.414522,0.397609,0.362721,0.414185,0.401033,0.387617
3678,0.307574,0.338777,0.361763,0.349246,0.351423,0.414522,0.397369,0.362721,0.414185,0.401033,0.387617
3679,0.307574,0.338777,0.361763,0.349246,0.351423,0.414522,0.397369,0.362721,0.415074,0.401033,0.387617
3680,0.307574,0.338777,0.361763,0.349246,0.351423,0.414522,0.397369,0.362721,0.415977,0.401033,0.387617
3681,0.307574,0.338777,0.361763,0.349246,0.351423,0.414522,0.397369,0.362721,0.416248,0.401033,0.387617
3682,0.307574,0.338777,0.361763,0.349246,0.351423,0.414522,0.397369,0.362721,0.415351,0.401033,0.387617
3683,0.307574,0.338777,0.361763,0.349246,0.351423,0.414522,0.397369,0.362721,0.415128,0.401033,0.387617
3684,0.307574,0.338777,0.361763,0.349246,0.351423,0.414522,0.397369,0.362721,0.414267,0.401033,0.387617
3685,0.307574,0.338777,0.361763,0.349246,0.351423,0.414522,0.397369,0.3642,0.414267,0.401033,0.387617
3686,0.307574,0.338777,0.361763,0.349246,0.351423,0.414522,0.397369,0.363742,0.414267,0.401033,0.387617
3687,0.307574,0.338777,0.361763,0.349246,0.351423,0.414522,0.397369,0.364684,0.414267,0.401033,0.387617
3688,0.307574,0.338777,0.361763,0.349246,0.351423,0.414522,0.397369,0.366904,0.414267,0.401033,0.387617
3689,0.307574,0.338777,0.361763,0.349246,0.351423,0.414522,0.397369,0.367821,0.414267,0.401033,0.387617
3690,0.307574,0.338777,0.361763,0.349246,0.351423,0.414522,0.397369,0.367327,0.414267,0.401033,0.387617
3691,0.307574,0.338777,0.361763,0.349246,0.351423,0.414522,0.397369,0.36732,0.414267,0.401033,0.387617
3692,0.307574,0.338777,0.361763,0.349246,0.351423,0.414522,0.397369,0.366092,0.414267,0.401033,0.387617
3693,0.307574,0.338777,0.361763,0.349246,0.351423,0.414522,0.397369,0.364098,0.414267,0.401033,0.387617
3694,0.307574,0.338777,0.361763,0.349246,0.351423,0.414402,0.397369,0.364098,0.414267,0.401033,0.387617
3695,0.307574,0.338777,0.361763,0.349246,0.351423,0.414402,0.397369,0.364098,0.414267,0.402063,0.387617
3696,0.307574,0.338777,0.361763,0.349246,0.351423,0.414402,0.397369,0.364098,0.414267,0.401589,0.387617
3697,0.307574,0.338777,0.361763,0.349246,0.351423,0.414402,0.397369,0.364098,0.414267,0.402613,0.387617
3698,0.307574,0.338777,0.361763,0.349246,0.351423,0.414402,0.397369,0.364098,0.414267,0.401966,0.387617
3699,0.307574,0.338777,0.361763,0.349246,0.351423,0.414402,0.397369,0.364098,0.414267,0.401638,0.387617
3700,0.307768,0.338777,0.361763,0.349246,0.351423,0.414402,0.397369,0.364098,0.414267,0.401638,0.387617
3701,0.307768,0.338777,0.361763,0.349246,0.351423,0.414402,0.396516,0.364098,0.414267,0.401638,0.387617
3702,0.307768,0.338777,0.361763,0.349246,0.351423,0.414892,0.396516,0.364098,0.414267,0.401638,0.387617
3703,0.307768,0.338777,0.361763,0.349246,0.351423,0.415034,0.396516,0.364098,0.414267,0.401638,0.387617
3704,0.307768,0.338777,0.361763,0.349246,0.351423,0.412824,0.396516,0.364098,0.414267,0.401638,0.387617
3705,0.307768,0.341503,0.361763,0.349246,0.351423,0.412824,0.396516,0.364098,0.414267,0.401638,0.387617
3706,0.307768,0.342242,0.361763,0.349246,0.351423,0.412824,0.396516,0.364098,0.414267,0.401638,0.387617
3707,0.307768,0.34084,0.361763,0.349246,0.351423,0.412824,0.396516,0.364098,0.414267,0.401638,0.387617
3708,0.307768,0.342121,0.361763,0.349246,0.351423,0.412824,0.396516,0.364098,0.414267,0.401638,0.387617
3709,0.307768,0.34073,0.361763,0.349246,0.351423,0.412824,0.396516,0.364098,0.414267,0.401638,0.387617
3710,0.307768,0.34073,0.363274,0.349246,0.351423,0.412824,0.396516,0.364098,0.414267,0.401638,0.387617
3711,0.307768,0.34073,0.36305,0.349246,0.351423,0.412824,0.396516,0.364098,0.414267,0.401638,0.387617
3712,0.307768,0.34073,0.364387,0.349246,0.351423,0.412824,0.396516,0.364098,0.414267,0.401638,0.387617
3713,0.307768,0.34073,0.36482,0.349246,0.351423,0.412824,0.396516,0.364098,0.414267,0.401638,0.387617
3714,0.307768,0.34073,0.36507,0.349246,0.351423,0.412824,0.396516,0.364098,0.414267,0.401638,0.387617
3715,0.307768,0.34073,0.363615,0.349246,0.351423,0.412824,0.396516,0.364098,0.414267,0.401638,0.387617
3716,0.307768,0.34073,0.363615,0.349246,0.351423,0.412824,0.396516,0.364098,0.414267,0.401638,0.387657
3717,0.307768,0.34073,0.363615,0.349246,0.351423,0.412824,0.396516,0.364098,0.414267,0.40065,0.387657
3718,0.306354,0.34073,0.363615,0.349246,0.351423,0.412824,0.396516,0.364098,0.414267,0.40065,0.387657
3719,0.306354,0.34073,0.363615,0.349246,0.351423,0.412824,0.396516,0.364098,0.414267,0.40065,0.387729
3720,0.306354,0.34073,0.363615,0.349246,0.351423,0.412824,0.396516,0.364098,0.414267,0.40065,0.387944
3721,0.306354,0.34073,0.363615,0.349246,0.351423,0.412824,0.396516,0.364098,0.414905,0.40065,0.387944
3722,0.306354,0.34073,0.363615,0.349246,0.351423,0.412824,0.396516,0.364098,0.414543,0.40065,0.387944
3723,0.306354,0.34073,0.363615,0.349246,0.351423,0.412824,0.396516,0.364098,0.414543,0.40065,0.388395
3724,0.306354,0.34073,0.363615,0.349246,0.351423,0.412824,0.396516,0.364098,0.414543,0.40065,0.390296
3725,0.306354,0.34073,0.363615,0.349246,0.351423,0.412824,0.396516,0.364098,0.414543,0.40065,0.389399
3726,0.306354,0.34073,0.363615,0.349246,0.351423,0.412824,0.396516,0.364098,0.414543,0.40065,0.388445
3727,0.306354,0.34073,0.364741,0.349246,0.351423,0.412824,0.396516,0.364098,0.414543,0.40065,0.388445
3728,0.306354,0.34073,0.363517,0.349246,0.351423,0.412824,0.396516,0.364098,0.414543,0.40065,0.388445
3729,0.306354,0.34109,0.363517,0.349246,0.351423,0.412824,0.396516,0.364098,0.414543,0.40065,0.388445
3730,0.306354,0.34109,0.363517,0.349246,0.351423,0.412824,0.396516,0.364098,0.413685,0.40065,0.388445
3731,0.306354,0.34109,0.363517,0.349246,0.350117,0.412824,0.396516,0.364098,0.413685,0.40065,0.388445
3732,0.306354,0.339714,0.363517,0.349246,0.350117,0.412824,0.396516,0.364098,0.413685,0.40065,0.388445
3733,0.306354,0.339714,0.363517,0.349246,0.350117,0.412824,0.39821,0.364098,0.413685,0.40065,0.388445
3734,0.306354,0.339714,0.363517,0.349246,0.350117,0.412824,0.399465,0.364098,0.413685,0.40065,0.388445
3735,0.306354,0.339714,0.363517,0.349246,0.350117,0.412824,0.399328,0.364098,0.413685,0.40065,0.388445
3736,0.306354,0.339714,0.363517,0.349246,0.350117,0.412824,0.401745,0.364098,0.413685,0.40065,0.388445
3737,0.306354,0.339714,0.363517,0.349246,0.350117,0.412824,0.400914,0.364098,0.413685,0.40065,0.388445
3738,0.306354,0.339714,0.363517,0.349246,0.350117,0.412824,0.401067,0.364098,0.413685,0.40065,0.388445
3739,0.306354,0.339714,0.363517,0.349246,0.350117,0.412824,0.401812,0.364098,0.413685,0.40065,0.388445
3740,0.306354,0.339714,0.363517,0.349246,0.350117,0.412824,0.401277,0.364098,0.413685,0.40065,0.388445
3741,0.306354,0.339714,0.363517,0.349246,0.350117,0.412824,0.400298,0.364098,0.413685,0.40065,0.388445
3742,0.306354,0.339714,0.363517,0.349246,0.350117,0.412824,0.399582,0.364098,0.413685,0.40065,0.388445
3743,0.306354,0.339714,0.363517,0.349246,0.350117,0.412824,0.399271,0.364098,0.413685,0.40065,0.388445
3744,0.306354,0.339714,0.363517,0.349246,0.350117,0.412824,0.398304,0.364098,0.413685,0.40065,0.388445
3745,0.306354,0.339714,0.363517,0.349246,0.350117,0.412824,0.398304,0.364098,0.413685,0.40065,0.388702
3746,0.306354,0.339714,0.363517,0.349246,0.350117,0.412824,0.398304,0.364098,0.413685,0.40065,0.390486
3747,0.306354,0.339714,0.363517,0.349246,0.350117,0.412824,0.398304,0.364098,0.413685,0.40065,0.389725
3748,0.306354,0.339714,0.363517,0.349246,0.350117,0.412824,0.398304,0.364098,0.413685,0.40065,0.390853
3749,0.306354,0.339714,0.363517,0.349246,0.350117,0.412824,0.398304,0.364098,0.413685,0.40065,0.390051
3750,0.306354,0.339714,0.363517,0.349246,0.350117,0.412824,0.398304,0.364098,0.413685,0.40065,0.389827
3751,0.306354,0.339714,0.363517,0.349246,0.350117,0.412824,0.398304,0.364098,0.413685,0.400514,0.389827
3752,0.306354,0.339714,0.362519,0.349246,0.350117,0.412824,0.398304,0.364098,0.413685,0.400514,0.389827
3753,0.306354,0.339714,0.362519,0.349246,0.350117,0.412824,0.398304,0.364098,0.413685,0.400514,0.388871
3754,0.306354,0.339714,0.362519,0.349246,0.350117,0.412824,0.398304,0.36491,0.413685,0.400514,0.388871
3755,0.306354,0.339714,0.362519,0.349246,0.350117,0.412824,0.398304,0.36629,0.413685,0.400514,0.388871
3756,0.306354,0.339714,0.362519,0.349246,0.350117,0.412824,0.398304,0.367002,0.413685,0.400514,0.388871
3757,0.306354,0.339714,0.362519,0.349246,0.350117,0.412824,0.398304,0.367138,0.413685,0.400514,0.388871
3758,0.306354,0.339714,0.362519,0.349246,0.350117,0.412824,0.398304,0.365934,0.413685,0.400514,0.388871
3759,0.306354,0.339714,0.362519,0.349246,0.350117,0.412824,0.398304,0.365934,0.414596,0.400514,0.388871
3760,0.306354,0.339714,0.362519,0.349246,0.350117,0.412824,0.398304,0.365934,0.41558,0.400514,0.388871
3761,0.306354,0.339714,0.362519,0.349246,0.350117,0.412824,0.398304,0.365934,0.414652,0.400514,0.388871
3762,0.306354,0.339714,0.362519,0.349246,0.350117,0.412824,0.398304,0.365934,0.414717,0.400514,0.388871
3763,0.306354,0.339714,0.362519,0.349246,0.350117,0.412824,0.398304,0.365934,0.415246,0.400514,0.388871
3764,0.306354,0.339714,0.362519,0.349246,0.350117,0.412824,0.398304,0.365934,0.414961,0.400514,0.388871
3765,0.306354,0.339714,0.362519,0.349246,0.350117,0.412824,0.398304,0.365934,0.415428,0.400514,0.388871
3766,0.306354,0.339714,0.362519,0.349246,0.350117,0.412824,0.398304,0.365934,0.414741,0.400514,0.388871
3767,0.306354,0.339714,0.362519,0.349246,0.350117,0.412824,0.398304,0.364858,0.414741,0.400514,0.388871
3768,0.306354,0.339714,0.362519,0.349246,0.350117,0.412824,0.398304,0.364858,0.414741,0.401668,0.388871
3769,0.306354,0.339714,0.362519,0.349246,0.350117,0.412824,0.398304,0.364858,0.414741,0.402262,0.388871
3770,0.306354,0.339714,0.362519,0.349246,0.350117,0.412824,0.398304,0.364858,0.414741,0.401416,0.388871
3771,0.306354,0.339714,0.362519,0.349246,0.350117,0.412824,0.398304,0.364858,0.414741,0.401838,0.388871
3772,0.306354,0.339714,0.362519,0.349246,0.350117,0.412824,0.398304,0.364858,0.414741,0.401656,0.388871
3773,0.306354,0.339714,0.362519,0.349246,0.350117,0.412824,0.398304,0.364858,0.414741,0.403122,0.388871
3774,0.306354,0.339714,0.362519,0.349246,0.350117,0.412824,0.398304,0.364858,0.414741,0.40218,0.388871
3775,0.306354,0.339714,0.362519,0.349246,0.350117,0.412824,0.398304,0.364858,0.414741,0.401243,0.388871
3776,0.306354,0.339714,0.362519,0.349246,0.350117,0.415067,0.398304,0.364858,0.414741,0.401243,0.388871
3777,0.306354,0.339714,0.362519,0.349246,0.350117,0.414796,0.398304,0.364858,0.414741,0.401243,0.388871
3778,0.306354,0.339714,0.362519,0.349246,0.350117,0.415034,0.398304,0.364858,0.414741,0.401243,0.388871
3779,0.306354,0.339714,0.362519,0.349246,0.350117,0.416234,0.398304,0.364858,0.414741,0.401243,0.388871
3780,0.306354,0.339714,0.362519,0.349246,0.350117,0.416673,0.398304,0.364858,0.414741,0.401243,0.388871
3781,0.306354,0.339714,0.362519,0.349246,0.350117,0.416813,0.398304,0.364858,0.414741,0.401243,0.388871
3782,0.306354,0.339714,0.362519,0.349246,0.350117,0.416169,0.398304,0.364858,0.414741,0.401243,0.388871
3783,0.306354,0.339714,0.362519,0.349246,0.350117,0.417084,0.398304,0.364858,0.414741,0.401243,0.388871
3784,0.306354,0.339714,0.362519,0.349246,0.350117,0.417523,0.398304,0.364858,0.414741,0.401243,0.388871
3785,0.306354,0.339714,0.362519,0.349246,0.350117,0.417391,0.398304,0.364858,0.414741,0.401243,0.388871
3786,0.306354,0.339714,0.362519,0.349246,0.350117,0.416599,0.398304,0.364858,0.414741,0.401243,0.388871
3787,0.306354,0.339714,0.362519,0.349246,0.350117,0.416711,0.398304,0.364858,0.414741,0.401243,0.388871
3788,0.306354,0.339714,0.362519,0.349246,0.350117,0.416722,0.398304,0.364858,0.414741,0.401243,0.388871
3789,0.306354,0.339714,0.362519,0.349246,0.350117,0.415878,0.398304,0.364858,0.414741,0.401243,0.388871
3790,0.306354,0.339714,0.362519,0.349246,0.350117,0.416357,0.398304,0.364858,0.414741,0.401243,0.388871
3791,0.306354,0.339714,0.362519,0.349246,0.350117,0.417602,0.398304,0.364858,0.414741,0.401243,0.388871
3792,0.306354,0.339714,0.362519,0.349246,0.350117,0.418027,0.398304,0.364858,0.414741,0.401243,0.388871
3793,0.306354,0.339714,0.362519,0.349246,0.350117,0.420352,0.398304,0.364858,0.414741,0.401243,0.388871
3794,0.306354,0.339714,0.362519,0.349246,0.350117,0.42133,0.398304,0.364858,0.414741,0.401243,0.388871
3795,0.306354,0.339714,0.362519,0.349246,0.350117,0.421023,0.398304,0.364858,0.414741,0.401243,0.388871
3796,0.306354,0.339714,0.362519,0.349246,0.350117,0.420179,0.398304,0.364858,0.414741,0.401243,0.388871
3797,0.306354,0.339714,0.362519,0.349246,0.350117,0.419752,0.398304,0.364858,0.414741,0.401243,0.388871
3798,0.306354,0.339714,0.362519,0.349246,0.350117,0.418284,0.398304,0.364858,0.414741,0.401243,0.388871
3799,0.306354,0.339714,0.362519,0.349246,0.350117,0.418687,0.398304,0.364858,0.414741,0.401243,0.388871
3800,0.306354,0.339714,0.362519,0.349246,0.350117,0.419216,0.398304,0.364858,0.414741,0.401243,0.388871
3801,0.306354,0.339714,0.362519,0.349246,0.350117,0.418387,0.398304,0.364858,0.414741,0.401243,0.388871
3802,0.306354,0.339714,0.362519,0.349246,0.350117,0.41768,0.398304,0.364858,0.414741,0.401243,0.388871
3803,0.306354,0.339714,0.362519,0.349246,0.350117,0.41768,0.402213,0.364858,0.414741,0.401243,0.388871
3804,0.306354,0.339714,0.362519,0.349246,0.350117,0.41768,0.403024,0.364858,0.414741,0.401243,0.388871
3805,0.306354,0.339714,0.362519,0.349246,0.350117,0.41768,0.403622,0.364858,0.414741,0.401243,0.388871
3806,0.306354,0.339714,0.362519,0.349246,0.350117,0.41768,0.405057,0.364858,0.414741,0.401243,0.388871
3807,0.306354,0.339714,0.362519,0.349246,0.350117,0.41768,0.40478,0.364858,0.414741,0.401243,0.388871
3808,0.306354,0.339714,0.362519,0.349246,0.350117,0.41768,0.404946,0.364858,0.414741,0.401243,0.388871
3809,0.306354,0.339714,0.362519,0.349246,0.350117,0.41768,0.405958,0.364858,0.414741,0.401243,0.388871
3810,0.306354,0.339714,0.362519,0.349246,0.350117,0.41768,0.404994,0.364858,0.414741,0.401243,0.388871
3811,0.306354,0.339714,0.362519,0.349246,0.350117,0.41768,0.404829,0.364858,0.414741,0.401243,0.388871
3812,0.306354,0.339714,0.362519,0.349246,0.350117,0.41768,0.403872,0.364858,0.414741,0.401243,0.388871
3813,0.306354,0.339714,0.362519,0.349246,0.350117,0.41768,0.402919,0.364858,0.414741,0.401243,0.388871
3814,0.306354,0.339714,0.362519,0.349246,0.350117,0.41768,0.401971,0.364858,0.414741,0.401243,0.388871
3815,0.306354,0.339714,0.362519,0.349246,0.350117,0.41768,0.401028,0.364858,0.414741,0.401243,0.388871
3816,0.306354,0.339714,0.362519,0.349246,0.350117,0.416515,0.401028,0.364858,0.414741,0.401243,0.388871
3817,0.306354,0.339714,0.362519,0.349246,0.350117,0.416515,0.401028,0.364858,0.413931,0.401243,0.388871
3818,0.304783,0.339714,0.362519,0.349246,0.350117,0.416515,0.401028,0.364858,0.413931,0.401243,0.388871
3819,0.304783,0.339714,0.362519,0.349246,0.350117,0.416515,0.401554,0.364858,0.413931,0.401243,0.388871
3820,0.304783,0.339714,0.362519,0.349246,0.350117,0.416515,0.403347,0.364858,0.413931,0.401243,0.388871
3821,0.304783,0.339714,0.362519,0.349246,0.350117,0.416515,0.402637,0.364858,0.413931,0.401243,0.388871
3822,0.304783,0.339714,0.362519,0.349246,0.350117,0.416515,0.402454,0.364858,0.413931,0.401243,0.388871
3823,0.304783,0.339714,0.362519,0.349246,0.350117,0.416515,0.403169,0.364858,0.413931,0.401243,0.388871
3824,0.304783,0.339714,0.362519,0.349246,0.350117,0.416515,0.40341,0.364858,0.413931,0.401243,0.388871
3825,0.304783,0.339714,0.362519,0.349246,0.350117,0.416515,0.404773,0.364858,0.413931,0.401243,0.388871
3826,0.304783,0.339714,0.362519,0.349246,0.350117,0.416515,0.404924,0.364858,0.413931,0.401243,0.388871
3827,0.304783,0.339714,0.362519,0.349246,0.350117,0.416515,0.404105,0.364858,0.413931,0.401243,0.388871
3828,0.304783,0.339714,0.362519,0.349246,0.350117,0.416515,0.403053,0.364858,0.413931,0.401243,0.388871
3829,0.304783,0.339714,0.362519,0.350089,0.350117,0.416515,0.403053,0.364858,0.413931,0.401243,0.388871
3830,0.304783,0.339714,0.362519,0.34976,0.350117,0.416515,0.403053,0.364858,0.413931,0.401243,0.388871
3831,0.304783,0.339714,0.362519,0.34976,0.347395,0.416515,0.403053,0.364858,0.413931,0.401243,0.388871
3832,0.304783,0.339533,0.362519,0.34976,0.347395,0.416515,0.403053,0.364858,0.413931,0.401243,0.388871
3833,0.304783,0.339533,0.362519,0.34976,0.347395,0.416515,0.402131,0.364858,0.413931,0.401243,0.388871
3834,0.304783,0.339533,0.362519,0.34976,0.347395,0.416515,0.402131,0.364858,0.413931,0.401243,0.390382
3835,0.304783,0.339533,0.362519,0.34976,0.347395,0.416515,0.402131,0.364858,0.413931,0.401243,0.389526
3836,0.304783,0.339533,0.362519,0.34976,0.347395,0.416515,0.402131,0.364858,0.413931,0.401243,0.389197
3837,0.304783,0.339533,0.363251,0.34976,0.347395,0.416515,0.402131,0.364858,0.413931,0.401243,0.389197
3838,0.304783,0.339533,0.364334,0.34976,0.347395,0.416515,0.402131,0.364858,0.413931,0.401243,0.389197
3839,0.304783,0.339533,0.364514,0.34976,0.347395,0.416515,0.402131,0.364858,0.413931,0.401243,0.389197
3840,0.304783,0.339533,0.363318,0.34976,0.347395,0.416515,0.402131,0.364858,0.413931,0.401243,0.389197
3841,0.304783,0.339533,0.363318,0.349749,0.347395,0.416515,0.402131,0.364858,0.413931,0.401243,0.389197
3842,0.304783,0.339533,0.363318,0.349749,0.347395,0.416515,0.402131,0.364858,0.413931,0.400712,0.389197
3843,0.304783,0.339533,0.363318,0.349749,0.347395,0.416515,0.402131,0.364313,0.413931,0.400712,0.389197
3844,0.304783,0.339533,0.363318,0.349749,0.347395,0.416515,0.402131,0.364313,0.413924,0.400712,0.389197
3845,0.304783,0.339533,0.363318,0.349749,0.347395,0.416515,0.402131,0.364313,0.413924,0.400712,0.387903
3846,0.304783,0.339533,0.363318,0.348884,0.347395,0.416515,0.402131,0.364313,0.413924,0.400712,0.387903
3847,0.304783,0.339601,0.363318,0.348884,0.347395,0.416515,0.402131,0.364313,0.413924,0.400712,0.387903
3848,0.304783,0.339601,0.363318,0.348884,0.347395,0.416515,0.402131,0.364313,0.413872,0.400712,0.387903
3849,0.304783,0.339601,0.363318,0.348884,0.347395,0.415697,0.402131,0.364313,0.413872,0.400712,0.387903
3850,0.304783,0.339601,0.362278,0.348884,0.347395,0.415697,0.402131,0.364313,0.413872,0.400712,0.387903
3851,0.304783,0.339601,0.362278,0.348884,0.347395,0.415697,0.402131,0.364313,0.413591,0.400712,0.387903
3852,0.304783,0.339601,0.362278,0.348884,0.347395,0.415697,0.402131,0.364313,0.413591,0.400731,0.387903
3853,0.304783,0.339962,0.362278,0.348884,0.347395,0.415697,0.402131,0.364313,0.413591,0.400731,0.387903
3854,0.304783,0.339962,0.362278,0.348884,0.347395,0.415697,0.401843,0.364313,0.413591,0.400731,0.387903
3855,0.304783,0.339962,0.362278,0.348884,0.347395,0.415697,0.401843,0.364313,0.413591,0.402758,0.387903
3856,0.304783,0.339962,0.362278,0.348884,0.347395,0.415697,0.401843,0.364313,0.413591,0.401827,0.387903
3857,0.304783,0.339962,0.362278,0.348884,0.347395,0.415697,0.401843,0.364313,0.413591,0.400902,0.387903
3858,0.304783,0.33865,0.362278,0.348884,0.347395,0.415697,0.401843,0.364313,0.413591,0.400902,0.387903
3859,0.304783,0.33865,0.362278,0.348884,0.347395,0.415697,0.401843,0.36549,0.413591,0.400902,0.387903
3860,0.304783,0.33865,0.362278,0.348884,0.347395,0.415697,0.401843,0.364338,0.413591,0.400902,0.387903
3861,0.304783,0.33865,0.362278,0.348884,0.347395,0.415697,0.401843,0.364338,0.412757,0.400902,0.387903
3862,0.304783,0.33865,0.362278,0.348884,0.347395,0.415697,0.400928,0.364338,0.412757,0.400902,0.387903
3863,0.304783,0.33865,0.362278,0.348884,0.347395,0.415697,0.400928,0.364338,0.412757,0.403315,0.387903
3864,0.304783,0.33865,0.362278,0.348884,0.347395,0.415697,0.400928,0.364338,0.412757,0.403252,0.387903
3865,0.304783,0.33865,0.362278,0.348884,0.347395,0.415697,0.400928,0.364338,0.412757,0.403765,0.387903
3866,0.304783,0.33865,0.362278,0.348884,0.347395,0.415697,0.400928,0.364338,0.412757,0.404491,0.387903
3867,0.304783,0.33865,0.362278,0.348884,0.347395,0.415697,0.400928,0.364338,0.412757,0.405635,0.387903
3868,0.304783,0.33865,0.362278,0.348884,0.347395,0.415697,0.400928,0.364338,0.412757,0.405144,0.387903
3869,0.304783,0.33865,0.362278,0.348884,0.347395,0.415697,0.400928,0.364338,0.412757,0.405787,0.387903
3870,0.304783,0.33865,0.362278,0.348884,0.347395,0.415697,0.400928,0.364338,0.412757,0.404869,0.387903
3871,0.304783,0.33865,0.362278,0.348884,0.347395,0.415697,0.400928,0.364338,0.412757,0.407065,0.387903
3872,0.304783,0.33865,0.362278,0.348884,0.347395,0.415697,0.400928,0.364338,0.412757,0.406345,0.387903
3873,0.304783,0.33865,0.362278,0.348884,0.347395,0.415697,0.400928,0.364338,0.412757,0.4064,0.387903
3874,0.304783,0.33865,0.362278,0.348884,0.347395,0.415697,0.400928,0.364338,0.412757,0.408224,0.387903
3875,0.304783,0.33865,0.362278,0.348884,0.347395,0.415697,0.400928,0.364338,0.412757,0.408745,0.387903
3876,0.304783,0.33865,0.362278,0.348884,0.347395,0.415697,0.400928,0.364338,0.412757,0.4078,0.387903
3877,0.304783,0.33865,0.362278,0.348884,0.347395,0.415697,0.400928,0.364338,0.412757,0.408636,0.387903
3878,0.304783,0.33865,0.362278,0.348884,0.347395,0.415697,0.400928,0.364338,0.412757,0.408296,0.387903
3879,0.304783,0.33865,0.362278,0.348884,0.347395,0.415697,0.400928,0.364338,0.412757,0.407391,0.387903
3880,0.304783,0.33865,0.362278,0.348884,0.347395,0.415697,0.400928,0.364338,0.412757,0.406553,0.387903
3881,0.304783,0.33865,0.362278,0.348884,0.347395,0.415697,0.400928,0.364338,0.412757,0.407307,0.387903
3882,0.304783,0.33865,0.362278,0.348884,0.347395,0.415697,0.400928,0.364338,0.412757,0.405972,0.387903
3883,0.304783,0.33865,0.362278,0.348884,0.347395,0.415697,0.400928,0.364338,0.412757,0.406427,0.387903
3884,0.304783,0.33865,0.362278,0.348884,0.347395,0.415697,0.400928,0.364338,0.412757,0.405543,0.387903
3885,0.304783,0.33865,0.362278,0.348884,0.347395,0.415697,0.400928,0.364338,0.412757,0.405802,0.387903
3886,0.304783,0.33865,0.362278,0.348884,0.347395,0.415697,0.400928,0.364338,0.412757,0.405386,0.387903
3887,0.303228,0.33865,0.362278,0.348884,0.347395,0.415697,0.400928,0.364338,0.412757,0.405386,0.387903
3888,0.303228,0.33865,0.362278,0.348884,0.347395,0.41516,0.400928,0.364338,0.412757,0.405386,0.387903
3889,0.303228,0.33865,0.362278,0.348808,0.347395,0.41516,0.400928,0.364338,0.412757,0.405386,0.387903
3890,0.303228,0.33865,0.362278,0.348808,0.347395,0.41516,0.400928,0.364338,0.412757,0.405386,0.387654
3891,0.303228,0.33865,0.362278,0.348808,0.347395,0.41516,0.400928,0.363163,0.412757,0.405386,0.387654
3892,0.303228,0.33865,0.359839,0.348808,0.347395,0.41516,0.400928,0.363163,0.412757,0.405386,0.387654
3893,0.303228,0.33865,0.359839,0.348808,0.347395,0.41516,0.400928,0.363163,0.412757,0.406383,0.387654
3894,0.303228,0.33865,0.359839,0.348808,0.347395,0.41516,0.400928,0.363163,0.412757,0.406406,0.387654
3895,0.303228,0.33865,0.359839,0.348808,0.347395,0.41516,0.400928,0.363163,0.412757,0.405524,0.387654
3896,0.303228,0.33865,0.359839,0.34753,0.347395,0.41516,0.400928,0.363163,0.412757,0.405524,0.387654
3897,0.303228,0.33865,0.359839,0.34753,0.347395,0.41516,0.400928,0.363163,0.411927,0.405524,0.387654
3898,0.303228,0.33865,0.359839,0.34753,0.347395,0.414807,0.400928,0.363163,0.411927,0.405524,0.387654
3899,0.303228,0.33865,0.359839,0.34753,0.347395,0.414807,0.400928,0.363163,0.411927,0.405524,0.387072
3900,0.303228,0.33865,0.359839,0.34753,0.347395,0.414807,0.400127,0.363163,0.411927,0.405524,0.387072
3901,0.303228,0.33865,0.359839,0.34753,0.347395,0.414807,0.400127,0.363163,0.411927,0.405419,0.387072
3902,0.303228,0.33865,0.359839,0.34753,0.346113,0.414807,0.400127,0.363163,0.411927,0.405419,0.387072
3903,0.303228,0.337905,0.359839,0.34753,0.346113,0.414807,0.400127,0.363163,0.411927,0.405419,0.387072
3904,0.303228,0.337905,0.359839,0.34753,0.346113,0.413232,0.400127,0.363163,0.411927,0.405419,0.387072
3905,0.303228,0.337905,0.359839,0.34753,0.346113,0.413232,0.400127,0.363163,0.411927,0.406331,0.387072
3906,0.303228,0.337905,0.359839,0.34753,0.346113,0.413232,0.400127,0.363163,0.411927,0.405709,0.387072
3907,0.303228,0.337905,0.359839,0.34753,0.346113,0.413232,0.400127,0.363163,0.411927,0.404851,0.387072
3908,0.303228,0.337905,0.359839,0.34753,0.346113,0.413232,0.400127,0.363163,0.412856,0.404851,0.387072
3909,0.303228,0.337905,0.359839,0.34753,0.346113,0.413232,0.400127,0.363163,0.412029,0.404851,0.387072
3910,0.303228,0.337905,0.359839,0.34753,0.346113,0.413232,0.400127,0.363163,0.412029,0.404851,0.38843
3911,0.303228,0.337905,0.359839,0.34753,0.346113,0.413232,0.400127,0.363163,0.412029,0.404851,0.387426
3912,0.303228,0.337905,0.359839,0.34753,0.346113,0.413232,0.400127,0.363163,0.412029,0.404851,0.386668
3913,0.303228,0.337905,0.359839,0.34753,0.346113,0.413232,0.400127,0.361995,0.412029,0.404851,0.386668
3914,0.303228,0.337905,0.359839,0.34753,0.346113,0.413232,0.400127,0.361995,0.411205,0.404851,0.386668
3915,0.303228,0.337905,0.359839,0.34753,0.346113,0.413232,0.400526,0.361995,0.411205,0.404851,0.386668
3916,0.303228,0.337905,0.359839,0.34753,0.346113,0.413232,0.400249,0.361995,0.411205,0.404851,0.386668
3917,0.301689,0.337905,0.359839,0.34753,0.346113,0.413232,0.400249,0.361995,0.411205,0.404851,0.386668
3918,0.301689,0.337905,0.359839,0.34753,0.346113,0.413232,0.401215,0.361995,0.411205,0.404851,0.386668
3919,0.301689,0.337905,0.359839,0.34753,0.346113,0.413232,0.400311,0.361995,0.411205,0.404851,0.386668
3920,0.301689,0.337905,0.359839,0.347432,0.346113,0.413232,0.400311,0.361995,0.411205,0.404851,0.386668
3921,0.301689,0.336574,0.359839,0.347432,0.346113,0.413232,0.400311,0.361995,0.411205,0.404851,0.386668
3922,0.301689,0.336574,0.359839,0.347432,0.346113,0.413232,0.400311,0.361995,0.411205,0.404155,0.386668
3923,0.301689,0.336574,0.359839,0.347432,0.346113,0.413232,0.399493,0.361995,0.411205,0.404155,0.386668
3924,0.301689,0.336574,0.359839,0.347432,0.345384,0.413232,0.399493,0.361995,0.411205,0.404155,0.386668
3925,0.301689,0.336574,0.359839,0.347797,0.345384,0.413232,0.399493,0.361995,0.411205,0.404155,0.386668
3926,0.301689,0.336574,0.359839,0.347797,0.345384,0.413232,0.399493,0.361995,0.411205,0.404155,0.385519
3927,0.301689,0.336574,0.359839,0.347797,0.345384,0.413232,0.399493,0.361995,0.410384,0.404155,0.385519
3928,0.301689,0.336574,0.359839,0.347262,0.345384,0.413232,0.399493,0.361995,0.410384,0.404155,0.385519
3929,0.301689,0.336574,0.359839,0.347262,0.345384,0.413232,0.399493,0.361995,0.410384,0.404155,0.385519
3930,0.301689,0.336574,0.359839,0.347262,0.345384,0.412652,0.399493,0.361995,0.410384,0.404155,0.385519
3931,0.301689,0.336574,0.361137,0.347262,0.345384,0.412652,0.399493,0.361995,0.410384,0.404155,0.385519
3932,0.301689,0.336574,0.360665,0.347262,0.345384,0.412652,0.399493,0.361995,0.410384,0.404155,0.385519
3933,0.301689,0.336574,0.362487,0.347262,0.345384,0.412652,0.399493,0.361995,0.410384,0.404155,0.385519
3934,0.301689,0.336574,0.363387,0.347262,0.345384,0.412652,0.399493,0.361995,0.410384,0.404155,0.385519
3935,0.301689,0.336574,0.362547,0.347262,0.345384,0.412652,0.399493,0.361995,0.410384,0.404155,0.385519
3936,0.301689,0.336574,0.361466,0.347262,0.345384,0.412652,0.399493,0.361995,0.410384,0.404155,0.385519
3937,0.301689,0.336574,0.361466,0.347262,0.345384,0.412652,0.399493,0.364847,0.410384,0.404155,0.385519
3938,0.301689,0.336574,0.361466,0.347262,0.345384,0.412652,0.399493,0.364289,0.410384,0.404155,0.385519
3939,0.301689,0.336574,0.361466,0.347262,0.345384,0.412652,0.399493,0.365056,0.410384,0.404155,0.385519
3940,0.301689,0.336574,0.361466,0.347262,0.345384,0.412652,0.399493,0.364144,0.410384,0.404155,0.385519
3941,0.301689,0.336574,0.361466,0.347262,0.345384,0.412652,0.399493,0.367087,0.410384,0.404155,0.385519
3942,0.301689,0.336574,0.361466,0.347262,0.345384,0.412652,0.399493,0.367356,0.410384,0.404155,0.385519
3943,0.301689,0.336574,0.361466,0.347262,0.345384,0.412652,0.399493,0.370865,0.410384,0.404155,0.385519
3944,0.301689,0.336574,0.361466,0.347262,0.345384,0.412652,0.399493,0.371235,0.410384,0.404155,0.385519
3945,0.301689,0.336574,0.361466,0.347262,0.345384,0.412652,0.399493,0.371988,0.410384,0.404155,0.385519
3946,0.301689,0.336574,0.361466,0.347262,0.345384,0.412652,0.399493,0.37107,0.410384,0.404155,0.385519
3947,0.301689,0.336574,0.361466,0.347262,0.345384,0.412652,0.399493,0.373305,0.410384,0.404155,0.385519
3948,0.301689,0.336574,0.361466,0.347262,0.345384,0.412652,0.399493,0.375852,0.410384,0.404155,0.385519
3949,0.301689,0.336574,0.361466,0.347262,0.345384,0.412652,0.399493,0.377669,0.410384,0.404155,0.385519
3950,0.301689,0.336574,0.361466,0.347262,0.345384,0.412652,0.399493,0.380415,0.410384,0.404155,0.385519
3951,0.301689,0.336574,0.361466,0.347262,0.345384,0.412652,0.399493,0.379281,0.410384,0.404155,0.385519
3952,0.301689,0.336574,0.361466,0.347262,0.345384,0.412652,0.399493,0.378675,0.410384,0.404155,0.385519
3953,0.301689,0.336574,0.361466,0.347262,0.345384,0.412652,0.399493,0.377607,0.410384,0.404155,0.385519
3954,0.301689,0.336574,0.361466,0.347262,0.345384,0.412652,0.399493,0.378576,0.410384,0.404155,0.385519
3955,0.301689,0.336574,0.361466,0.347262,0.345384,0.412652,0.399493,0.378535,0.410384,0.404155,0.385519
3956,0.301689,0.336574,0.361466,0.347262,0.345384,0.412652,0.399493,0.379307,0.410384,0.404155,0.385519
3957,0.301689,0.336574,0.361466,0.347262,0.345384,0.412652,0.399493,0.37932,0.410384,0.404155,0.385519
3958,0.301689,0.336574,0.361466,0.347262,0.345384,0.412652,0.399493,0.378181,0.410384,0.404155,0.385519
3959,0.301689,0.336574,0.361466,0.347262,0.345384,0.412652,0.399493,0.378636,0.410384,0.404155,0.385519
3960,0.301689,0.336574,0.361466,0.347262,0.345384,0.412652,0.399493,0.379767,0.410384,0.404155,0.385519
3961,0.301689,0.336574,0.361466,0.347262,0.345384,0.412652,0.399493,0.380417,0.410384,0.404155,0.385519
3962,0.301689,0.336574,0.361466,0.347262,0.345384,0.412652,0.399493,0.379288,0.410384,0.404155,0.385519
3963,0.301689,0.336574,0.361466,0.347262,0.345384,0.412652,0.399493,0.380323,0.410384,0.404155,0.385519
3964,0.301689,0.336574,0.361466,0.347262,0.345384,0.412652,0.399493,0.379328,0.410384,0.404155,0.385519
3965,0.301689,0.336574,0.361466,0.347262,0.345384,0.412652,0.399493,0.380415,0.410384,0.404155,0.385519
3966,0.301689,0.336574,0.361466,0.347262,0.345384,0.412652,0.399493,0.3793,0.410384,0.404155,0.385519
3967,0.301689,0.336574,0.361466,0.347262,0.345384,0.412652,0.399493,0.380155,0.410384,0.404155,0.385519
3968,0.301689,0.336574,0.361466,0.347262,0.345384,0.412652,0.399493,0.383255,0.410384,0.404155,0.385519
3969,0.301689,0.336574,0.361466,0.347262,0.345384,0.412652,0.399493,0.381892,0.410384,0.404155,0.385519
3970,0.301689,0.336574,0.361466,0.347262,0.345384,0.412652,0.399493,0.381493,0.410384,0.404155,0.385519
3971,0.301689,0.336574,0.361466,0.347262,0.345384,0.412652,0.399493,0.381441,0.410384,0.404155,0.385519
3972,0.301689,0.336574,0.361466,0.347262,0.345384,0.412652,0.399493,0.382585,0.410384,0.404155,0.385519
3973,0.301689,0.336574,0.361466,0.347262,0.345384,0.412652,0.399493,0.38156,0.410384,0.404155,0.385519
3974,0.301689,0.336574,0.361466,0.347262,0.345384,0.412652,0.399493,0.381741,0.410384,0.404155,0.385519
3975,0.301689,0.336574,0.361466,0.347262,0.345384,0.412652,0.399493,0.381924,0.410384,0.404155,0.385519
3976,0.301689,0.336574,0.361466,0.347262,0.345384,0.412652,0.399493,0.380619,0.410384,0.404155,0.385519
3977,0.301689,0.336574,0.361466,0.347262,0.345384,0.412652,0.399493,0.383429,0.410384,0.404155,0.385519
3978,0.301689,0.336574,0.361466,0.347262,0.345384,0.412652,0.399493,0.383818,0.410384,0.404155,0.385519
3979,0.301689,0.336574,0.361466,0.347262,0.345384,0.412652,0.399493,0.38424,0.410384,0.404155,0.385519
3980,0.301689,0.336574,0.361466,0.347262,0.345384,0.412652,0.399493,0.38617,0.410384,0.404155,0.385519
3981,0.301689,0.336574,0.361466,0.347262,0.345384,0.412652,0.399493,0.387099,0.410384,0.404155,0.385519
3982,0.301689,0.336574,0.361466,0.347262,0.345384,0.412652,0.399493,0.387738,0.410384,0.404155,0.385519
3983,0.301689,0.336574,0.361466,0.347262,0.345384,0.412652,0.399493,0.386668,0.410384,0.404155,0.385519
3984,0.301689,0.336574,0.361466,0.347262,0.345384,0.412652,0.399493,0.385444,0.410384,0.404155,0.385519
3985,0.301689,0.336574,0.361466,0.347262,0.345384,0.412652,0.399493,0.384373,0.410384,0.404155,0.385519
3986,0.301689,0.336574,0.361466,0.347262,0.345384,0.412652,0.399493,0.382431,0.410384,0.404155,0.385519
3987,0.301689,0.336574,0.361466,0.347262,0.345384,0.412652,0.399493,0.384802,0.410384,0.404155,0.385519
3988,0.301689,0.336574,0.361466,0.347262,0.345384,0.412652,0.399493,0.385654,0.410384,0.404155,0.385519
3989,0.301689,0.336574,0.361466,0.347262,0.345384,0.412652,0.399493,0.386895,0.410384,0.404155,0.385519
3990,0.301689,0.336574,0.361466,0.347262,0.345384,0.412652,0.399493,0.385946,0.410384,0.404155,0.385519
3991,0.301689,0.336574,0.361466,0.347262,0.345384,0.412652,0.399493,0.385162,0.410384,0.404155,0.385519
3992,0.301689,0.336574,0.361466,0.347262,0.345384,0.412652,0.399493,0.384371,0.410384,0.404155,0.385519
3993,0.301689,0.336574,0.361466,0.347262,0.345384,0.412652,0.399493,0.384923,0.410384,0.404155,0.385519
3994,0.301689,0.336574,0.361466,0.347262,0.345384,0.412652,0.399493,0.383994,0.410384,0.404155,0.385519
3995,0.301689,0.336574,0.361466,0.347262,0.345384,0.412652,0.399493,0.383261,0.410384,0.404155,0.385519
3996,0.301689,0.336574,0.361466,0.347262,0.345384,0.412652,0.399493,0.382602,0.410384,0.404155,0.385519
3997,0.301689,0.336574,0.361466,0.347262,0.345384,0.412652,0.399493,0.381643,0.410384,0.404155,0.385519
3998,0.301689,0.336574,0.361466,0.347262,0.345384,0.412652,0.399493,0.381643,0.410384,0.403477,0.385519
3999,0.301689,0.336574,0.361466,0.347262,0.345384,0.412652,0.399493,0.382521,0.410384,0.403477,0.385519
4000,0.301689,0.336574,0.361466,0.347262,0.345384,0.412652,0.399493,0.382657,0.410384,0.403477,0.385519
4001,0.301689,0.336574,0.361466,0.347262,0.345384,0.412652,0.399493,0.381636,0.410384,0.403477,0.385519
4002,0.301689,0.336574,0.361466,0.347262,0.345384,0.412652,0.398081,0.381636,0.410384,0.403477,0.385519
4003,0.301689,0.336574,0.361466,0.346203,0.345384,0.412652,0.398081,0.381636,0.410384,0.403477,0.385519
4004,0.301689,0.336574,0.360307,0.346203,0.345384,0.412652,0.398081,0.381636,0.410384,0.403477,0.385519
4005,0.301689,0.336574,0.360307,0.346203,0.345384,0.412652,0.398081,0.381636,0.410127,0.403477,0.385519
4006,0.301689,0.336574,0.360307,0.346203,0.344013,0.412652,0.398081,0.381636,0.410127,0.403477,0.385519
4007,0.301689,0.336574,0.360307,0.346203,0.344013,0.413512,0.398081,0.381636,0.410127,0.403477,0.385519
4008,0.301689,0.336574,0.360307,0.346203,0.344013,0.41271,0.398081,0.381636,0.410127,0.403477,0.385519
4009,0.301689,0.336913,0.360307,0.346203,0.344013,0.41271,0.398081,0.381636,0.410127,0.403477,0.385519
4010,0.301689,0.336913,0.360307,0.346203,0.344013,0.41271,0.398081,0.381636,0.410127,0.403477,0.385403
4011,0.301689,0.336913,0.360307,0.346203,0.344013,0.41264,0.398081,0.381636,0.410127,0.403477,0.385403
4012,0.301689,0.337468,0.360307,0.346203,0.344013,0.41264,0.398081,0.381636,0.410127,0.403477,0.385403
4013,0.301689,0.336282,0.360307,0.346203,0.344013,0.41264,0.398081,0.381636,0.410127,0.403477,0.385403
4014,0.301689,0.336282,0.360307,0.346203,0.344013,0.41264,0.398081,0.381558,0.410127,0.403477,0.385403
4015,0.301689,0.336282,0.360307,0.346203,0.344013,0.41264,0.398081,0.381558,0.410127,0.402609,0.385403
4016,0.301689,0.336282,0.360307,0.346203,0.344013,0.41264,0.398081,0.381558,0.409625,0.402609,0.385403
4017,0.299133,0.336282,0.360307,0.346203,0.344013,0.41264,0.398081,0.381558,0.409625,0.402609,0.385403
4018,0.299133,0.336282,0.360307,0.346203,0.344013,0.414378,0.398081,0.381558,0.409625,0.402609,0.385403
4019,0.299133,0.336282,0.360307,0.346203,0.344013,0.414967,0.398081,0.381558,0.409625,0.402609,0.385403
4020,0.299133,0.336282,0.360307,0.346203,0.344013,0.415431,0.398081,0.381558,0.409625,0.402609,0.385403
4021,0.299133,0.336282,0.360307,0.346203,0.344013,0.414641,0.398081,0.381558,0.409625,0.402609,0.385403
4022,0.299133,0.336282,0.360307,0.346203,0.344013,0.413896,0.398081,0.381558,0.409625,0.402609,0.385403
4023,0.299133,0.336282,0.360307,0.346203,0.344013,0.413286,0.398081,0.381558,0.409625,0.402609,0.385403
4024,0.299133,0.336282,0.360307,0.346203,0.344013,0.413286,0.398081,0.381558,0.409625,0.402609,0.384417
4025,0.299133,0.336282,0.360307,0.346203,0.344013,0.413286,0.398081,0.380545,0.409625,0.402609,0.384417
4026,0.299133,0.336282,0.360307,0.346203,0.344013,0.412984,0.398081,0.380545,0.409625,0.402609,0.384417
4027,0.299133,0.336282,0.360307,0.346203,0.344013,0.412984,0.398081,0.380545,0.409026,0.402609,0.384417
4028,0.299133,0.336282,0.360307,0.344958,0.344013,0.412984,0.398081,0.380545,0.409026,0.402609,0.384417
4029,0.299133,0.336282,0.360307,0.344958,0.344013,0.412984,0.39719,0.380545,0.409026,0.402609,0.384417
4030,0.299133,0.336282,0.360137,0.344958,0.344013,0.412984,0.39719,0.380545,0.409026,0.402609,0.384417
4031,0.299133,0.336282,0.360137,0.344958,0.344013,0.412748,0.39719,0.380545,0.409026,0.402609,0.384417
4032,0.299133,0.336282,0.360137,0.344958,0.344013,0.412748,0.39719,0.380545,0.409026,0.403004,0.384417
4033,0.299133,0.336282,0.360137,0.344958,0.344013,0.412748,0.39719,0.380545,0.409026,0.403947,0.384417
4034,0.299133,0.336282,0.360137,0.344958,0.344013,0.412748,0.39719,0.380545,0.409026,0.403138,0.384417
4035,0.299133,0.336282,0.360137,0.344958,0.344013,0.412748,0.39719,0.380545,0.409026,0.402284,0.384417
4036,0.299133,0.336282,0.360137,0.344958,0.345882,0.412748,0.39719,0.380545,0.409026,0.402284,0.384417
4037,0.299133,0.336282,0.360137,0.344958,0.348042,0.412748,0.39719,0.380545,0.409026,0.402284,0.384417
4038,0.299133,0.336282,0.360137,0.344958,0.348007,0.412748,0.39719,0.380545,0.409026,0.402284,0.384417
4039,0.299133,0.336282,0.360137,0.344958,0.350334,0.412748,0.39719,0.380545,0.409026,0.402284,0.384417
4040,0.299133,0.336282,0.360137,0.344958,0.3498,0.412748,0.39719,0.380545,0.409026,0.402284,0.384417
4041,0.299133,0.336282,0.360137,0.344958,0.348547,0.412748,0.39719,0.380545,0.409026,0.402284,0.384417
4042,0.299133,0.336282,0.360137,0.344958,0.347653,0.412748,0.39719,0.380545,0.409026,0.402284,0.384417
4043,0.299133,0.336282,0.360137,0.344958,0.346835,0.412748,0.39719,0.380545,0.409026,0.402284,0.384417
4044,0.299133,0.336282,0.360137,0.344958,0.346835,0.412821,0.39719,0.380545,0.409026,0.402284,0.384417
4045,0.299133,0.336282,0.360137,0.344958,0.346835,0.412821,0.39719,0.380545,0.408216,0.402284,0.384417
4046,0.299133,0.336282,0.360137,0.344958,0.346835,0.412821,0.39719,0.380545,0.408216,0.402284,0.385512
4047,0.299133,0.336282,0.360137,0.344958,0.346835,0.412821,0.39719,0.380545,0.408216,0.402284,0.387353
4048,0.299133,0.336282,0.360137,0.344958,0.346835,0.412821,0.39719,0.380545,0.408216,0.402284,0.38637
4049,0.299133,0.336282,0.360137,0.344958,0.346835,0.412821,0.39719,0.380545,0.408216,0.402284,0.387017
4050,0.299133,0.336282,0.360137,0.344958,0.346835,0.412821,0.39719,0.380545,0.408216,0.402284,0.38882
4051,0.299133,0.336282,0.360137,0.344958,0.346835,0.412821,0.39719,0.380545,0.408216,0.402284,0.389494
4052,0.299133,0.336282,0.360137,0.344958,0.346835,0.412821,0.39719,0.380545,0.408216,0.402284,0.38911
4053,0.299133,0.336282,0.360137,0.344958,0.346835,0.412821,0.39719,0.380545,0.408216,0.402284,0.388287
4054,0.299133,0.336282,0.360137,0.344958,0.346835,0.412821,0.39719,0.380545,0.408216,0.402284,0.388865
4055,0.299133,0.336282,0.360137,0.344958,0.346835,0.412821,0.39719,0.380545,0.408216,0.402284,0.389899
4056,0.299133,0.336282,0.360137,0.344958,0.346835,0.412821,0.39719,0.380545,0.408216,0.402284,0.38893
4057,0.299133,0.336282,0.360137,0.344958,0.346835,0.412821,0.39719,0.380545,0.408216,0.402284,0.38853
4058,0.299133,0.336282,0.360137,0.344958,0.346835,0.412821,0.39719,0.380545,0.408216,0.402284,0.389093
4059,0.299133,0.336282,0.360137,0.344958,0.346835,0.412821,0.39719,0.380545,0.408216,0.402284,0.389363
4060,0.299133,0.336282,0.360137,0.344958,0.346835,0.412821,0.39719,0.380545,0.408216,0.402284,0.390374
4061,0.299133,0.336282,0.360137,0.344958,0.346835,0.412821,0.39719,0.380545,0.408216,0.402284,0.390911
4062,0.299133,0.336282,0.360137,0.344958,0.346835,0.412821,0.39719,0.380545,0.408216,0.402284,0.391487
4063,0.299133,0.336282,0.360137,0.344958,0.346835,0.412821,0.39719,0.380545,0.408216,0.402284,0.390728
4064,0.299133,0.336282,0.360137,0.344958,0.346835,0.412821,0.39719,0.380545,0.408216,0.402284,0.391792
4065,0.299133,0.336282,0.360137,0.344958,0.346835,0.412821,0.39719,0.380545,0.408216,0.402284,0.393495
4066,0.299133,0.336282,0.360137,0.344958,0.346835,0.412821,0.39719,0.380545,0.408216,0.402284,0.392614
4067,0.299133,0.336282,0.360137,0.344958,0.346835,0.412821,0.39719,0.380545,0.408216,0.402284,0.394399
4068,0.299133,0.336282,0.360137,0.344958,0.346835,0.412821,0.39719,0.380545,0.408216,0.402284,0.393843
4069,0.299133,0.336282,0.360137,0.344958,0.346835,0.412821,0.39719,0.380545,0.408216,0.402284,0.393998
4070,0.299133,0.336282,0.360137,0.344958,0.346835,0.412821,0.39719,0.380545,0.408216,0.402284,0.394577
4071,0.299133,0.336282,0.360137,0.344958,0.346835,0.412821,0.39719,0.380545,0.408216,0.402284,0.394428
4072,0.299133,0.336282,0.360137,0.344958,0.346835,0.412821,0.39719,0.380545,0.408216,0.402284,0.394511
4073,0.299133,0.336282,0.360137,0.344958,0.346835,0.412821,0.39719,0.380545,0.408216,0.402284,0.396056
4074,0.299133,0.336282,0.360137,0.344958,0.346835,0.412821,0.39719,0.380545,0.408216,0.402284,0.396921
4075,0.299133,0.336282,0.360137,0.344958,0.346835,0.412821,0.39719,0.380545,0.408216,0.402284,0.396593
4076,0.299133,0.336282,0.360137,0.344958,0.346835,0.412821,0.39719,0.380545,0.408216,0.402284,0.396964
4077,0.299133,0.336282,0.360137,0.344958,0.346835,0.412821,0.39719,0.380545,0.408216,0.402284,0.396132
4078,0.299133,0.336282,0.360137,0.344958,0.346835,0.412821,0.39719,0.380545,0.408216,0.402284,0.395366
4079,0.299133,0.336282,0.360137,0.344958,0.346835,0.412821,0.39719,0.380545,0.408216,0.402284,0.394395
4080,0.299133,0.336282,0.360137,0.344958,0.346835,0.412821,0.39719,0.380545,0.408216,0.402284,0.393766
4081,0.299133,0.336282,0.360137,0.344958,0.346835,0.412821,0.39719,0.380545,0.408216,0.402284,0.392844
4082,0.299133,0.336114,0.360137,0.344958,0.346835,0.412821,0.39719,0.380545,0.408216,0.402284,0.392844
4083,0.299133,0.336114,0.361529,0.344958,0.346835,0.412821,0.39719,0.380545,0.408216,0.402284,0.392844
4084,0.299133,0.336114,0.360722,0.344958,0.346835,0.412821,0.39719,0.380545,0.408216,0.402284,0.392844
4085,0.299133,0.336114,0.360722,0.344958,0.346835,0.412038,0.39719,0.380545,0.408216,0.402284,0.392844
4086,0.299133,0.336114,0.360722,0.344958,0.346835,0.412038,0.39719,0.382058,0.408216,0.402284,0.392844
4087,0.299133,0.336114,0.360722,0.344958,0.346835,0.412038,0.39719,0.383178,0.408216,0.402284,0.392844
4088,0.299133,0.336114,0.360722,0.344958,0.346835,0.412038,0.39719,0.382715,0.408216,0.402284,0.392844
4089,0.299133,0.336114,0.360722,0.344958,0.346835,0.412038,0.39719,0.384416,0.408216,0.402284,0.392844
4090,0.299133,0.336114,0.360722,0.344958,0.346835,0.412038,0.39719,0.383583,0.408216,0.402284,0.392844
4091,0.299133,0.336114,0.360722,0.344958,0.346835,0.412038,0.39719,0.383679,0.408216,0.402284,0.392844
4092,0.299133,0.336114,0.360722,0.344958,0.346835,0.412038,0.39719,0.383803,0.408216,0.402284,0.392844
4093,0.299133,0.336114,0.360722,0.344958,0.346835,0.412038,0.39719,0.382806,0.408216,0.402284,0.392844
4094,0.299133,0.336114,0.360722,0.344958,0.346835,0.412038,0.39719,0.383988,0.408216,0.402284,0.392844
4095,0.299133,0.336114,0.360722,0.344958,0.346835,0.412038,0.39719,0.385718,0.408216,0.402284,0.392844
4096,0.299133,0.336114,0.360722,0.344958,0.346835,0.412038,0.39719,0.385218,0.408216,0.402284,0.392844
4097,0.299133,0.336114,0.360722,0.344958,0.346835,0.412038,0.39719,0.386113,0.408216,0.402284,0.392844
4098,0.299133,0.336114,0.360722,0.344958,0.346835,0.412038,0.39719,0.385194,0.408216,0.402284,0.392844
4099,0.299133,0.336114,0.360722,0.344958,0.346835,0.412038,0.39719,0.38399,0.408216,0.402284,0.392844
4100,0.299133,0.336114,0.359749,0.344958,0.346835,0.412038,0.39719,0.38399,0.408216,0.402284,0.392844
4101,0.299133,0.336114,0.359749,0.344958,0.346835,0.412038,0.39719,0.383916,0.408216,0.402284,0.392844
4102,0.299133,0.336114,0.359749,0.344958,0.346835,0.412038,0.39719,0.383916,0.408216,0.402284,0.392378
4103,0.299133,0.336114,0.359749,0.344958,0.34576,0.412038,0.39719,0.383916,0.408216,0.402284,0.392378
4104,0.299133,0.336114,0.359749,0.344958,0.34576,0.412038,0.396358,0.383916,0.408216,0.402284,0.392378
4105,0.299133,0.334816,0.359749,0.344958,0.34576,0.412038,0.396358,0.383916,0.408216,0.402284,0.392378
4106,0.299133,0.334816,0.359749,0.344958,0.34576,0.412038,0.396358,0.383916,0.408216,0.401433,0.392378
4107,0.299133,0.334816,0.359749,0.344958,0.34576,0.412038,0.396358,0.38294,0.408216,0.401433,0.392378
4108,0.299133,0.334816,0.359749,0.344958,0.34576,0.412038,0.396358,0.38294,0.408168,0.401433,0.392378
4109,0.299133,0.334816,0.359749,0.344958,0.34576,0.413109,0.396358,0.38294,0.408168,0.401433,0.392378
4110,0.299133,0.334816,0.359749,0.344958,0.34576,0.412328,0.396358,0.38294,0.408168,0.401433,0.392378
4111,0.299133,0.334816,0.359749,0.344958,0.34576,0.41274,0.396358,0.38294,0.408168,0.401433,0.392378
4112,0.299133,0.334816,0.359749,0.344958,0.34576,0.41342,0.396358,0.38294,0.408168,0.401433,0.392378
4113,0.299133,0.334816,0.359749,0.344958,0.34576,0.414127,0.396358,0.38294,0.408168,0.401433,0.392378
4114,0.299133,0.334816,0.359749,0.344958,0.34576,0.41421,0.396358,0.38294,0.408168,0.401433,0.392378
4115,0.299133,0.334816,0.359749,0.344958,0.34576,0.412205,0.396358,0.38294,0.408168,0.401433,0.392378
4116,0.299133,0.334816,0.359749,0.346129,0.34576,0.412205,0.396358,0.38294,0.408168,0.401433,0.392378
4117,0.299133,0.334816,0.359749,0.34641,0.34576,0.412205,0.396358,0.38294,0.408168,0.401433,0.392378
4118,0.299133,0.334816,0.359749,0.348016,0.34576,0.412205,0.396358,0.38294,0.408168,0.401433,0.392378
4119,0.299133,0.334816,0.359749,0.350377,0.34576,0.412205,0.396358,0.38294,0.408168,0.401433,0.392378
4120,0.299133,0.334816,0.359749,0.349139,0.34576,0.412205,0.396358,0.38294,0.408168,0.401433,0.392378
4121,0.299133,0.334816,0.359749,0.350827,0.34576,0.412205,0.396358,0.38294,0.408168,0.401433,0.392378
4122,0.299133,0.334816,0.359749,0.349608,0.34576,0.412205,0.396358,0.38294,0.408168,0.401433,0.392378
4123,0.299133,0.334816,0.359749,0.347554,0.34576,0.412205,0.396358,0.38294,0.408168,0.401433,0.392378
4124,0.299133,0.334816,0.359749,0.347554,0.34576,0.412205,0.396358,0.38294,0.408168,0.401433,0.391621
4125,0.299133,0.334816,0.359749,0.347554,0.34576,0.412205,0.396358,0.38294,0.407446,0.401433,0.391621
4126,0.299133,0.334816,0.359313,0.347554,0.34576,0.412205,0.396358,0.38294,0.407446,0.401433,0.391621
4127,0.299133,0.334816,0.359313,0.347554,0.34576,0.412205,0.396754,0.38294,0.407446,0.401433,0.391621
4128,0.299133,0.334816,0.359313,0.347554,0.34576,0.412205,0.395971,0.38294,0.407446,0.401433,0.391621
4129,0.30069,0.334816,0.359313,0.347554,0.34576,0.412205,0.395971,0.38294,0.407446,0.401433,0.391621
4130,0.30149,0.334816,0.359313,0.347554,0.34576,0.412205,0.395971,0.38294,0.407446,0.401433,0.391621
4131,0.304352,0.334816,0.359313,0.347554,0.34576,0.412205,0.395971,0.38294,0.407446,0.401433,0.391621
4132,0.302845,0.334816,0.359313,0.347554,0.34576,0.412205,0.395971,0.38294,0.407446,0.401433,0.391621
4133,0.304947,0.334816,0.359313,0.347554,0.34576,0.412205,0.395971,0.38294,0.407446,0.401433,0.391621
4134,0.309238,0.334816,0.359313,0.347554,0.34576,0.412205,0.395971,0.38294,0.407446,0.401433,0.391621
4135,0.308618,0.334816,0.359313,0.347554,0.34576,0.412205,0.395971,0.38294,0.407446,0.401433,0.391621
4136,0.307167,0.334816,0.359313,0.347554,0.34576,0.412205,0.395971,0.38294,0.407446,0.401433,0.391621
4137,0.305898,0.334816,0.359313,0.347554,0.34576,0.412205,0.395971,0.38294,0.407446,0.401433,0.391621
4138,0.304427,0.334816,0.359313,0.347554,0.34576,0.412205,0.395971,0.38294,0.407446,0.401433,0.391621
4139,0.304427,0.334816,0.359313,0.347554,0.34576,0.412205,0.395971,0.38294,0.407446,0.4009,0.391621
4140,0.304427,0.334816,0.359313,0.348843,0.34576,0.412205,0.395971,0.38294,0.407446,0.4009,0.391621
4141,0.304427,0.334816,0.359313,0.349383,0.34576,0.412205,0.395971,0.38294,0.407446,0.4009,0.391621
4142,0.304427,0.334816,0.359313,0.348658,0.34576,0.412205,0.395971,0.38294,0.407446,0.4009,0.391621
4143,0.304427,0.334816,0.359313,0.348658,0.34576,0.412923,0.395971,0.38294,0.407446,0.4009,0.391621
4144,0.304427,0.334816,0.359313,0.348658,0.34576,0.413364,0.395971,0.38294,0.407446,0.4009,0.391621
4145,0.304427,0.334816,0.359313,0.348658,0.34576,0.414088,0.395971,0.38294,0.407446,0.4009,0.391621
4146,0.304427,0.334816,0.359313,0.348658,0.34576,0.413323,0.395971,0.38294,0.407446,0.4009,0.391621
4147,0.304427,0.334816,0.359313,0.348658,0.34576,0.412703,0.395971,0.38294,0.407446,0.4009,0.391621
4148,0.304427,0.334816,0.359313,0.348658,0.34576,0.412703,0.395971,0.383482,0.407446,0.4009,0.391621
4149,0.304427,0.334816,0.359313,0.348658,0.34576,0.412703,0.395971,0.382849,0.407446,0.4009,0.391621
4150,0.304427,0.334816,0.359313,0.348658,0.343885,0.412703,0.395971,0.382849,0.407446,0.4009,0.391621
4151,0.304427,0.334816,0.359313,0.347456,0.343885,0.412703,0.395971,0.382849,0.407446,0.4009,0.391621
4152,0.304427,0.334816,0.359313,0.347456,0.343885,0.412703,0.395971,0.382849,0.407615,0.4009,0.391621
4153,0.304427,0.334816,0.359313,0.347456,0.343885,0.412703,0.395971,0.382849,0.408106,0.4009,0.391621
4154,0.304427,0.334816,0.359313,0.347456,0.343885,0.412703,0.395971,0.382849,0.407306,0.4009,0.391621
4155,0.304427,0.334816,0.359313,0.347456,0.343885,0.412703,0.395971,0.382849,0.407306,0.4009,0.392853
4156,0.304427,0.334816,0.359313,0.347456,0.343885,0.412703,0.395971,0.382849,0.407306,0.4009,0.391941
4157,0.304427,0.334816,0.359596,0.347456,0.343885,0.412703,0.395971,0.382849,0.407306,0.4009,0.391941
4158,0.304427,0.334816,0.359596,0.347456,0.343885,0.412703,0.395971,0.382849,0.407306,0.4009,0.390696
4159,0.304427,0.334816,0.359596,0.347456,0.343885,0.411939,0.395971,0.382849,0.407306,0.4009,0.390696
4160,0.304427,0.334816,0.358469,0.347456,0.343885,0.411939,0.395971,0.382849,0.407306,0.4009,0.390696
4161,0.304427,0.335163,0.358469,0.347456,0.343885,0.411939,0.395971,0.382849,0.407306,0.4009,0.390696
4162,0.304427,0.335163,0.358469,0.347456,0.343885,0.411939,0.396214,0.382849,0.407306,0.4009,0.390696
4163,0.304427,0.335163,0.358469,0.347456,0.343885,0.411939,0.39583,0.382849,0.407306,0.4009,0.390696
4164,0.304427,0.335163,0.358469,0.347456,0.343885,0.411939,0.39583,0.382849,0.407306,0.400282,0.390696
4165,0.304427,0.335073,0.358469,0.347456,0.343885,0.411939,0.39583,0.382849,0.407306,0.400282,0.390696
4166,0.304427,0.335073,0.358469,0.347456,0.343885,0.411939,0.39583,0.384386,0.407306,0.400282,0.390696
4167,0.304427,0.335073,0.358469,0.347456,0.343885,0.411939,0.39583,0.383513,0.407306,0.400282,0.390696
4168,0.304427,0.335073,0.358469,0.347456,0.343885,0.411939,0.39583,0.382979,0.407306,0.400282,0.390696
4169,0.304427,0.335073,0.358469,0.347456,0.343885,0.411939,0.39583,0.382979,0.407232,0.400282,0.390696
4170,0.304427,0.335073,0.358469,0.347456,0.343885,0.411939,0.397431,0.382979,0.407232,0.400282,0.390696
4171,0.304427,0.335073,0.358469,0.347456,0.343885,0.411939,0.397392,0.382979,0.407232,0.400282,0.390696
4172,0.304427,0.335073,0.358469,0.347456,0.343885,0.411939,0.397806,0.382979,0.407232,0.400282,0.390696
4173,0.304427,0.335073,0.358469,0.347456,0.343885,0.411939,0.397008,0.382979,0.407232,0.400282,0.390696
4174,0.304427,0.335073,0.358469,0.347456,0.343885,0.411939,0.397948,0.382979,0.407232,0.400282,0.390696
4175,0.304427,0.335073,0.358469,0.347456,0.343885,0.411939,0.397079,0.382979,0.407232,0.400282,0.390696
4176,0.304427,0.335073,0.358469,0.347456,0.343885,0.411939,0.397834,0.382979,0.407232,0.400282,0.390696
4177,0.304427,0.335073,0.358469,0.347456,0.343885,0.411939,0.397106,0.382979,0.407232,0.400282,0.390696
4178,0.304427,0.335073,0.358469,0.347456,0.343885,0.411939,0.397106,0.382979,0.407411,0.400282,0.390696
4179,0.304427,0.335073,0.358469,0.347456,0.343885,0.411939,0.397106,0.382979,0.407852,0.400282,0.390696
4180,0.304427,0.335073,0.358469,0.347456,0.343885,0.411939,0.397106,0.382979,0.407074,0.400282,0.390696
4181,0.304427,0.336508,0.358469,0.347456,0.343885,0.411939,0.397106,0.382979,0.407074,0.400282,0.390696
4182,0.304427,0.335228,0.358469,0.347456,0.343885,0.411939,0.397106,0.382979,0.407074,0.400282,0.390696
4183,0.304427,0.335228,0.358469,0.347456,0.343885,0.411939,0.397106,0.383679,0.407074,0.400282,0.390696
4184,0.304427,0.335228,0.358469,0.347456,0.343885,0.411939,0.397106,0.382055,0.407074,0.400282,0.390696
4185,0.304427,0.335228,0.358469,0.347456,0.343885,0.412538,0.397106,0.382055,0.407074,0.400282,0.390696
4186,0.304427,0.335228,0.358469,0.347456,0.343885,0.414039,0.397106,0.382055,0.407074,0.400282,0.390696
4187,0.304427,0.335228,0.358469,0.347456,0.343885,0.413547,0.397106,0.382055,0.407074,0.400282,0.390696
4188,0.304427,0.335228,0.358469,0.347456,0.343885,0.412989,0.397106,0.382055,0.407074,0.400282,0.390696
4189,0.304427,0.335228,0.358469,0.347456,0.343885,0.412268,0.397106,0.382055,0.407074,0.400282,0.390696
4190,0.304427,0.335228,0.358469,0.347456,0.343885,0.412268,0.397106,0.382055,0.407074,0.401154,0.390696
4191,0.304427,0.335228,0.358469,0.347456,0.343885,0.412268,0.397106,0.382055,0.407074,0.401594,0.390696
4192,0.304427,0.335228,0.358469,0.347456,0.343885,0.412268,0.397106,0.382055,0.407074,0.40247,0.390696
4193,0.304427,0.335228,0.358469,0.347456,0.343885,0.412268,0.397106,0.382055,0.407074,0.402644,0.390696
4194,0.304427,0.335228,0.358469,0.347456,0.343885,0.412268,0.397106,0.382055,0.407074,0.402738,0.390696
4195,0.304427,0.335228,0.358469,0.347456,0.343885,0.412268,0.397106,0.382055,0.407074,0.402018,0.390696
4196,0.304427,0.335228,0.358469,0.347456,0.343885,0.412268,0.397106,0.382055,0.407074,0.401476,0.390696
4197,0.302664,0.335228,0.358469,0.347456,0.343885,0.412268,0.397106,0.382055,0.407074,0.401476,0.390696
4198,0.302664,0.335228,0.358469,0.347456,0.343885,0.412268,0.396244,0.382055,0.407074,0.401476,0.390696
4199,0.302664,0.335228,0.358469,0.347456,0.343885,0.412268,0.396244,0.382055,0.407074,0.400537,0.390696
4200,0.302664,0.335228,0.358469,0.346315,0.343885,0.412268,0.396244,0.382055,0.407074,0.400537,0.390696
4201,0.302664,0.335228,0.358469,0.346315,0.343885,0.412268,0.396244,0.382055,0.406682,0.400537,0.390696
4202,0.302664,0.335228,0.358469,0.346315,0.343885,0.413298,0.396244,0.382055,0.406682,0.400537,0.390696
4203,0.302664,0.335228,0.358469,0.346315,0.343885,0.413468,0.396244,0.382055,0.406682,0.400537,0.390696
4204,0.302664,0.335228,0.358469,0.346315,0.343885,0.412714,0.396244,0.382055,0.406682,0.400537,0.390696
4205,0.302664,0.335228,0.358469,0.346315,0.343885,0.412714,0.396244,0.382055,0.406682,0.400537,0.390156
4206,0.302664,0.335228,0.358469,0.346315,0.343885,0.413192,0.396244,0.382055,0.406682,0.400537,0.390156
4207,0.302664,0.335228,0.358469,0.346315,0.343885,0.413151,0.396244,0.382055,0.406682,0.400537,0.390156
4208,0.302664,0.335228,0.358469,0.346315,0.343885,0.41247,0.396244,0.382055,0.406682,0.400537,0.390156
4209,0.302664,0.335228,0.357934,0.346315,0.343885,0.41247,0.396244,0.382055,0.406682,0.400537,0.390156
4210,0.302664,0.334742,0.357934,0.346315,0.343885,0.41247,0.396244,0.382055,0.406682,0.400537,0.390156
4211,0.302664,0.334742,0.357934,0.346315,0.344882,0.41247,0.396244,0.382055,0.406682,0.400537,0.390156
4212,0.302664,0.334742,0.357934,0.346315,0.346899,0.41247,0.396244,0.382055,0.406682,0.400537,0.390156
4213,0.302664,0.334742,0.357934,0.346315,0.347924,0.41247,0.396244,0.382055,0.406682,0.400537,0.390156
4214,0.302664,0.334742,0.357934,0.346315,0.348158,0.41247,0.396244,0.382055,0.406682,0.400537,0.390156
4215,0.302664,0.334742,0.357934,0.346315,0.347726,0.41247,0.396244,0.382055,0.406682,0.400537,0.390156
4216,0.302664,0.334742,0.357934,0.346315,0.347215,0.41247,0.396244,0.382055,0.406682,0.400537,0.390156
4217,0.302664,0.334742,0.357934,0.346315,0.346097,0.41247,0.396244,0.382055,0.406682,0.400537,0.390156
4218,0.302664,0.334742,0.357934,0.346315,0.346097,0.41247,0.396244,0.382055,0.406061,0.400537,0.390156
4219,0.302664,0.334742,0.357934,0.346315,0.346097,0.41247,0.395481,0.382055,0.406061,0.400537,0.390156
4220,0.302664,0.334742,0.357934,0.346315,0.346097,0.411293,0.395481,0.382055,0.406061,0.400537,0.390156
4221,0.302664,0.334742,0.357934,0.346315,0.346097,0.411293,0.395481,0.382055,0.406061,0.400537,0.390013
4222,0.302664,0.334742,0.357934,0.346315,0.346097,0.411293,0.395481,0.382055,0.406061,0.400736,0.390013
4223,0.302664,0.334742,0.357934,0.346315,0.346097,0.411293,0.395481,0.382055,0.406061,0.399244,0.390013
4224,0.302664,0.334742,0.357934,0.346315,0.346097,0.411293,0.395481,0.382178,0.406061,0.399244,0.390013
4225,0.302664,0.334742,0.357709,0.346315,0.346097,0.411293,0.395481,0.382178,0.406061,0.399244,0.390013
4226,0.302664,0.334742,0.357709,0.346315,0.346097,0.411293,0.395481,0.383366,0.406061,0.399244,0.390013
4227,0.302664,0.334742,0.357709,0.346315,0.346097,0.411293,0.395481,0.382415,0.406061,0.399244,0.390013
4228,0.302664,0.334354,0.357709,0.346315,0.346097,0.411293,0.395481,0.382415,0.406061,0.399244,0.390013
4229,0.302664,0.334354,0.357709,0.346315,0.346097,0.411293,0.395481,0.382415,0.406061,0.399244,0.390874
4230,0.302664,0.334354,0.357709,0.346315,0.346097,0.411293,0.395481,0.382415,0.406061,0.399244,0.393217
4231,0.302664,0.334354,0.357709,0.346315,0.346097,0.411293,0.395481,0.382415,0.406061,0.399244,0.393674
4232,0.302664,0.334354,0.357709,0.346315,0.346097,0.411293,0.395481,0.382415,0.406061,0.399244,0.392851
4233,0.302664,0.334354,0.357709,0.346315,0.346097,0.411293,0.395481,0.382415,0.406061,0.399244,0.393423
4234,0.302664,0.334354,0.357709,0.346315,0.346097,0.411293,0.395481,0.382415,0.406061,0.399244,0.392529
4235,0.302664,0.334354,0.357709,0.346315,0.346097,0.411293,0.395481,0.382415,0.406061,0.399244,0.393373
4236,0.302664,0.334354,0.357709,0.346315,0.346097,0.411293,0.395481,0.382415,0.406061,0.399244,0.393395
4237,0.302664,0.334354,0.357709,0.346315,0.346097,0.411293,0.395481,0.382415,0.406061,0.399244,0.394492
4238,0.302664,0.334354,0.357709,0.346315,0.346097,0.411293,0.395481,0.382415,0.406061,0.399244,0.394788
4239,0.302664,0.334354,0.357709,0.346315,0.346097,0.411293,0.395481,0.382415,0.406061,0.399244,0.394559
4240,0.302664,0.334354,0.357709,0.346315,0.346097,0.411293,0.395481,0.382415,0.406061,0.399244,0.397761
4241,0.302664,0.334354,0.357709,0.346315,0.346097,0.411293,0.395481,0.382415,0.406061,0.399244,0.397526
4242,0.302664,0.334354,0.357709,0.346315,0.346097,0.411293,0.395481,0.382415,0.406061,0.399244,0.396384
4243,0.302664,0.334354,0.357709,0.346315,0.346097,0.411293,0.395481,0.382415,0.406061,0.399244,0.395682
4244,0.302664,0.334354,0.357709,0.346315,0.346097,0.411293,0.395481,0.382415,0.406061,0.399244,0.394985
4245,0.302664,0.334354,0.357709,0.346315,0.346097,0.411293,0.395481,0.382415,0.406061,0.399244,0.396236
4246,0.302664,0.334354,0.357709,0.346315,0.346097,0.411293,0.395481,0.382415,0.406061,0.399244,0.395225
4247,0.302664,0.334354,0.357709,0.346315,0.346097,0.411293,0.395481,0.382415,0.406061,0.399244,0.395984
4248,0.302664,0.334354,0.357709,0.346315,0.346097,0.411293,0.395481,0.382415,0.406061,0.399244,0.395374
4249,0.302664,0.334354,0.357709,0.346315,0.346097,0.411293,0.395481,0.382415,0.406061,0.399244,0.394098
4250,0.302664,0.334354,0.357709,0.346315,0.344907,0.411293,0.395481,0.382415,0.406061,0.399244,0.394098
4251,0.302664,0.334354,0.357709,0.346315,0.344907,0.411293,0.395481,0.382161,0.406061,0.399244,0.394098
4252,0.302664,0.334354,0.357709,0.346315,0.344907,0.411293,0.395481,0.382161,0.406588,0.399244,0.394098
4253,0.302664,0.334354,0.357709,0.346315,0.344907,0.411293,0.395481,0.382161,0.405515,0.399244,0.394098
4254,0.302664,0.334354,0.357709,0.345129,0.344907,0.411293,0.395481,0.382161,0.405515,0.399244,0.394098
4255,0.302664,0.334354,0.356598,0.345129,0.344907,0.411293,0.395481,0.382161,0.405515,0.399244,0.394098
4256,0.302664,0.334354,0.356598,0.345129,0.344907,0.411293,0.395481,0.382161,0.405515,0.399244,0.395146
4257,0.302664,0.334354,0.356598,0.345129,0.344907,0.411293,0.395481,0.382161,0.405515,0.399244,0.395498
4258,0.302664,0.334354,0.356598,0.345129,0.344907,0.411293,0.395481,0.382161,0.405515,0.399244,0.396034
4259,0.302664,0.334354,0.356598,0.345129,0.344907,0.411293,0.395481,0.382161,0.405515,0.399244,0.39598
4260,0.302664,0.334354,0.356598,0.345129,0.344907,0.411293,0.395481,0.382161,0.405515,0.399244,0.396275
4261,0.302664,0.334354,0.356598,0.345129,0.344907,0.411293,0.395481,0.382161,0.405515,0.399244,0.395533
4262,0.302664,0.334354,0.356598,0.345129,0.344907,0.411293,0.395481,0.382161,0.405515,0.399244,0.395997
4263,0.302664,0.334354,0.356598,0.345129,0.344907,0.411293,0.395481,0.382161,0.405515,0.399244,0.395606
4264,0.302664,0.334354,0.356598,0.345129,0.344907,0.411293,0.397355,0.382161,0.405515,0.399244,0.395606
4265,0.302664,0.334354,0.356598,0.345129,0.344907,0.411293,0.396973,0.382161,0.405515,0.399244,0.395606
4266,0.302664,0.334354,0.356598,0.345129,0.344907,0.411293,0.39643,0.382161,0.405515,0.399244,0.395606
4267,0.302664,0.334354,0.356598,0.345129,0.344907,0.411293,0.396665,0.382161,0.405515,0.399244,0.395606
4268,0.302664,0.334354,0.356598,0.345129,0.344907,0.411293,0.396948,0.382161,0.405515,0.399244,0.395606
4269,0.302664,0.334354,0.356598,0.345129,0.344907,0.411293,0.396622,0.382161,0.405515,0.399244,0.395606
4270,0.302664,0.334354,0.356598,0.345129,0.344907,0.411293,0.396622,0.382161,0.405515,0.399244,0.397066
4271,0.302664,0.334354,0.356598,0.345129,0.344907,0.411293,0.396622,0.382161,0.405515,0.399244,0.396343
4272,0.302664,0.334354,0.356598,0.345129,0.344907,0.411293,0.396622,0.382161,0.405515,0.399244,0.396375
4273,0.302664,0.334354,0.356598,0.345129,0.344907,0.411293,0.396622,0.382161,0.405515,0.399244,0.396753
4274,0.302664,0.334354,0.356598,0.345129,0.344907,0.411293,0.396622,0.382161,0.405515,0.399244,0.398332
4275,0.302664,0.334354,0.356598,0.345129,0.344907,0.411293,0.396622,0.382161,0.405515,0.399244,0.397812
4276,0.302664,0.334354,0.356598,0.345129,0.344907,0.411293,0.396622,0.382161,0.405515,0.399244,0.397467
4277,0.302664,0.334354,0.356598,0.345129,0.344907,0.411293,0.396622,0.382161,0.405515,0.399244,0.398151
4278,0.302664,0.334354,0.356598,0.345129,0.344907,0.411293,0.396622,0.382161,0.405515,0.399244,0.397267
4279,0.302664,0.334354,0.356598,0.345129,0.344907,0.411293,0.395973,0.382161,0.405515,0.399244,0.397267
4280,0.302664,0.334354,0.356598,0.345129,0.344907,0.411293,0.395973,0.381362,0.405515,0.399244,0.397267
4281,0.302664,0.333113,0.356598,0.345129,0.344907,0.411293,0.395973,0.381362,0.405515,0.399244,0.397267
4282,0.305386,0.333113,0.356598,0.345129,0.344907,0.411293,0.395973,0.381362,0.405515,0.399244,0.397267
4283,0.303939,0.333113,0.356598,0.345129,0.344907,0.411293,0.395973,0.381362,0.405515,0.399244,0.397267
4284,0.303939,0.333113,0.356598,0.345129,0.344907,0.411293,0.395973,0.381362,0.405515,0.399244,0.397352
4285,0.305361,0.333113,0.356598,0.345129,0.344907,0.411293,0.395973,0.381362,0.405515,0.399244,0.397352
4286,0.303927,0.333113,0.356598,0.345129,0.344907,0.411293,0.395973,0.381362,0.405515,0.399244,0.397352
4287,0.303927,0.333113,0.356598,0.345129,0.344907,0.411293,0.395973,0.381362,0.405515,0.399244,0.396514
4288,0.303927,0.333113,0.356598,0.345129,0.344907,0.410549,0.395973,0.381362,0.405515,0.399244,0.396514
4289,0.303927,0.333113,0.356598,0.345129,0.344907,0.410549,0.395973,0.381362,0.405045,0.399244,0.396514
4290,0.303927,0.333113,0.356598,0.345129,0.344907,0.410549,0.395973,0.381362,0.405045,0.399251,0.396514
4291,0.303927,0.333113,0.356598,0.345129,0.344907,0.410549,0.395841,0.381362,0.405045,0.399251,0.396514
4292,0.303927,0.333113,0.356598,0.345129,0.344907,0.410549,0.395841,0.381362,0.405045,0.398533,0.396514
4293,0.303927,0.333113,0.356598,0.345129,0.343726,0.410549,0.395841,0.381362,0.405045,0.398533,0.396514
4294,0.303927,0.333113,0.356598,0.345129,0.343726,0.410549,0.395841,0.381231,0.405045,0.398533,0.396514
4295,0.303927,0.333113,0.356598,0.345129,0.343726,0.410549,0.395841,0.381231,0.405019,0.398533,0.396514
4296,0.303927,0.333113,0.355508,0.345129,0.343726,0.410549,0.395841,0.381231,0.405019,0.398533,0.396514
4297,0.303927,0.333113,0.355508,0.345129,0.343726,0.410549,0.394651,0.381231,0.405019,0.398533,0.396514
4298,0.303927,0.333113,0.355508,0.346507,0.343726,0.410549,0.394651,0.381231,0.405019,0.398533,0.396514
4299,0.303927,0.333113,0.355508,0.347217,0.343726,0.410549,0.394651,0.381231,0.405019,0.398533,0.396514
4300,0.303927,0.333113,0.355508,0.34846,0.343726,0.410549,0.394651,0.381231,0.405019,0.398533,0.396514
4301,0.303927,0.333113,0.355508,0.350539,0.343726,0.410549,0.394651,0.381231,0.405019,0.398533,0.396514
4302,0.303927,0.333113,0.355508,0.35139,0.343726,0.410549,0.394651,0.381231,0.405019,0.398533,0.396514
4303,0.303927,0.333113,0.355508,0.35139,0.343726,0.410549,0.394651,0.381231,0.405019,0.398533,0.396514
4304,0.303927,0.333113,0.355508,0.354531,0.343726,0.410549,0.394651,0.381231,0.405019,0.398533,0.396514
4305,0.303927,0.333113,0.355508,0.354136,0.343726,0.410549,0.394651,0.381231,0.405019,0.398533,0.396514
4306,0.303927,0.333113,0.355508,0.355129,0.343726,0.410549,0.394651,0.381231,0.405019,0.398533,0.396514
4307,0.303927,0.333113,0.355508,0.3555,0.343726,0.410549,0.394651,0.381231,0.405019,0.398533,0.396514
4308,0.303927,0.333113,0.355508,0.3576,0.343726,0.410549,0.394651,0.381231,0.405019,0.398533,0.396514
4309,0.303927,0.333113,0.355508,0.356599,0.343726,0.410549,0.394651,0.381231,0.405019,0.398533,0.396514
4310,0.303927,0.333113,0.355508,0.35599,0.343726,0.410549,0.394651,0.381231,0.405019,0.398533,0.396514
4311,0.303927,0.333113,0.355508,0.355767,0.343726,0.410549,0.394651,0.381231,0.405019,0.398533,0.396514
4312,0.303927,0.333113,0.355508,0.355837,0.343726,0.410549,0.394651,0.381231,0.405019,0.398533,0.396514
4313,0.303927,0.333113,0.355508,0.354681,0.343726,0.410549,0.394651,0.381231,0.405019,0.398533,0.396514
4314,0.303927,0.333113,0.355508,0.356789,0.343726,0.410549,0.394651,0.381231,0.405019,0.398533,0.396514
4315,0.303927,0.333113,0.355508,0.356272,0.343726,0.410549,0.394651,0.381231,0.405019,0.398533,0.396514
4316,0.303927,0.333113,0.355508,0.357289,0.343726,0.410549,0.394651,0.381231,0.405019,0.398533,0.396514
4317,0.303927,0.333113,0.355508,0.359732,0.343726,0.410549,0.394651,0.381231,0.405019,0.398533,0.396514
4318,0.303927,0.333113,0.355508,0.358756,0.343726,0.410549,0.394651,0.381231,0.405019,0.398533,0.396514
4319,0.303927,0.333113,0.355508,0.357613,0.343726,0.410549,0.394651,0.381231,0.405019,0.398533,0.396514
4320,0.303927,0.333113,0.355508,0.356478,0.343726,0.410549,0.394651,0.381231,0.405019,0.398533,0.396514
4321,0.303927,0.333113,0.355508,0.356878,0.343726,0.410549,0.394651,0.381231,0.405019,0.398533,0.396514
4322,0.303927,0.333113,0.355508,0.355752,0.343726,0.410549,0.394651,0.381231,0.405019,0.398533,0.396514
4323,0.303927,0.333113,0.355508,0.355329,0.343726,0.410549,0.394651,0.381231,0.405019,0.398533,0.396514
4324,0.303927,0.333113,0.355508,0.354268,0.343726,0.410549,0.394651,0.381231,0.405019,0.398533,0.396514
4325,0.303927,0.333113,0.355508,0.354268,0.343726,0.411142,0.394651,0.381231,0.405019,0.398533,0.396514
4326,0.303927,0.333113,0.355508,0.354268,0.343726,0.410401,0.394651,0.381231,0.405019,0.398533,0.396514
4327,0.303927,0.333113,0.355508,0.354268,0.343726,0.410401,0.394651,0.381231,0.405019,0.398533,0.39737
4328,0.303927,0.333113,0.355508,0.354268,0.343726,0.410401,0.394651,0.381231,0.405019,0.398533,0.397746
4329,0.303927,0.333113,0.355508,0.354268,0.343726,0.410401,0.394651,0.381231,0.405019,0.398533,0.396912
4330,0.303927,0.333113,0.355508,0.354268,0.343726,0.410401,0.394651,0.381231,0.404864,0.398533,0.396912
4331,0.303927,0.333113,0.355508,0.354268,0.343726,0.410401,0.394651,0.381609,0.404864,0.398533,0.396912
4332,0.303927,0.333113,0.355508,0.354268,0.343726,0.410401,0.394651,0.382276,0.404864,0.398533,0.396912
4333,0.303927,0.333113,0.355508,0.354268,0.343726,0.410401,0.394651,0.381341,0.404864,0.398533,0.396912
4334,0.302507,0.333113,0.355508,0.354268,0.343726,0.410401,0.394651,0.381341,0.404864,0.398533,0.396912
4335,0.302507,0.333113,0.355508,0.354268,0.343726,0.410401,0.394651,0.381341,0.404864,0.398533,0.397761
4336,0.302507,0.333113,0.355508,0.354268,0.343726,0.410401,0.394651,0.381341,0.404864,0.398533,0.397023
4337,0.302507,0.333113,0.355508,0.354268,0.343726,0.410401,0.394651,0.381341,0.404109,0.398533,0.397023
4338,0.302507,0.333113,0.355508,0.354268,0.343726,0.409554,0.394651,0.381341,0.404109,0.398533,0.397023
4339,0.302507,0.335994,0.355508,0.354268,0.343726,0.409554,0.394651,0.381341,0.404109,0.398533,0.397023
4340,0.302507,0.336496,0.355508,0.354268,0.343726,0.409554,0.394651,0.381341,0.404109,0.398533,0.397023
4341,0.302507,0.335926,0.355508,0.354268,0.343726,0.409554,0.394651,0.381341,0.404109,0.398533,0.397023
4342,0.302507,0.334682,0.355508,0.354268,0.343726,0.409554,0.394651,0.381341,0.404109,0.398533,0.397023
4343,0.302507,0.334682,0.355508,0.354268,0.343726,0.409554,0.394651,0.381341,0.404109,0.398533,0.398146
4344,0.302507,0.334682,0.355508,0.354268,0.343726,0.409554,0.394651,0.381341,0.404109,0.398533,0.398747
4345,0.302507,0.334682,0.355508,0.354268,0.343726,0.409554,0.394651,0.381341,0.404109,0.398533,0.399228
4346,0.302507,0.334682,0.355508,0.354268,0.343726,0.409554,0.394651,0.381341,0.404109,0.398533,0.399516
4347,0.302507,0.334682,0.355508,0.354268,0.343726,0.409554,0.394651,0.381341,0.404109,0.398533,0.400916
4348,0.302507,0.334682,0.355508,0.354268,0.343726,0.409554,0.394651,0.381341,0.404109,0.398533,0.40029
4349,0.302507,0.334682,0.355508,0.354268,0.343726,0.409554,0.394651,0.381341,0.404109,0.398533,0.400729
4350,0.302507,0.334682,0.355508,0.354268,0.343726,0.409554,0.394651,0.381341,0.404109,0.398533,0.399621
4351,0.302507,0.334682,0.355508,0.354268,0.343726,0.409554,0.394651,0.381341,0.404109,0.398533,0.399967
4352,0.302507,0.334682,0.355508,0.354268,0.343726,0.409554,0.394651,0.381341,0.404109,0.398533,0.399581
4353,0.302507,0.334682,0.355508,0.354268,0.343726,0.409554,0.394651,0.381341,0.404109,0.398533,0.401585
4354,0.302507,0.334682,0.355508,0.354268,0.343726,0.409554,0.394651,0.381341,0.404109,0.398533,0.401824
4355,0.302507,0.334682,0.355508,0.354268,0.343726,0.409554,0.394651,0.381341,0.404109,0.398533,0.402934
4356,0.302507,0.334682,0.355508,0.354268,0.343726,0.409554,0.394651,0.381341,0.404109,0.398533,0.402231
4357,0.302507,0.334682,0.355508,0.354268,0.343726,0.409554,0.394651,0.381341,0.404109,0.398533,0.403252
4358,0.302507,0.334682,0.355508,0.354268,0.343726,0.409554,0.394651,0.381341,0.404109,0.398533,0.402437
4359,0.302507,0.334682,0.355508,0.354268,0.343726,0.409554,0.394651,0.381341,0.404109,0.398533,0.401807
4360,0.302507,0.334682,0.355508,0.354268,0.343726,0.409554,0.394651,0.381341,0.404109,0.398533,0.403039
4361,0.302507,0.334682,0.355508,0.354268,0.343726,0.409554,0.394651,0.381341,0.404109,0.398533,0.402453
4362,0.302507,0.334682,0.355508,0.354268,0.343726,0.409554,0.394651,0.381341,0.404109,0.398533,0.40283
4363,0.302507,0.334682,0.355508,0.354268,0.343726,0.409554,0.394651,0.381341,0.404109,0.398533,0.402024
4364,0.302507,0.334682,0.355508,0.354268,0.343726,0.409554,0.394651,0.381341,0.404109,0.398533,0.401218
4365,0.302507,0.334682,0.355508,0.354268,0.343726,0.409554,0.394651,0.381341,0.404109,0.398533,0.402734
4366,0.302507,0.334682,0.355508,0.354268,0.343726,0.409554,0.394651,0.381341,0.404109,0.398533,0.401933
4367,0.302507,0.334682,0.355508,0.354268,0.343726,0.409554,0.394651,0.381341,0.404109,0.398533,0.401484
4368,0.302507,0.334682,0.355508,0.354268,0.343726,0.409554,0.394651,0.381341,0.404109,0.398494,0.401484
4369,0.302507,0.334682,0.355508,0.354268,0.343726,0.409554,0.394651,0.381341,0.404109,0.398494,0.401085
4370,0.302507,0.333447,0.355508,0.354268,0.343726,0.409554,0.394651,0.381341,0.404109,0.398494,0.401085
4371,0.302507,0.333447,0.355508,0.354268,0.343726,0.409554,0.394651,0.381341,0.404109,0.397569,0.401085
4372,0.302507,0.333447,0.355508,0.354268,0.343726,0.409554,0.394651,0.381642,0.404109,0.397569,0.401085
4373,0.302507,0.333447,0.355508,0.354268,0.343726,0.409554,0.394651,0.381679,0.404109,0.397569,0.401085
4374,0.302507,0.333447,0.355508,0.354268,0.343726,0.409554,0.394651,0.381788,0.404109,0.397569,0.401085
4375,0.302507,0.333447,0.355508,0.353315,0.343726,0.409554,0.394651,0.381788,0.404109,0.397569,0.401085
4376,0.302507,0.333447,0.355508,0.353315,0.343726,0.409554,0.394651,0.380863,0.404109,0.397569,0.401085
4377,0.302507,0.333447,0.355508,0.353315,0.342583,0.409554,0.394651,0.380863,0.404109,0.397569,0.401085
4378,0.302507,0.333447,0.355582,0.353315,0.342583,0.409554,0.394651,0.380863,0.404109,0.397569,0.401085
4379,0.302507,0.333447,0.355582,0.353315,0.342583,0.409554,0.394651,0.380863,0.403519,0.397569,0.401085
4380,0.302507,0.333447,0.355582,0.353315,0.342583,0.409554,0.395111,0.380863,0.403519,0.397569,0.401085
4381,0.302507,0.333447,0.355582,0.353315,0.342583,0.409554,0.394276,0.380863,0.403519,0.397569,0.401085
4382,0.302507,0.333447,0.355582,0.353315,0.342583,0.409554,0.394276,0.380863,0.403519,0.397569,0.400743
4383,0.302507,0.333447,0.355582,0.353315,0.342583,0.409359,0.394276,0.380863,0.403519,0.397569,0.400743
4384,0.302507,0.333447,0.354509,0.353315,0.342583,0.409359,0.394276,0.380863,0.403519,0.397569,0.400743
4385,0.302507,0.333447,0.354509,0.353315,0.342583,0.408625,0.394276,0.380863,0.403519,0.397569,0.400743
4386,0.302507,0.333447,0.354509,0.353315,0.342583,0.408625,0.394276,0.380863,0.403519,0.397569,0.400487
4387,0.302507,0.333447,0.354509,0.353315,0.342583,0.408625,0.394276,0.380863,0.403519,0.398147,0.400487
4388,0.302507,0.333447,0.354509,0.353315,0.342583,0.408625,0.394276,0.380863,0.403519,0.398621,0.400487
4389,0.302507,0.333447,0.354509,0.353315,0.342583,0.408625,0.394276,0.380863,0.403519,0.397956,0.400487
4390,0.302507,0.333447,0.354509,0.353315,0.342583,0.408625,0.394276,0.380863,0.402817,0.397956,0.400487
4391,0.302507,0.333447,0.354509,0.353315,0.342583,0.408625,0.394276,0.380863,0.402817,0.397255,0.400487
4392,0.302507,0.333447,0.354509,0.353315,0.342583,0.408625,0.393779,0.380863,0.402817,0.397255,0.400487
4393,0.303385,0.333447,0.354509,0.353315,0.342583,0.408625,0.393779,0.380863,0.402817,0.397255,0.400487
4394,0.30272,0.333447,0.354509,0.353315,0.342583,0.408625,0.393779,0.380863,0.402817,0.397255,0.400487
4395,0.30272,0.333447,0.354509,0.353315,0.342583,0.408625,0.393779,0.380257,0.402817,0.397255,0.400487
4396,0.30272,0.333447,0.354509,0.353315,0.342583,0.408625,0.393779,0.380257,0.402817,0.397255,0.401715
4397,0.30272,0.333447,0.354509,0.353315,0.342583,0.408625,0.393779,0.380257,0.402817,0.397255,0.401128
4398,0.30272,0.333447,0.354509,0.353315,0.342583,0.408625,0.393779,0.380257,0.402817,0.397255,0.401391
4399,0.30272,0.333447,0.354509,0.353315,0.342583,0.408625,0.393779,0.380257,0.402817,0.397255,0.401725
4400,0.30272,0.333447,0.354509,0.353315,0.342583,0.408625,0.393779,0.380257,0.402817,0.397255,0.402429
4401,0.30272,0.333447,0.354509,0.353315,0.342583,0.408625,0.393779,0.380257,0.402817,0.397255,0.401677
4402,0.30272,0.333447,0.354509,0.353315,0.342583,0.408625,0.393779,0.380257,0.402817,0.397255,0.402434
4403,0.30272,0.333447,0.354509,0.353315,0.342583,0.408625,0.393779,0.380257,0.402817,0.397255,0.401727
4404,0.30272,0.333447,0.354509,0.35591,0.342583,0.408625,0.393779,0.380257,0.402817,0.397255,0.401727
4405,0.30272,0.333447,0.354509,0.355309,0.342583,0.408625,0.393779,0.380257,0.402817,0.397255,0.401727
4406,0.30272,0.333447,0.354509,0.356919,0.342583,0.408625,0.393779,0.380257,0.402817,0.397255,0.401727
4407,0.30272,0.333447,0.354509,0.35576,0.342583,0.408625,0.393779,0.380257,0.402817,0.397255,0.401727
4408,0.30272,0.333447,0.354509,0.356435,0.342583,0.408625,0.393779,0.380257,0.402817,0.397255,0.401727
4409,0.30272,0.333447,0.354509,0.357069,0.342583,0.408625,0.393779,0.380257,0.402817,0.397255,0.401727
4410,0.30272,0.333447,0.354509,0.35655,0.342583,0.408625,0.393779,0.380257,0.402817,0.397255,0.401727
4411,0.30272,0.333447,0.354509,0.358336,0.342583,0.408625,0.393779,0.380257,0.402817,0.397255,0.401727
4412,0.30272,0.333447,0.354509,0.360519,0.342583,0.408625,0.393779,0.380257,0.402817,0.397255,0.401727
4413,0.30272,0.333447,0.354509,0.362575,0.342583,0.408625,0.393779,0.380257,0.402817,0.397255,0.401727
4414,0.30272,0.333447,0.354509,0.364109,0.342583,0.408625,0.393779,0.380257,0.402817,0.397255,0.401727
4415,0.30272,0.333447,0.354509,0.365711,0.342583,0.408625,0.393779,0.380257,0.402817,0.397255,0.401727
4416,0.30272,0.333447,0.354509,0.366154,0.342583,0.408625,0.393779,0.380257,0.402817,0.397255,0.401727
4417,0.30272,0.333447,0.354509,0.366601,0.342583,0.408625,0.393779,0.380257,0.402817,0.397255,0.401727
4418,0.30272,0.333447,0.354509,0.365502,0.342583,0.408625,0.393779,0.380257,0.402817,0.397255,0.401727
4419,0.30272,0.333447,0.354509,0.364699,0.342583,0.408625,0.393779,0.380257,0.402817,0.397255,0.401727
4420,0.30272,0.333447,0.354509,0.366062,0.342583,0.408625,0.393779,0.380257,0.402817,0.397255,0.401727
4421,0.30272,0.333447,0.354509,0.364989,0.342583,0.408625,0.393779,0.380257,0.402817,0.397255,0.401727
4422,0.30272,0.333447,0.354509,0.365653,0.342583,0.408625,0.393779,0.380257,0.402817,0.397255,0.401727
4423,0.30272,0.333447,0.354509,0.364958,0.342583,0.408625,0.393779,0.380257,0.402817,0.397255,0.401727
4424,0.30272,0.333447,0.354509,0.366439,0.342583,0.408625,0.393779,0.380257,0.402817,0.397255,0.401727
4425,0.30272,0.333447,0.354509,0.365686,0.342583,0.408625,0.393779,0.380257,0.402817,0.397255,0.401727
4426,0.30272,0.333447,0.354509,0.36462,0.342583,0.408625,0.393779,0.380257,0.402817,0.397255,0.401727
4427,0.30272,0.333447,0.354509,0.365344,0.342583,0.408625,0.393779,0.380257,0.402817,0.397255,0.401727
4428,0.30272,0.333447,0.354509,0.366485,0.342583,0.408625,0.393779,0.380257,0.402817,0.397255,0.401727
4429,0.30272,0.333447,0.354509,0.366225,0.342583,0.408625,0.393779,0.380257,0.402817,0.397255,0.401727
4430,0.30272,0.333447,0.354509,0.366077,0.342583,0.408625,0.393779,0.380257,0.402817,0.397255,0.401727
4431,0.30272,0.333447,0.354509,0.365025,0.342583,0.408625,0.393779,0.380257,0.402817,0.397255,0.401727
4432,0.30272,0.333447,0.354509,0.363979,0.342583,0.408625,0.393779,0.380257,0.402817,0.397255,0.401727
4433,0.30272,0.333447,0.354509,0.36552,0.342583,0.408625,0.393779,0.380257,0.402817,0.397255,0.401727
4434,0.30272,0.333447,0.354509,0.365284,0.342583,0.408625,0.393779,0.380257,0.402817,0.397255,0.401727
4435,0.30272,0.333447,0.354509,0.364271,0.342583,0.408625,0.393779,0.380257,0.402817,0.397255,0.401727
4436,0.30272,0.333447,0.354509,0.365933,0.342583,0.408625,0.393779,0.380257,0.402817,0.397255,0.401727
4437,0.30272,0.333447,0.354509,0.367407,0.342583,0.408625,0.393779,0.380257,0.402817,0.397255,0.401727
4438,0.30272,0.333447,0.354509,0.366847,0.342583,0.408625,0.393779,0.380257,0.402817,0.397255,0.401727
4439,0.30272,0.333447,0.354509,0.368047,0.342583,0.408625,0.393779,0.380257,0.402817,0.397255,0.401727
4440,0.30272,0.333447,0.354509,0.367428,0.342583,0.408625,0.393779,0.380257,0.402817,0.397255,0.401727
4441,0.30272,0.333447,0.354509,0.366789,0.342583,0.408625,0.393779,0.380257,0.402817,0.397255,0.401727
4442,0.30272,0.333447,0.354509,0.365084,0.342583,0.408625,0.393779,0.380257,0.402817,0.397255,0.401727
4443,0.30272,0.332301,0.354509,0.365084,0.342583,0.408625,0.393779,0.380257,0.402817,0.397255,0.401727
4444,0.30272,0.332301,0.354509,0.365084,0.342583,0.408625,0.393779,0.380257,0.402817,0.397255,0.401279
4445,0.30272,0.332301,0.354509,0.365084,0.342583,0.408521,0.393779,0.380257,0.402817,0.397255,0.401279
4446,0.30272,0.332301,0.354509,0.365084,0.342583,0.408521,0.396254,0.380257,0.402817,0.397255,0.401279
4447,0.30272,0.332301,0.354509,0.365084,0.342583,0.408521,0.395604,0.380257,0.402817,0.397255,0.401279
4448,0.30272,0.332301,0.354509,0.365084,0.342583,0.408521,0.39484,0.380257,0.402817,0.397255,0.401279
4449,0.30272,0.332301,0.354509,0.365084,0.342583,0.408521,0.39427,0.380257,0.402817,0.397255,0.401279
4450,0.30272,0.332301,0.354509,0.365084,0.342598,0.408521,0.39427,0.380257,0.402817,0.397255,0.401279
4451,0.30272,0.332301,0.354509,0.365084,0.342598,0.408252,0.39427,0.380257,0.402817,0.397255,0.401279
4452,0.30272,0.332301,0.354509,0.365084,0.342598,0.408252,0.39427,0.380257,0.402205,0.397255,0.401279
4453,0.30272,0.332301,0.355476,0.365084,0.342598,0.408252,0.39427,0.380257,0.402205,0.397255,0.401279
4454,0.30272,0.332301,0.35447,0.365084,0.342598,0.408252,0.39427,0.380257,0.402205,0.397255,0.401279
4455,0.30272,0.332301,0.35447,0.365084,0.342598,0.408252,0.39427,0.380257,0.402205,0.397482,0.401279
4456,0.30272,0.332301,0.35447,0.365084,0.342598,0.408252,0.39427,0.380257,0.402205,0.397035,0.401279
4457,0.30272,0.332301,0.35447,0.365084,0.342598,0.408252,0.395399,0.380257,0.402205,0.397035,0.401279
4458,0.30272,0.332301,0.35447,0.365084,0.342598,0.408252,0.394575,0.380257,0.402205,0.397035,0.401279
4459,0.30272,0.332301,0.35447,0.365084,0.342598,0.408252,0.394575,0.380257,0.402205,0.397035,0.400503
4460,0.30272,0.332301,0.35447,0.365084,0.342598,0.408252,0.394575,0.38028,0.402205,0.397035,0.400503
4461,0.30272,0.332301,0.35447,0.365084,0.342598,0.408252,0.393719,0.38028,0.402205,0.397035,0.400503
4462,0.30272,0.332301,0.35447,0.365084,0.342106,0.408252,0.393719,0.38028,0.402205,0.397035,0.400503
4463,0.301325,0.332301,0.35447,0.365084,0.342106,0.408252,0.393719,0.38028,0.402205,0.397035,0.400503
4464,0.301325,0.332301,0.35447,0.365084,0.342106,0.408252,0.393719,0.380498,0.402205,0.397035,0.400503
4465,0.301325,0.332301,0.35447,0.365084,0.342106,0.408252,0.393719,0.380621,0.402205,0.397035,0.400503
4466,0.301325,0.332301,0.35447,0.365084,0.342106,0.407862,0.393719,0.380621,0.402205,0.397035,0.400503
4467,0.301325,0.332301,0.35447,0.365443,0.342106,0.407862,0.393719,0.380621,0.402205,0.397035,0.400503
4468,0.301325,0.332301,0.35447,0.364431,0.342106,0.407862,0.393719,0.380621,0.402205,0.397035,0.400503
4469,0.301325,0.332301,0.35447,0.364431,0.342106,0.407862,0.393719,0.382136,0.402205,0.397035,0.400503
4470,0.301325,0.332301,0.35447,0.364431,0.342106,0.407862,0.393719,0.381297,0.402205,0.397035,0.400503
4471,0.301325,0.332301,0.35447,0.364431,0.342106,0.407862,0.393719,0.380491,0.402205,0.397035,0.400503
4472,0.301325,0.332301,0.35447,0.364431,0.342106,0.407862,0.393719,0.380491,0.402205,0.397037,0.400503
4473,0.301325,0.332301,0.353306,0.364431,0.342106,0.407862,0.393719,0.380491,0.402205,0.397037,0.400503
4474,0.301325,0.332301,0.353306,0.364431,0.342106,0.407862,0.393719,0.380491,0.402515,0.397037,0.400503
4475,0.301325,0.332301,0.353306,0.364431,0.342106,0.407862,0.393719,0.380491,0.401789,0.397037,0.400503
4476,0.301325,0.332301,0.353306,0.364431,0.342106,0.407862,0.393719,0.380491,0.401789,0.397987,0.400503
4477,0.301325,0.332301,0.353306,0.364431,0.342106,0.407862,0.393719,0.380491,0.401789,0.397188,0.400503
4478,0.301325,0.332301,0.353306,0.364431,0.342106,0.408482,0.393719,0.380491,0.401789,0.397188,0.400503
4479,0.301325,0.332301,0.353306,0.364431,0.342106,0.407811,0.393719,0.380491,0.401789,0.397188,0.400503
4480,0.301325,0.332301,0.353306,0.364431,0.342106,0.407811,0.393719,0.380491,0.401789,0.397916,0.400503
4481,0.301325,0.332301,0.353306,0.364431,0.342106,0.407811,0.393719,0.380491,0.401789,0.39803,0.400503
4482,0.301325,0.332301,0.353306,0.364431,0.342106,0.407811,0.393719,0.380491,0.401789,0.398687,0.400503
4483,0.301325,0.332301,0.353306,0.364431,0.342106,0.407811,0.393719,0.380491,0.401789,0.399161,0.400503
4484,0.301325,0.332301,0.353306,0.364431,0.342106,0.407811,0.393719,0.380491,0.401789,0.398929,0.400503
4485,0.301325,0.332301,0.353306,0.364431,0.342106,0.407811,0.393719,0.380491,0.401789,0.398204,0.400503
4486,0.301325,0.332128,0.353306,0.364431,0.342106,0.407811,0.393719,0.380491,0.401789,0.398204,0.400503
4487,0.301325,0.332128,0.353306,0.364431,0.342106,0.407811,0.393719,0.380491,0.401789,0.398249,0.400503
4488,0.301325,0.332128,0.353306,0.364431,0.33976,0.407811,0.393719,0.380491,0.401789,0.398249,0.400503
4489,0.301325,0.332128,0.353306,0.364431,0.33976,0.407811,0.393719,0.380491,0.401789,0.398249,0.399895
4490,0.301325,0.332128,0.353306,0.364431,0.33976,0.407811,0.393719,0.380491,0.401789,0.397269,0.399895
4491,0.301325,0.332128,0.353306,0.364431,0.33976,0.407811,0.393466,0.380491,0.401789,0.397269,0.399895
4492,0.301325,0.332128,0.353306,0.364431,0.33976,0.409275,0.393466,0.380491,0.401789,0.397269,0.399895
4493,0.301325,0.332128,0.353306,0.364431,0.33976,0.408752,0.393466,0.380491,0.401789,0.397269,0.399895
4494,0.301325,0.332128,0.353306,0.364431,0.33976,0.40813,0.393466,0.380491,0.401789,0.397269,0.399895
4495,0.301325,0.332128,0.353306,0.364431,0.33976,0.40813,0.393466,0.379724,0.401789,0.397269,0.399895
4496,0.301325,0.332128,0.353306,0.364431,0.33976,0.408126,0.393466,0.379724,0.401789,0.397269,0.399895
4497,0.301325,0.332128,0.353306,0.364431,0.33976,0.408126,0.393466,0.379724,0.401028,0.397269,0.399895
4498,0.301325,0.332128,0.353306,0.364431,0.33976,0.407834,0.393466,0.379724,0.401028,0.397269,0.399895
4499,0.301325,0.332374,0.353306,0.364431,0.33976,0.407834,0.393466,0.379724,0.401028,0.397269,0.399895
4500,0.301325,0.332374,0.353306,0.363505,0.33976,0.407834,0.393466,0.379724,0.401028,0.397269,0.399895
4501,0.301325,0.332374,0.353306,0.363505,0.33976,0.407834,0.39293,0.379724,0.401028,0.397269,0.399895
4502,0.301325,0.331701,0.353306,0.363505,0.33976,0.407834,0.39293,0.379724,0.401028,0.397269,0.399895
4503,0.301325,0.331701,0.353306,0.363505,0.33976,0.407834,0.39293,0.379724,0.401028,0.397269,0.399081
4504,0.301325,0.331701,0.353306,0.363505,0.33976,0.407553,0.39293,0.379724,0.401028,0.397269,0.399081
4505,0.301325,0.331701,0.352919,0.363505,0.33976,0.407553,0.39293,0.379724,0.401028,0.397269,0.399081
4506,0.299795,0.331701,0.352919,0.363505,0.33976,0.407553,0.39293,0.379724,0.401028,0.397269,0.399081
4507,0.299795,0.331701,0.352919,0.363505,0.33976,0.407553,0.39293,0.379061,0.401028,0.397269,0.399081
4508,0.299795,0.331701,0.352919,0.363505,0.33976,0.407553,0.39293,0.379061,0.401028,0.397842,0.399081
4509,0.299795,0.331701,0.352919,0.363505,0.33976,0.407553,0.39293,0.379061,0.401028,0.398016,0.399081
4510,0.299795,0.331701,0.352919,0.363505,0.33976,0.407553,0.39293,0.379061,0.401028,0.398264,0.399081
4511,0.299795,0.331701,0.352919,0.363505,0.33976,0.407553,0.39293,0.379061,0.401028,0.397716,0.399081
4512,0.299795,0.331701,0.352919,0.363505,0.33976,0.407553,0.393214,0.379061,0.401028,0.397716,0.399081
4513,0.299795,0.331701,0.352919,0.363505,0.33976,0.407553,0.393586,0.379061,0.401028,0.397716,0.399081
4514,0.299795,0.331701,0.352919,0.363505,0.33976,0.407553,0.394602,0.379061,0.401028,0.397716,0.399081
4515,0.299795,0.331701,0.352919,0.363505,0.33976,0.407553,0.393793,0.379061,0.401028,0.397716,0.399081
4516,0.299795,0.331701,0.352919,0.363505,0.33976,0.407553,0.395362,0.379061,0.401028,0.397716,0.399081
4517,0.299795,0.331701,0.352919,0.363505,0.33976,0.407553,0.395741,0.379061,0.401028,0.397716,0.399081
4518,0.299795,0.331701,0.352919,0.363505,0.33976,0.407553,0.395532,0.379061,0.401028,0.397716,0.399081
4519,0.299795,0.331701,0.352919,0.363505,0.33976,0.407553,0.395481,0.379061,0.401028,0.397716,0.399081
4520,0.299795,0.331701,0.352919,0.363505,0.33976,0.407553,0.394682,0.379061,0.401028,0.397716,0.399081
4521,0.299795,0.331701,0.352919,0.363505,0.33976,0.407553,0.394017,0.379061,0.401028,0.397716,0.399081
4522,0.299795,0.331701,0.352919,0.363505,0.33976,0.407553,0.394017,0.379061,0.40027,0.397716,0.399081
4523,0.299795,0.331701,0.352919,0.363505,0.33976,0.408529,0.394017,0.379061,0.40027,0.397716,0.399081
4524,0.299795,0.331701,0.352919,0.363505,0.33976,0.408939,0.394017,0.379061,0.40027,0.397716,0.399081
4525,0.299795,0.331701,0.352919,0.363505,0.33976,0.409877,0.394017,0.379061,0.40027,0.397716,0.399081
4526,0.299795,0.331701,0.352919,0.363505,0.33976,0.411085,0.394017,0.379061,0.40027,0.397716,0.399081
4527,0.299795,0.331701,0.352919,0.363505,0.33976,0.41191,0.394017,0.379061,0.40027,0.397716,0.399081
4528,0.299795,0.331701,0.352919,0.363505,0.33976,0.411318,0.394017,0.379061,0.40027,0.397716,0.399081
4529,0.299795,0.331701,0.352919,0.363505,0.33976,0.410715,0.394017,0.379061,0.40027,0.397716,0.399081
4530,0.299795,0.331701,0.352919,0.363505,0.33976,0.410401,0.394017,0.379061,0.40027,0.397716,0.399081
4531,0.299795,0.331701,0.352919,0.363505,0.33976,0.411045,0.394017,0.379061,0.40027,0.397716,0.399081
4532,0.299795,0.331701,0.352919,0.363505,0.33976,0.410335,0.394017,0.379061,0.40027,0.397716,0.399081
4533,0.299795,0.331701,0.352919,0.363505,0.33976,0.409915,0.394017,0.379061,0.40027,0.397716,0.399081
4534,0.299795,0.331701,0.352919,0.363505,0.33976,0.409624,0.394017,0.379061,0.40027,0.397716,0.399081
4535,0.299795,0.331701,0.352919,0.363505,0.33976,0.409974,0.394017,0.379061,0.40027,0.397716,0.399081
4536,0.299795,0.331701,0.352919,0.363505,0.33976,0.409821,0.394017,0.379061,0.40027,0.397716,0.399081
4537,0.299795,0.331701,0.352919,0.363505,0.33976,0.409699,0.394017,0.379061,0.40027,0.397716,0.399081
4538,0.299795,0.331701,0.352919,0.363505,0.33976,0.410915,0.394017,0.379061,0.40027,0.397716,0.399081
4539,0.299795,0.331701,0.352919,0.363505,0.33976,0.410277,0.394017,0.379061,0.40027,0.397716,0.399081
4540,0.299795,0.331701,0.352919,0.363505,0.33976,0.409578,0.394017,0.379061,0.40027,0.397716,0.399081
4541,0.299795,0.331701,0.352919,0.363505,0.33976,0.409578,0.394017,0.379061,0.40027,0.39807,0.399081
4542,0.299795,0.331701,0.352919,0.363505,0.33976,0.409578,0.394017,0.379061,0.40027,0.397553,0.399081
4543,0.299795,0.331701,0.352919,0.363505,0.33976,0.409578,0.394017,0.379061,0.40027,0.397553,0.398313
4544,0.299795,0.331701,0.352919,0.362493,0.33976,0.409578,0.394017,0.379061,0.40027,0.397553,0.398313
4545,0.299795,0.333546,0.352919,0.362493,0.33976,0.409578,0.394017,0.379061,0.40027,0.397553,0.398313
4546,0.299795,0.33294,0.352919,0.362493,0.33976,0.409578,0.394017,0.379061,0.40027,0.397553,0.398313
4547,0.299795,0.331742,0.352919,0.362493,0.33976,0.409578,0.394017,0.379061,0.40027,0.397553,0.398313
4548,0.299795,0.331742,0.352713,0.362493,0.33976,0.409578,0.394017,0.379061,0.40027,0.397553,0.398313
4549,0.299795,0.331742,0.352713,0.362493,0.33976,0.410971,0.394017,0.379061,0.40027,0.397553,0.398313
4550,0.299795,0.331742,0.352713,0.362493,0.33976,0.411877,0.394017,0.379061,0.40027,0.397553,0.398313
4551,0.299795,0.331742,0.352713,0.362493,0.33976,0.412555,0.394017,0.379061,0.40027,0.397553,0.398313
4552,0.299795,0.331742,0.352713,0.362493,0.33976,0.413298,0.394017,0.379061,0.40027,0.397553,0.398313
4553,0.299795,0.331742,0.352713,0.362493,0.33976,0.4126,0.394017,0.379061,0.40027,0.397553,0.398313
4554,0.299795,0.331742,0.352713,0.362493,0.33976,0.414497,0.394017,0.379061,0.40027,0.397553,0.398313
4555,0.299795,0.331742,0.352713,0.362493,0.33976,0.414193,0.394017,0.379061,0.40027,0.397553,0.398313
4556,0.299795,0.331742,0.352713,0.362493,0.33976,0.414115,0.394017,0.379061,0.40027,0.397553,0.398313
4557,0.299795,0.331742,0.352713,0.362493,0.33976,0.413585,0.394017,0.379061,0.40027,0.397553,0.398313
4558,0.299795,0.331742,0.352713,0.362493,0.33976,0.414381,0.394017,0.379061,0.40027,0.397553,0.398313
4559,0.299795,0.331742,0.352713,0.362493,0.33976,0.414347,0.394017,0.379061,0.40027,0.397553,0.398313
4560,0.299795,0.331742,0.352713,0.362493,0.33976,0.413545,0.394017,0.379061,0.40027,0.397553,0.398313
4561,0.299795,0.331742,0.352713,0.362493,0.33976,0.414555,0.394017,0.379061,0.40027,0.397553,0.398313
4562,0.299795,0.331742,0.352713,0.362493,0.33976,0.413884,0.394017,0.379061,0.40027,0.397553,0.398313
4563,0.299795,0.331742,0.352713,0.362493,0.33976,0.413197,0.394017,0.379061,0.40027,0.397553,0.398313
4564,0.299795,0.331742,0.352713,0.362493,0.33976,0.413353,0.394017,0.379061,0.40027,0.397553,0.398313
4565,0.299795,0.331742,0.352713,0.362493,0.33976,0.412669,0.394017,0.379061,0.40027,0.397553,0.398313
4566,0.299795,0.331742,0.352713,0.362493,0.33976,0.413116,0.394017,0.379061,0.40027,0.397553,0.398313
4567,0.299795,0.331742,0.352713,0.362493,0.33976,0.412469,0.394017,0.379061,0.40027,0.397553,0.398313
4568,0.299795,0.331742,0.352713,0.362493,0.33976,0.413513,0.394017,0.379061,0.40027,0.397553,0.398313
4569,0.299795,0.331742,0.352713,0.362493,0.33976,0.413219,0.394017,0.379061,0.40027,0.397553,0.398313
4570,0.299795,0.331742,0.352713,0.362493,0.33976,0.413724,0.394017,0.379061,0.40027,0.397553,0.398313
4571,0.299795,0.331742,0.352713,0.362493,0.33976,0.413995,0.394017,0.379061,0.40027,0.397553,0.398313
4572,0.299795,0.331742,0.352713,0.362493,0.33976,0.415724,0.394017,0.379061,0.40027,0.397553,0.398313
4573,0.299795,0.331742,0.352713,0.362493,0.33976,0.415822,0.394017,0.379061,0.40027,0.397553,0.398313
4574,0.299795,0.331742,0.352713,0.362493,0.33976,0.416994,0.394017,0.379061,0.40027,0.397553,0.398313
4575,0.299795,0.331742,0.352713,0.362493,0.33976,0.416314,0.394017,0.379061,0.40027,0.397553,0.398313
4576,0.299795,0.331742,0.352713,0.362493,0.33976,0.415637,0.394017,0.379061,0.40027,0.397553,0.398313
4577,0.299795,0.331742,0.352713,0.362493,0.33976,0.41553,0.394017,0.379061,0.40027,0.397553,0.398313
4578,0.299795,0.331742,0.352713,0.362493,0.33976,0.414858,0.394017,0.379061,0.40027,0.397553,0.398313
4579,0.299795,0.331742,0.352713,0.362493,0.33976,0.414138,0.394017,0.379061,0.40027,0.397553,0.398313
4580,0.299795,0.331742,0.352713,0.362493,0.33976,0.414877,0.394017,0.379061,0.40027,0.397553,0.398313
4581,0.299795,0.331742,0.352713,0.362493,0.33976,0.415137,0.394017,0.379061,0.40027,0.397553,0.398313
4582,0.299795,0.331742,0.352713,0.362493,0.33976,0.41474,0.394017,0.379061,0.40027,0.397553,0.398313
4583,0.299795,0.331742,0.352713,0.362493,0.33976,0.414103,0.394017,0.379061,0.40027,0.397553,0.398313
4584,0.299795,0.331742,0.352713,0.362493,0.33976,0.414103,0.394017,0.379061,0.40027,0.398101,0.398313
4585,0.299795,0.331742,0.352713,0.362493,0.33976,0.414103,0.394017,0.379061,0.40027,0.397816,0.398313
4586,0.299795,0.331742,0.352713,0.362493,0.33976,0.414103,0.393989,0.379061,0.40027,0.397816,0.398313
4587,0.299795,0.331742,0.352713,0.362493,0.33976,0.414103,0.393989,0.378821,0.40027,0.397816,0.398313
4588,0.299795,0.331742,0.352713,0.362493,0.33976,0.414103,0.393989,0.378821,0.40027,0.397186,0.398313
4589,0.299795,0.331742,0.352713,0.362493,0.33976,0.414103,0.393989,0.378821,0.399515,0.397186,0.398313
4590,0.299795,0.331742,0.351692,0.362493,0.33976,0.414103,0.393989,0.378821,0.399515,0.397186,0.398313
4591,0.299795,0.331742,0.351692,0.362493,0.33976,0.41474,0.393989,0.378821,0.399515,0.397186,0.398313
4592,0.299795,0.331742,0.351692,0.362493,0.33976,0.415519,0.393989,0.378821,0.399515,0.397186,0.398313
4593,0.299795,0.331742,0.351692,0.362493,0.33976,0.416435,0.393989,0.378821,0.399515,0.397186,0.398313
4594,0.299795,0.331742,0.351692,0.362493,0.33976,0.418103,0.393989,0.378821,0.399515,0.397186,0.398313
4595,0.299795,0.331742,0.351692,0.362493,0.33976,0.417498,0.393989,0.378821,0.399515,0.397186,0.398313
4596,0.299795,0.331742,0.351692,0.362493,0.33976,0.417392,0.393989,0.378821,0.399515,0.397186,0.398313
4597,0.299795,0.331742,0.351692,0.362493,0.33976,0.417243,0.393989,0.378821,0.399515,0.397186,0.398313
4598,0.299795,0.331742,0.351692,0.362493,0.33976,0.417427,0.393989,0.378821,0.399515,0.397186,0.398313
4599,0.299795,0.331742,0.351692,0.362493,0.33976,0.417144,0.393989,0.378821,0.399515,0.397186,0.398313
4600,0.299795,0.331742,0.351692,0.362493,0.33976,0.416676,0.393989,0.378821,0.399515,0.397186,0.398313
4601,0.299795,0.331742,0.351692,0.362493,0.33976,0.418083,0.393989,0.378821,0.399515,0.397186,0.398313
4602,0.299795,0.331742,0.351692,0.362493,0.33976,0.418186,0.393989,0.378821,0.399515,0.397186,0.398313
4603,0.299795,0.331742,0.351692,0.362493,0.33976,0.417611,0.393989,0.378821,0.399515,0.397186,0.398313
4604,0.299795,0.331742,0.351692,0.362493,0.33976,0.416954,0.393989,0.378821,0.399515,0.397186,0.398313
4605,0.299795,0.331742,0.351692,0.362493,0.33976,0.416483,0.393989,0.378821,0.399515,0.397186,0.398313
4606,0.299795,0.331742,0.351692,0.362493,0.33976,0.417574,0.393989,0.378821,0.399515,0.397186,0.398313
4607,0.299795,0.331742,0.351692,0.362493,0.33976,0.418097,0.393989,0.378821,0.399515,0.397186,0.398313
4608,0.299795,0.331742,0.351692,0.362493,0.33976,0.418461,0.393989,0.378821,0.399515,0.397186,0.398313
4609,0.299795,0.331742,0.351692,0.362493,0.33976,0.41979,0.393989,0.378821,0.399515,0.397186,0.398313
4610,0.299795,0.331742,0.351692,0.362493,0.33976,0.419948,0.393989,0.378821,0.399515,0.397186,0.398313
4611,0.299795,0.331742,0.351692,0.362493,0.33976,0.419692,0.393989,0.378821,0.399515,0.397186,0.398313
4612,0.299795,0.331742,0.351692,0.362493,0.33976,0.419018,0.393989,0.378821,0.399515,0.397186,0.398313
4613,0.299795,0.331742,0.351692,0.362493,0.33976,0.419141,0.393989,0.378821,0.399515,0.397186,0.398313
4614,0.299795,0.331742,0.351692,0.362493,0.33976,0.418657,0.393989,0.378821,0.399515,0.397186,0.398313
4615,0.299795,0.331742,0.351692,0.362493,0.33976,0.419634,0.393989,0.378821,0.399515,0.397186,0.398313
4616,0.299795,0.331742,0.351692,0.362493,0.33976,0.419285,0.393989,0.378821,0.399515,0.397186,0.398313
4617,0.299795,0.331742,0.351692,0.362493,0.33976,0.420283,0.393989,0.378821,0.399515,0.397186,0.398313
4618,0.299795,0.331742,0.351692,0.362493,0.33976,0.420509,0.393989,0.378821,0.399515,0.397186,0.398313
4619,0.299795,0.331742,0.351692,0.362493,0.33976,0.420591,0.393989,0.378821,0.399515,0.397186,0.398313
4620,0.299795,0.331742,0.351692,0.362493,0.33976,0.420626,0.393989,0.378821,0.399515,0.397186,0.398313
4621,0.299795,0.331742,0.351692,0.362493,0.33976,0.419982,0.393989,0.378821,0.399515,0.397186,0.398313
4622,0.299795,0.331742,0.351692,0.362493,0.33976,0.41934,0.393989,0.378821,0.399515,0.397186,0.398313
4623,0.299795,0.331742,0.351692,0.362493,0.33976,0.4187,0.393989,0.378821,0.399515,0.397186,0.398313
4624,0.299795,0.331742,0.351692,0.362493,0.33976,0.419074,0.393989,0.378821,0.399515,0.397186,0.398313
4625,0.299795,0.331742,0.351692,0.362493,0.33976,0.418436,0.393989,0.378821,0.399515,0.397186,0.398313
4626,0.299795,0.331742,0.351692,0.362493,0.33976,0.418436,0.393641,0.378821,0.399515,0.397186,0.398313
4627,0.299795,0.331742,0.351692,0.362493,0.33976,0.417814,0.393641,0.378821,0.399515,0.397186,0.398313
4628,0.299795,0.331742,0.351692,0.362493,0.33976,0.417814,0.393641,0.377927,0.399515,0.397186,0.398313
4629,0.299795,0.331742,0.351692,0.362493,0.341269,0.417814,0.393641,0.377927,0.399515,0.397186,0.398313
4630,0.299795,0.331742,0.351692,0.362493,0.341231,0.417814,0.393641,0.377927,0.399515,0.397186,0.398313
4631,0.299795,0.331742,0.351692,0.362493,0.34009,0.417814,0.393641,0.377927,0.399515,0.397186,0.398313
4632,0.299795,0.331742,0.351692,0.362493,0.34009,0.417814,0.393641,0.377927,0.399515,0.397186,0.399676
4633,0.299795,0.331742,0.351692,0.362493,0.34009,0.417814,0.393641,0.377927,0.399515,0.397186,0.39902
4634,0.299795,0.331742,0.351692,0.362493,0.34009,0.417814,0.393641,0.377927,0.399515,0.397186,0.398257
4635,0.299795,0.331742,0.351692,0.362493,0.34009,0.417814,0.394663,0.377927,0.399515,0.397186,0.398257
4636,0.299795,0.331742,0.351692,0.362493,0.34009,0.417814,0.395289,0.377927,0.399515,0.397186,0.398257
4637,0.299795,0.331742,0.351692,0.362493,0.34009,0.417814,0.394587,0.377927,0.399515,0.397186,0.398257
4638,0.299795,0.331742,0.351692,0.362493,0.34009,0.417814,0.393954,0.377927,0.399515,0.397186,0.398257
4639,0.299795,0.331742,0.351692,0.362493,0.34009,0.417814,0.393954,0.377927,0.399515,0.396416,0.398257
4640,0.299795,0.330824,0.351692,0.362493,0.34009,0.417814,0.393954,0.377927,0.399515,0.396416,0.398257
4641,0.299795,0.330824,0.351692,0.361835,0.34009,0.417814,0.393954,0.377927,0.399515,0.396416,0.398257
4642,0.298504,0.330824,0.351692,0.361835,0.34009,0.417814,0.393954,0.377927,0.399515,0.396416,0.398257
4643,0.298504,0.330824,0.351692,0.361835,0.34009,0.41718,0.393954,0.377927,0.399515,0.396416,0.398257
4644,0.298504,0.330824,0.351692,0.361835,0.34009,0.41718,0.393954,0.377927,0.3992,0.396416,0.398257
4645,0.298504,0.330824,0.351692,0.361835,0.34009,0.41718,0.393954,0.377927,0.3992,0.396416,0.39812
4646,0.298504,0.330824,0.351692,0.361835,0.34009,0.41718,0.394812,0.377927,0.3992,0.396416,0.39812
4647,0.298504,0.330824,0.351692,0.361835,0.34009,0.41718,0.394894,0.377927,0.3992,0.396416,0.39812
4648,0.298504,0.330824,0.351692,0.361835,0.34009,0.41718,0.395271,0.377927,0.3992,0.396416,0.39812
4649,0.298504,0.330824,0.351692,0.361835,0.34009,0.41718,0.394032,0.377927,0.3992,0.396416,0.39812
4650,0.298504,0.330824,0.351692,0.361835,0.338956,0.41718,0.394032,0.377927,0.3992,0.396416,0.39812
4651,0.298504,0.330824,0.351692,0.361835,0.338956,0.41718,0.394032,0.377927,0.3992,0.396416,0.399214
4652,0.298504,0.330824,0.351692,0.361835,0.338956,0.41718,0.394032,0.377927,0.3992,0.396416,0.398533
4653,0.298504,0.330824,0.351692,0.361835,0.338956,0.41718,0.394032,0.377927,0.3992,0.396416,0.398398
4654,0.298504,0.330824,0.35189,0.361835,0.338956,0.41718,0.394032,0.377927,0.3992,0.396416,0.398398
4655,0.298504,0.330824,0.35189,0.361835,0.338956,0.41718,0.394032,0.377927,0.398524,0.396416,0.398398
4656,0.298504,0.330824,0.35189,0.361835,0.338956,0.41718,0.394032,0.377029,0.398524,0.396416,0.398398
4657,0.298504,0.330824,0.351937,0.361835,0.338956,0.41718,0.394032,0.377029,0.398524,0.396416,0.398398
4658,0.298504,0.330824,0.351937,0.361835,0.338956,0.41718,0.394032,0.377029,0.398524,0.396416,0.397851
4659,0.298504,0.330824,0.351937,0.361835,0.338956,0.41718,0.394032,0.377029,0.398524,0.395785,0.397851
4660,0.298504,0.330824,0.351937,0.361835,0.338956,0.41718,0.395445,0.377029,0.398524,0.395785,0.397851
4661,0.298504,0.330824,0.351937,0.361835,0.338956,0.41718,0.394662,0.377029,0.398524,0.395785,0.397851
4662,0.298504,0.330824,0.351937,0.361835,0.338956,0.41718,0.394915,0.377029,0.398524,0.395785,0.397851
4663,0.298504,0.330824,0.351937,0.361835,0.338956,0.41718,0.396377,0.377029,0.398524,0.395785,0.397851
4664,0.298504,0.330824,0.351937,0.361835,0.338956,0.41718,0.395914,0.377029,0.398524,0.395785,0.397851
4665,0.298504,0.330824,0.351937,0.361835,0.338956,0.41718,0.395252,0.377029,0.398524,0.395785,0.397851
4666,0.298504,0.330824,0.351937,0.361835,0.338956,0.41718,0.394913,0.377029,0.398524,0.395785,0.397851
4667,0.298504,0.330824,0.351937,0.361835,0.338956,0.416548,0.394913,0.377029,0.398524,0.395785,0.397851
4668,0.298504,0.330824,0.351937,0.365485,0.338956,0.416548,0.394913,0.377029,0.398524,0.395785,0.397851
4669,0.298504,0.330824,0.351937,0.364659,0.338956,0.416548,0.394913,0.377029,0.398524,0.395785,0.397851
4670,0.298504,0.330824,0.351937,0.364658,0.338956,0.416548,0.394913,0.377029,0.398524,0.395785,0.397851
4671,0.298504,0.330824,0.351937,0.365396,0.338956,0.416548,0.394913,0.377029,0.398524,0.395785,0.397851
4672,0.298504,0.330824,0.351937,0.365652,0.338956,0.416548,0.394913,0.377029,0.398524,0.395785,0.397851
4673,0.298504,0.330824,0.351937,0.367279,0.338956,0.416548,0.394913,0.377029,0.398524,0.395785,0.397851
4674,0.298504,0.330824,0.351937,0.36657,0.338956,0.416548,0.394913,0.377029,0.398524,0.395785,0.397851
4675,0.298504,0.330824,0.351937,0.366008,0.338956,0.416548,0.394913,0.377029,0.398524,0.395785,0.397851
4676,0.298504,0.330824,0.351937,0.365213,0.338956,0.416548,0.394913,0.377029,0.398524,0.395785,0.397851
4677,0.298504,0.330824,0.351937,0.367001,0.338956,0.416548,0.394913,0.377029,0.398524,0.395785,0.397851
4678,0.298504,0.330824,0.351937,0.366023,0.338956,0.416548,0.394913,0.377029,0.398524,0.395785,0.397851
4679,0.298504,0.330824,0.351937,0.365049,0.338956,0.416548,0.394913,0.377029,0.398524,0.395785,0.397851
4680,0.298504,0.330824,0.351414,0.365049,0.338956,0.416548,0.394913,0.377029,0.398524,0.395785,0.397851
4681,0.298504,0.330824,0.351414,0.365049,0.338956,0.416548,0.394913,0.377029,0.398524,0.395785,0.397851
4682,0.298504,0.330824,0.351414,0.365049,0.338956,0.416548,0.394296,0.377029,0.398524,0.395785,0.397851
4683,0.298504,0.329642,0.351414,0.365049,0.338956,0.416548,0.394296,0.377029,0.398524,0.395785,0.397851
4684,0.298504,0.329642,0.351414,0.365595,0.338956,0.416548,0.394296,0.377029,0.398524,0.395785,0.397851
4685,0.298504,0.329642,0.351414,0.367786,0.338956,0.416548,0.394296,0.377029,0.398524,0.395785,0.397851
4686,0.298504,0.329642,0.351414,0.366955,0.338956,0.416548,0.394296,0.377029,0.398524,0.395785,0.397851
4687,0.298504,0.329642,0.351414,0.366018,0.338956,0.416548,0.394296,0.377029,0.398524,0.395785,0.397851
4688,0.298504,0.329642,0.351414,0.366018,0.338956,0.416548,0.394296,0.377029,0.398524,0.395785,0.398063
4689,0.298504,0.329642,0.351414,0.366018,0.338956,0.416548,0.394296,0.377029,0.398524,0.395785,0.398207
4690,0.298504,0.329642,0.351414,0.366018,0.338956,0.416548,0.394296,0.377029,0.398524,0.395785,0.398121
4691,0.298504,0.329642,0.351414,0.366018,0.338956,0.416548,0.394296,0.377029,0.398351,0.395785,0.398121
4692,0.298504,0.329642,0.351414,0.366659,0.338956,0.416548,0.394296,0.377029,0.398351,0.395785,0.398121
4693,0.298504,0.329642,0.351414,0.365728,0.338956,0.416548,0.394296,0.377029,0.398351,0.395785,0.398121
4694,0.298504,0.329642,0.351414,0.365728,0.338956,0.416548,0.394296,0.377029,0.398351,0.39585,0.398121
4695,0.298504,0.329642,0.351414,0.365728,0.338956,0.416783,0.394296,0.377029,0.398351,0.39585,0.398121
4696,0.298504,0.329642,0.351414,0.365728,0.338956,0.416369,0.394296,0.377029,0.398351,0.39585,0.398121
4697,0.298504,0.329642,0.351414,0.365728,0.338956,0.416369,0.394296,0.377029,0.398351,0.39585,0.399755
4698,0.298504,0.329642,0.351414,0.365728,0.338956,0.416369,0.394296,0.377029,0.398351,0.39585,0.400344
4699,0.298504,0.329642,0.351414,0.365728,0.338956,0.416369,0.394296,0.377029,0.398351,0.39585,0.401088
4700,0.298504,0.329642,0.351414,0.365728,0.338956,0.416369,0.394296,0.377029,0.398351,0.39585,0.402114
4701,0.298504,0.329642,0.351414,0.365728,0.338956,0.416369,0.394296,0.377029,0.398351,0.39585,0.40376
4702,0.298504,0.329642,0.351414,0.365728,0.338956,0.416369,0.394296,0.377029,0.398351,0.39585,0.403865
4703,0.298504,0.329642,0.351414,0.365728,0.338956,0.416369,0.394296,0.377029,0.398351,0.39585,0.40481
4704,0.298504,0.329642,0.351414,0.365728,0.338956,0.416369,0.394296,0.377029,0.398351,0.39585,0.40381
4705,0.298504,0.329642,0.351414,0.365728,0.338956,0.416369,0.394296,0.377029,0.398351,0.39585,0.403674
4706,0.298504,0.329642,0.351414,0.365728,0.338956,0.416369,0.394296,0.377029,0.398351,0.39585,0.403965
4707,0.298504,0.329642,0.351414,0.365728,0.338956,0.416369,0.394296,0.377029,0.398351,0.39585,0.403642
4708,0.298504,0.329642,0.351414,0.365728,0.338956,0.416369,0.394296,0.377029,0.398351,0.39585,0.40377
4709,0.298504,0.329642,0.351414,0.365728,0.338956,0.416369,0.394296,0.377029,0.398351,0.39585,0.403286
4710,0.298504,0.329642,0.351414,0.365728,0.338956,0.416369,0.394296,0.377029,0.398351,0.39585,0.402843
4711,0.298504,0.329642,0.351414,0.365728,0.338956,0.416369,0.394296,0.377029,0.398351,0.39585,0.402129
4712,0.298504,0.329642,0.351414,0.365728,0.338956,0.416369,0.394296,0.377029,0.398351,0.39585,0.401456
4713,0.298504,0.329642,0.351414,0.365728,0.338956,0.416369,0.394296,0.377029,0.398351,0.39585,0.401738
4714,0.298504,0.329642,0.351414,0.365728,0.338956,0.416369,0.394296,0.377029,0.398351,0.39585,0.402825
4715,0.298504,0.329642,0.351414,0.365728,0.338956,0.416369,0.394296,0.377029,0.398351,0.39585,0.403368
4716,0.298504,0.329642,0.351414,0.365728,0.338956,0.416369,0.394296,0.377029,0.398351,0.39585,0.404626
4717,0.298504,0.329642,0.351414,0.365728,0.338956,0.416369,0.394296,0.377029,0.398351,0.39585,0.404852
4718,0.298504,0.329642,0.351414,0.365728,0.338956,0.416369,0.394296,0.377029,0.398351,0.39585,0.40651
4719,0.298504,0.329642,0.351414,0.365728,0.338956,0.416369,0.394296,0.377029,0.398351,0.39585,0.405956
4720,0.298504,0.329642,0.351414,0.365728,0.338956,0.416369,0.394296,0.377029,0.398351,0.39585,0.407802
4721,0.298504,0.329642,0.351414,0.365728,0.338956,0.416369,0.394296,0.377029,0.398351,0.39585,0.40953
4722,0.298504,0.329642,0.351414,0.365728,0.338956,0.416369,0.394296,0.377029,0.398351,0.39585,0.409112
4723,0.298504,0.329642,0.351414,0.365728,0.338956,0.416369,0.394296,0.377029,0.398351,0.39585,0.408436
4724,0.298504,0.329642,0.351414,0.365728,0.338956,0.416369,0.394296,0.377029,0.398351,0.39585,0.407964
4725,0.298504,0.329642,0.351414,0.365728,0.338956,0.416369,0.394296,0.377029,0.398351,0.39585,0.407799
4726,0.298504,0.329642,0.351414,0.365728,0.338956,0.416369,0.394296,0.377029,0.398351,0.39585,0.407896
4727,0.298504,0.329642,0.351414,0.365728,0.338956,0.416369,0.394296,0.377029,0.398351,0.39585,0.407225
4728,0.298504,0.329642,0.351414,0.365728,0.338956,0.416369,0.394296,0.377029,0.398351,0.39585,0.407441
4729,0.298504,0.329642,0.351414,0.365728,0.338956,0.416369,0.394296,0.377029,0.398351,0.39585,0.406757
4730,0.298504,0.329642,0.351414,0.365728,0.338956,0.416369,0.394296,0.377029,0.398351,0.39585,0.406925
4731,0.298504,0.329642,0.351414,0.365728,0.338956,0.416369,0.394296,0.377029,0.398351,0.39585,0.406234
4732,0.298504,0.329642,0.351414,0.365728,0.338956,0.416369,0.394296,0.377029,0.398351,0.39585,0.405517
4733,0.298504,0.329642,0.351414,0.365728,0.338956,0.416369,0.394296,0.377029,0.398351,0.39585,0.405941
4734,0.298504,0.329642,0.351414,0.365728,0.338956,0.416369,0.394296,0.377029,0.398351,0.39585,0.406162
4735,0.298504,0.329642,0.351414,0.365728,0.338956,0.416369,0.394296,0.377029,0.398351,0.39585,0.405449
4736,0.298504,0.329642,0.351414,0.365728,0.338956,0.416369,0.394296,0.377029,0.398351,0.39585,0.404372
4737,0.298504,0.329642,0.351414,0.365728,0.338956,0.416369,0.394296,0.377029,0.398351,0.395182,0.404372
4738,0.298504,0.329642,0.351414,0.365728,0.338956,0.416369,0.394296,0.378713,0.398351,0.395182,0.404372
4739,0.298504,0.329642,0.351414,0.365728,0.338956,0.416369,0.394296,0.379021,0.398351,0.395182,0.404372
4740,0.298504,0.329642,0.351414,0.365728,0.338956,0.416369,0.394296,0.377945,0.398351,0.395182,0.404372
4741,0.298504,0.329642,0.351414,0.365728,0.338956,0.416369,0.394296,0.378904,0.398351,0.395182,0.404372
4742,0.298504,0.329642,0.351414,0.365728,0.338956,0.416369,0.394296,0.378045,0.398351,0.395182,0.404372
4743,0.298504,0.329642,0.351414,0.365728,0.338956,0.416369,0.394296,0.378045,0.397991,0.395182,0.404372
4744,0.298504,0.329642,0.351414,0.365728,0.338956,0.416369,0.394296,0.378045,0.397991,0.395182,0.405879
4745,0.298504,0.329642,0.351414,0.365728,0.338956,0.416369,0.394296,0.378045,0.397991,0.395182,0.405824
4746,0.298504,0.329642,0.351414,0.365728,0.338956,0.416369,0.394296,0.378045,0.397991,0.395182,0.405776
4747,0.298504,0.329642,0.351414,0.365728,0.338956,0.416369,0.394296,0.378045,0.397991,0.395182,0.405681
4748,0.298504,0.329642,0.351414,0.365728,0.338956,0.416369,0.394296,0.378045,0.397991,0.395182,0.40504
4749,0.298504,0.329642,0.350848,0.365728,0.338956,0.416369,0.394296,0.378045,0.397991,0.395182,0.40504
4750,0.29811,0.329642,0.350848,0.365728,0.338956,0.416369,0.394296,0.378045,0.397991,0.395182,0.40504
4751,0.29811,0.329642,0.350848,0.365728,0.338242,0.416369,0.394296,0.378045,0.397991,0.395182,0.40504
4752,0.29811,0.329642,0.350848,0.365728,0.338242,0.416369,0.394296,0.378045,0.397991,0.395182,0.404335
4753,0.29811,0.329642,0.350848,0.365728,0.338242,0.416369,0.394296,0.377792,0.397991,0.395182,0.404335
4754,0.29811,0.329642,0.350848,0.365728,0.338242,0.416369,0.393691,0.377792,0.397991,0.395182,0.404335
4755,0.29811,0.329642,0.350848,0.365728,0.338242,0.416182,0.393691,0.377792,0.397991,0.395182,0.404335
4756,0.29811,0.329642,0.350848,0.365728,0.338242,0.416182,0.393691,0.377792,0.398901,0.395182,0.404335
4757,0.29811,0.329642,0.350848,0.365728,0.338242,0.416182,0.393691,0.377792,0.398157,0.395182,0.404335
4758,0.29811,0.329642,0.350848,0.365728,0.338242,0.416182,0.393691,0.37771,0.398157,0.395182,0.404335
4759,0.29811,0.329642,0.350848,0.366531,0.338242,0.416182,0.393691,0.37771,0.398157,0.395182,0.404335
4760,0.29811,0.329642,0.350848,0.368673,0.338242,0.416182,0.393691,0.37771,0.398157,0.395182,0.404335
4761,0.29811,0.329642,0.350848,0.367962,0.338242,0.416182,0.393691,0.37771,0.398157,0.395182,0.404335
4762,0.29811,0.329642,0.350848,0.367134,0.338242,0.416182,0.393691,0.37771,0.398157,0.395182,0.404335
4763,0.29811,0.329642,0.350848,0.367058,0.338242,0.416182,0.393691,0.37771,0.398157,0.395182,0.404335
4764,0.29811,0.329642,0.350848,0.367058,0.338242,0.417144,0.393691,0.37771,0.398157,0.395182,0.404335
4765,0.29811,0.329642,0.350848,0.367058,0.338242,0.416775,0.393691,0.37771,0.398157,0.395182,0.404335
4766,0.29811,0.329642,0.350848,0.367058,0.338242,0.416149,0.393691,0.37771,0.398157,0.395182,0.404335
4767,0.29811,0.329642,0.350848,0.367718,0.338242,0.416149,0.393691,0.37771,0.398157,0.395182,0.404335
4768,0.29811,0.329642,0.350848,0.366775,0.338242,0.416149,0.393691,0.37771,0.398157,0.395182,0.404335
4769,0.29811,0.329642,0.350848,0.366775,0.338242,0.416149,0.393691,0.37771,0.399723,0.395182,0.404335
4770,0.29811,0.329642,0.350848,0.366775,0.338242,0.416149,0.393691,0.37771,0.399102,0.395182,0.404335
4771,0.29811,0.329642,0.350848,0.366775,0.338242,0.416149,0.393691,0.37771,0.399283,0.395182,0.404335
4772,0.29811,0.329642,0.350848,0.366775,0.338242,0.416149,0.393691,0.37771,0.398691,0.395182,0.404335
4773,0.29811,0.329642,0.350848,0.366775,0.338242,0.416149,0.393691,0.37771,0.398691,0.394793,0.404335
4774,0.29811,0.329642,0.350848,0.366775,0.338242,0.416149,0.393691,0.37771,0.398026,0.394793,0.404335
4775,0.29811,0.329642,0.350848,0.366775,0.338242,0.416149,0.393691,0.377341,0.398026,0.394793,0.404335
4776,0.29811,0.329642,0.350074,0.366775,0.338242,0.416149,0.393691,0.377341,0.398026,0.394793,0.404335
4777,0.29811,0.329642,0.350074,0.366775,0.338242,0.416149,0.393691,0.377341,0.398026,0.394793,0.406028
4778,0.29811,0.329642,0.350074,0.366775,0.338242,0.416149,0.393691,0.377341,0.398026,0.394793,0.406062
4779,0.29811,0.329642,0.350074,0.366775,0.338242,0.416149,0.393691,0.377341,0.398026,0.394793,0.406862
4780,0.29811,0.329642,0.350074,0.366775,0.338242,0.416149,0.393691,0.377341,0.398026,0.394793,0.406242
4781,0.29811,0.329642,0.350074,0.366775,0.338242,0.416149,0.393691,0.377341,0.398026,0.394793,0.406194
4782,0.29811,0.329642,0.350074,0.366775,0.338242,0.416149,0.393691,0.377341,0.398026,0.394793,0.407222
4783,0.29811,0.329642,0.350074,0.366775,0.338242,0.416149,0.393691,0.377341,0.398026,0.394793,0.406184
4784,0.29811,0.329642,0.350074,0.366775,0.338242,0.416149,0.393691,0.377341,0.398026,0.394793,0.406142
4785,0.29811,0.329642,0.350074,0.366775,0.338242,0.416149,0.393691,0.377341,0.398026,0.394793,0.405449
4786,0.29811,0.329642,0.350074,0.366775,0.338242,0.415854,0.393691,0.377341,0.398026,0.394793,0.405449
4787,0.29811,0.331016,0.350074,0.366775,0.338242,0.415854,0.393691,0.377341,0.398026,0.394793,0.405449
4788,0.29811,0.330967,0.350074,0.366775,0.338242,0.415854,0.393691,0.377341,0.398026,0.394793,0.405449
4789,0.29811,0.329878,0.350074,0.366775,0.338242,0.415854,0.393691,0.377341,0.398026,0.394793,0.405449
4790,0.301723,0.329878,0.350074,0.366775,0.338242,0.415854,0.393691,0.377341,0.398026,0.394793,0.405449
4791,0.304531,0.329878,0.350074,0.366775,0.338242,0.415854,0.393691,0.377341,0.398026,0.394793,0.405449
4792,0.305434,0.329878,0.350074,0.366775,0.338242,0.415854,0.393691,0.377341,0.398026,0.394793,0.405449
4793,0.306659,0.329878,0.350074,0.366775,0.338242,0.415854,0.393691,0.377341,0.398026,0.394793,0.405449
4794,0.304962,0.329878,0.350074,0.366775,0.338242,0.415854,0.393691,0.377341,0.398026,0.394793,0.405449
4795,0.303613,0.329878,0.350074,0.366775,0.338242,0.415854,0.393691,0.377341,0.398026,0.394793,0.405449
4796,0.305574,0.329878,0.350074,0.366775,0.338242,0.415854,0.393691,0.377341,0.398026,0.394793,0.405449
4797,0.304234,0.329878,0.350074,0.366775,0.338242,0.415854,0.393691,0.377341,0.398026,0.394793,0.405449
4798,0.302905,0.329878,0.350074,0.366775,0.338242,0.415854,0.393691,0.377341,0.398026,0.394793,0.405449
4799,0.302905,0.329878,0.350074,0.366775,0.338242,0.415854,0.393141,0.377341,0.398026,0.394793,0.405449
4800,0.302905,0.329878,0.350074,0.366775,0.339665,0.415854,0.393141,0.377341,0.398026,0.394793,0.405449
4801,0.302905,0.329878,0.350074,0.366775,0.338544,0.415854,0.393141,0.377341,0.398026,0.394793,0.405449
4802,0.302905,0.329878,0.350074,0.366775,0.338544,0.415854,0.393141,0.377341,0.398026,0.394793,0.404775
4803,0.302905,0.329878,0.350074,0.366775,0.338544,0.415854,0.393141,0.377341,0.398026,0.394153,0.404775
4804,0.302905,0.329878,0.350074,0.366775,0.338544,0.416119,0.393141,0.377341,0.398026,0.394153,0.404775
4805,0.302905,0.329878,0.350074,0.366775,0.338544,0.415497,0.393141,0.377341,0.398026,0.394153,0.404775
4806,0.302905,0.329878,0.350074,0.366311,0.338544,0.415497,0.393141,0.377341,0.398026,0.394153,0.404775
4807,0.302905,0.329878,0.350074,0.366311,0.338544,0.415497,0.393141,0.37754,0.398026,0.394153,0.404775
4808,0.302905,0.329878,0.350074,0.366311,0.338544,0.415497,0.393141,0.37701,0.398026,0.394153,0.404775
4809,0.302905,0.329878,0.350074,0.366311,0.339389,0.415497,0.393141,0.37701,0.398026,0.394153,0.404775
4810,0.302905,0.329878,0.350074,0.366311,0.339363,0.415497,0.393141,0.37701,0.398026,0.394153,0.404775
4811,0.302905,0.329878,0.350074,0.366311,0.340673,0.415497,0.393141,0.37701,0.398026,0.394153,0.404775
4812,0.302905,0.329878,0.350074,0.366311,0.339892,0.415497,0.393141,0.37701,0.398026,0.394153,0.404775
4813,0.302905,0.329878,0.350074,0.366311,0.339892,0.415497,0.393141,0.37701,0.397302,0.394153,0.404775
4814,0.303326,0.329878,0.350074,0.366311,0.339892,0.415497,0.393141,0.37701,0.397302,0.394153,0.404775
4815,0.303326,0.329878,0.350074,0.366311,0.339892,0.415497,0.392881,0.37701,0.397302,0.394153,0.404775
4816,0.303326,0.329878,0.350074,0.366311,0.339654,0.415497,0.392881,0.37701,0.397302,0.394153,0.404775
4817,0.302947,0.329878,0.350074,0.366311,0.339654,0.415497,0.392881,0.37701,0.397302,0.394153,0.404775
4818,0.302947,0.329878,0.350074,0.366311,0.339654,0.415497,0.392881,0.37701,0.397302,0.394153,0.404791
4819,0.302947,0.329878,0.350438,0.366311,0.339654,0.415497,0.392881,0.37701,0.397302,0.394153,0.404791
4820,0.302947,0.329878,0.350269,0.366311,0.339654,0.415497,0.392881,0.37701,0.397302,0.394153,0.404791
4821,0.302947,0.329878,0.350269,0.366311,0.339654,0.415955,0.392881,0.37701,0.397302,0.394153,0.404791
4822,0.302947,0.329878,0.350269,0.366311,0.339654,0.415353,0.392881,0.37701,0.397302,0.394153,0.404791
4823,0.302947,0.328717,0.350269,0.366311,0.339654,0.415353,0.392881,0.37701,0.397302,0.394153,0.404791
4824,0.302947,0.328717,0.350269,0.366311,0.339654,0.415353,0.392881,0.37701,0.397302,0.394153,0.404134
4825,0.302947,0.328717,0.350269,0.367419,0.339654,0.415353,0.392881,0.37701,0.397302,0.394153,0.404134
4826,0.302947,0.328717,0.350269,0.368191,0.339654,0.415353,0.392881,0.37701,0.397302,0.394153,0.404134
4827,0.302947,0.328717,0.350269,0.369452,0.339654,0.415353,0.392881,0.37701,0.397302,0.394153,0.404134
4828,0.302947,0.328717,0.350269,0.368784,0.339654,0.415353,0.392881,0.37701,0.397302,0.394153,0.404134
4829,0.302947,0.328717,0.350269,0.368407,0.339654,0.415353,0.392881,0.37701,0.397302,0.394153,0.404134
4830,0.302947,0.328717,0.350269,0.369265,0.339654,0.415353,0.392881,0.37701,0.397302,0.394153,0.404134
4831,0.302947,0.328717,0.350269,0.368338,0.339654,0.415353,0.392881,0.37701,0.397302,0.394153,0.404134
4832,0.302947,0.328717,0.350269,0.367671,0.339654,0.415353,0.392881,0.37701,0.397302,0.394153,0.404134
4833,0.302947,0.328717,0.350269,0.367671,0.339654,0.415353,0.392881,0.37701,0.397302,0.394385,0.404134
4834,0.302947,0.328717,0.350269,0.367671,0.339654,0.415353,0.392881,0.37701,0.397302,0.393977,0.404134
4835,0.302947,0.328717,0.350269,0.367671,0.339654,0.415353,0.394357,0.37701,0.397302,0.393977,0.404134
4836,0.302947,0.328717,0.350269,0.367671,0.339654,0.415353,0.393593,0.37701,0.397302,0.393977,0.404134
4837,0.302947,0.328717,0.350269,0.367671,0.339654,0.415353,0.392493,0.37701,0.397302,0.393977,0.404134
4838,0.302947,0.328717,0.350269,0.367671,0.339654,0.415353,0.392493,0.377326,0.397302,0.393977,0.404134
4839,0.302947,0.328717,0.350269,0.367671,0.339654,0.415353,0.392493,0.377583,0.397302,0.393977,0.404134
4840,0.302947,0.328717,0.350269,0.367671,0.339654,0.415353,0.392493,0.376682,0.397302,0.393977,0.404134
4841,0.302947,0.328717,0.350269,0.367671,0.339654,0.414789,0.392493,0.376682,0.397302,0.393977,0.404134
4842,0.302947,0.328717,0.350269,0.367671,0.341379,0.414789,0.392493,0.376682,0.397302,0.393977,0.404134
4843,0.302947,0.328717,0.350269,0.367671,0.340278,0.414789,0.392493,0.376682,0.397302,0.393977,0.404134
4844,0.302947,0.328717,0.351084,0.367671,0.340278,0.414789,0.392493,0.376682,0.397302,0.393977,0.404134
4845,0.302947,0.328717,0.351931,0.367671,0.340278,0.414789,0.392493,0.376682,0.397302,0.393977,0.404134
4846,0.302947,0.328717,0.352749,0.367671,0.340278,0.414789,0.392493,0.376682,0.397302,0.393977,0.404134
4847,0.302947,0.328717,0.353245,0.367671,0.340278,0.414789,0.392493,0.376682,0.397302,0.393977,0.404134
4848,0.302947,0.328717,0.353043,0.367671,0.340278,0.414789,0.392493,0.376682,0.397302,0.393977,0.404134
4849,0.302947,0.328717,0.35359,0.367671,0.340278,0.414789,0.392493,0.376682,0.397302,0.393977,0.404134
4850,0.302947,0.328717,0.35332,0.367671,0.340278,0.414789,0.392493,0.376682,0.397302,0.393977,0.404134
4851,0.302947,0.328717,0.352576,0.367671,0.340278,0.414789,0.392493,0.376682,0.397302,0.393977,0.404134
4852,0.302947,0.328717,0.352576,0.367671,0.339907,0.414789,0.392493,0.376682,0.397302,0.393977,0.404134
4853,0.302947,0.328717,0.352576,0.367671,0.339907,0.414789,0.392493,0.376682,0.3986,0.393977,0.404134
4854,0.302947,0.328717,0.352576,0.367671,0.339907,0.414789,0.392493,0.376682,0.398864,0.393977,0.404134
4855,0.302947,0.328717,0.352576,0.367671,0.339907,0.414789,0.392493,0.376682,0.398132,0.393977,0.404134
4856,0.302947,0.328717,0.352576,0.367671,0.339907,0.414789,0.392493,0.376682,0.399217,0.393977,0.404134
4857,0.302947,0.328717,0.352576,0.367671,0.339907,0.414789,0.392493,0.376682,0.399825,0.393977,0.404134
4858,0.302947,0.328717,0.352576,0.367671,0.339907,0.414789,0.392493,0.376682,0.399563,0.393977,0.404134
4859,0.302947,0.328717,0.352576,0.367671,0.339907,0.414789,0.392493,0.376682,0.399015,0.393977,0.404134
4860,0.302947,0.328717,0.352576,0.367671,0.339907,0.414789,0.392493,0.376682,0.398909,0.393977,0.404134
4861,0.302947,0.328717,0.352576,0.367671,0.339907,0.414789,0.392493,0.376682,0.398602,0.393977,0.404134
4862,0.302947,0.328717,0.352576,0.367671,0.339907,0.414789,0.392493,0.376682,0.398602,0.395303,0.404134
4863,0.302947,0.328717,0.352576,0.367671,0.339907,0.414789,0.392493,0.376682,0.398602,0.395322,0.404134
4864,0.302947,0.328717,0.352576,0.367671,0.339907,0.414789,0.392493,0.376682,0.398602,0.39597,0.404134
4865,0.302947,0.328717,0.352576,0.367671,0.339907,0.414789,0.392493,0.376682,0.398602,0.396834,0.404134
4866,0.302947,0.328717,0.352576,0.367671,0.339907,0.414789,0.392493,0.376682,0.398602,0.397213,0.404134
4867,0.302947,0.328717,0.352576,0.367671,0.339907,0.414789,0.392493,0.376682,0.398602,0.39771,0.404134
4868,0.302947,0.328717,0.352576,0.367671,0.339907,0.414789,0.392493,0.376682,0.398602,0.398163,0.404134
4869,0.302947,0.328717,0.352576,0.367671,0.339907,0.414789,0.392493,0.376682,0.398602,0.399321,0.404134
4870,0.302947,0.328717,0.352576,0.367671,0.339907,0.414789,0.392493,0.376682,0.398602,0.398571,0.404134
4871,0.302947,0.328717,0.352576,0.367671,0.339907,0.414789,0.392493,0.376682,0.398602,0.399305,0.404134
4872,0.302947,0.328717,0.352576,0.367671,0.339907,0.414789,0.392493,0.376682,0.398602,0.398553,0.404134
4873,0.302947,0.328717,0.352576,0.367671,0.339907,0.414789,0.392493,0.376682,0.398602,0.40015,0.404134
4874,0.302947,0.328717,0.352576,0.367671,0.339907,0.414789,0.392493,0.376682,0.398602,0.400208,0.404134
4875,0.302947,0.328717,0.352576,0.367671,0.339907,0.414789,0.392493,0.376682,0.398602,0.401365,0.404134
4876,0.302947,0.328717,0.352576,0.367671,0.339907,0.414789,0.392493,0.376682,0.398602,0.402637,0.404134
4877,0.302947,0.328717,0.352576,0.367671,0.339907,0.414789,0.392493,0.376682,0.398602,0.40189,0.404134
4878,0.302947,0.328717,0.352576,0.367671,0.339907,0.414789,0.392493,0.376682,0.398602,0.402832,0.404134
4879,0.302947,0.328717,0.352576,0.367671,0.339907,0.414789,0.392493,0.376682,0.398602,0.402076,0.404134
4880,0.302947,0.328717,0.352576,0.367671,0.339907,0.414789,0.392493,0.376682,0.398602,0.402365,0.404134
4881,0.302947,0.328717,0.352576,0.367671,0.339907,0.414789,0.392493,0.376682,0.398602,0.401755,0.404134
4882,0.302947,0.328717,0.352576,0.367671,0.339907,0.414789,0.392493,0.376682,0.398602,0.4032,0.404134
4883,0.302947,0.328717,0.352576,0.367671,0.339907,0.414789,0.392493,0.376682,0.398602,0.402562,0.404134
4884,0.302947,0.328717,0.352576,0.367671,0.339907,0.414789,0.392493,0.376682,0.398602,0.402899,0.404134
4885,0.302947,0.328717,0.352576,0.367671,0.339907,0.414789,0.392493,0.376682,0.398602,0.402323,0.404134
4886,0.302947,0.328717,0.352576,0.367671,0.339907,0.414789,0.392493,0.376682,0.398602,0.401746,0.404134
4887,0.302947,0.328717,0.352576,0.367671,0.339907,0.414789,0.392493,0.376682,0.398602,0.402836,0.404134
4888,0.302947,0.328717,0.352576,0.367671,0.339907,0.414789,0.392493,0.376682,0.398602,0.401985,0.404134
4889,0.302947,0.328717,0.352576,0.367671,0.339907,0.414789,0.392493,0.376682,0.398602,0.402238,0.404134
4890,0.302947,0.328717,0.352576,0.367671,0.339907,0.414789,0.392493,0.376682,0.398602,0.404989,0.404134
4891,0.302947,0.328717,0.352576,0.367671,0.339907,0.414789,0.392493,0.376682,0.398602,0.405531,0.404134
4892,0.302947,0.328717,0.352576,0.367671,0.339907,0.414789,0.392493,0.376682,0.398602,0.404853,0.404134
4893,0.302947,0.328717,0.352576,0.367671,0.339907,0.414789,0.392493,0.376682,0.398602,0.404507,0.404134
4894,0.302947,0.328717,0.352576,0.367671,0.339907,0.414789,0.392493,0.376682,0.398602,0.404272,0.404134
4895,0.302947,0.328717,0.352576,0.367671,0.339907,0.414789,0.392493,0.376682,0.398602,0.403165,0.404134
4896,0.302947,0.328717,0.352576,0.367671,0.339907,0.414789,0.392493,0.376682,0.398602,0.402442,0.404134
4897,0.302947,0.328717,0.352576,0.367671,0.339907,0.414789,0.392493,0.376682,0.398602,0.40184,0.404134
4898,0.302947,0.328717,0.352576,0.367671,0.339907,0.414789,0.392493,0.376682,0.398602,0.401226,0.404134
4899,0.302947,0.328717,0.352576,0.367671,0.339907,0.414789,0.392493,0.376682,0.398602,0.400534,0.404134
4900,0.302947,0.328717,0.352576,0.367671,0.339907,0.414789,0.392493,0.376682,0.398602,0.400755,0.404134
4901,0.302947,0.328717,0.352576,0.367671,0.339907,0.414789,0.392493,0.376682,0.398602,0.401448,0.404134
4902,0.302947,0.328717,0.352576,0.367671,0.339907,0.414789,0.392493,0.376682,0.398602,0.400636,0.404134
4903,0.302947,0.328717,0.352576,0.367671,0.339907,0.414789,0.392493,0.376682,0.399075,0.400636,0.404134
4904,0.302947,0.328717,0.352576,0.367671,0.339907,0.414789,0.392493,0.376682,0.398293,0.400636,0.404134
4905,0.302947,0.328717,0.352576,0.367671,0.339907,0.414789,0.392493,0.376682,0.398293,0.399927,0.404134
4906,0.302947,0.328717,0.355317,0.367671,0.339907,0.414789,0.392493,0.376682,0.398293,0.399927,0.404134
4907,0.302947,0.328717,0.356617,0.367671,0.339907,0.414789,0.392493,0.376682,0.398293,0.399927,0.404134
4908,0.302947,0.328717,0.356798,0.367671,0.339907,0.414789,0.392493,0.376682,0.398293,0.399927,0.404134
4909,0.302947,0.328717,0.357203,0.367671,0.339907,0.414789,0.392493,0.376682,0.398293,0.399927,0.404134
4910,0.302947,0.328717,0.356186,0.367671,0.339907,0.414789,0.392493,0.376682,0.398293,0.399927,0.404134
4911,0.302947,0.328717,0.355157,0.367671,0.339907,0.414789,0.392493,0.376682,0.398293,0.399927,0.404134
4912,0.302947,0.328717,0.354151,0.367671,0.339907,0.414789,0.392493,0.376682,0.398293,0.399927,0.404134
4913,0.301732,0.328717,0.354151,0.367671,0.339907,0.414789,0.392493,0.376682,0.398293,0.399927,0.404134
4914,0.301732,0.328717,0.354151,0.367479,0.339907,0.414789,0.392493,0.376682,0.398293,0.399927,0.404134
4915,0.301732,0.328717,0.354151,0.367479,0.339907,0.414789,0.392493,0.376682,0.398293,0.399927,0.405082
4916,0.301732,0.328717,0.354151,0.367479,0.339907,0.414789,0.392493,0.376682,0.398293,0.399927,0.406464
4917,0.301732,0.328717,0.354151,0.367479,0.339907,0.414789,0.392493,0.376682,0.398293,0.399927,0.405778
4918,0.301732,0.328717,0.354151,0.367479,0.339907,0.414789,0.392493,0.376682,0.398293,0.399927,0.406843
4919,0.301732,0.328717,0.354151,0.367479,0.339907,0.414789,0.392493,0.376682,0.398293,0.399927,0.406221
4920,0.301732,0.328717,0.354151,0.367479,0.339907,0.414789,0.392493,0.376682,0.398293,0.399927,0.405538
4921,0.301732,0.328717,0.354151,0.367479,0.339907,0.414789,0.392493,0.376682,0.398293,0.399927,0.405499
4922,0.301732,0.328717,0.354151,0.367479,0.339907,0.414789,0.392493,0.376682,0.398293,0.399927,0.405718
4923,0.301732,0.328717,0.354151,0.367479,0.339907,0.414789,0.392493,0.376682,0.398293,0.399927,0.405974
4924,0.301732,0.328717,0.354151,0.367479,0.339907,0.414789,0.392493,0.376682,0.398293,0.399927,0.40651
4925,0.301732,0.328717,0.354151,0.367479,0.339907,0.414789,0.392493,0.376682,0.398293,0.399927,0.406248
4926,0.301732,0.328717,0.354151,0.367479,0.339907,0.414789,0.392493,0.376682,0.398293,0.399927,0.406287
4927,0.301732,0.328717,0.354151,0.367479,0.339907,0.414789,0.392493,0.376682,0.398293,0.399927,0.407171
4928,0.301732,0.328717,0.354151,0.367479,0.339907,0.414789,0.392493,0.376682,0.398293,0.399927,0.406704
4929,0.301732,0.328717,0.354151,0.367479,0.339907,0.414789,0.392493,0.376682,0.398293,0.399927,0.406763
4930,0.301732,0.328717,0.354151,0.367479,0.339907,0.414789,0.392493,0.376682,0.398293,0.399927,0.408129
4931,0.301732,0.328717,0.354151,0.367479,0.339907,0.414789,0.392493,0.376682,0.398293,0.399927,0.40798
4932,0.301732,0.328717,0.354151,0.367479,0.339907,0.414789,0.392493,0.376682,0.398293,0.399927,0.407295
4933,0.301732,0.328717,0.354151,0.367479,0.339907,0.414789,0.392493,0.376682,0.398293,0.399927,0.407786
4934,0.301732,0.328717,0.354151,0.367479,0.339907,0.414789,0.392493,0.376682,0.398293,0.399927,0.407346
4935,0.301732,0.328717,0.354151,0.367479,0.339907,0.414789,0.392493,0.376682,0.398293,0.399927,0.406683
4936,0.301732,0.328717,0.354151,0.367479,0.339907,0.414172,0.392493,0.376682,0.398293,0.399927,0.406683
4937,0.301732,0.328717,0.354151,0.367479,0.339907,0.414172,0.393221,0.376682,0.398293,0.399927,0.406683
4938,0.301732,0.328717,0.354151,0.367479,0.339907,0.414172,0.39293,0.376682,0.398293,0.399927,0.406683
4939,0.301732,0.328717,0.354151,0.367479,0.339907,0.414172,0.39227,0.376682,0.398293,0.399927,0.406683
4940,0.301732,0.328717,0.354151,0.367479,0.34167,0.414172,0.39227,0.376682,0.398293,0.399927,0.406683
4941,0.301732,0.328717,0.354151,0.367479,0.341072,0.414172,0.39227,0.376682,0.398293,0.399927,0.406683
4942,0.301732,0.328717,0.354151,0.367479,0.341392,0.414172,0.39227,0.376682,0.398293,0.399927,0.406683
4943,0.301732,0.328717,0.354151,0.367479,0.342339,0.414172,0.39227,0.376682,0.398293,0.399927,0.406683
4944,0.301732,0.328717,0.354151,0.367479,0.342399,0.414172,0.39227,0.376682,0.398293,0.399927,0.406683
4945,0.301732,0.328717,0.354151,0.367479,0.342777,0.414172,0.39227,0.376682,0.398293,0.399927,0.406683
4946,0.301732,0.328717,0.354151,0.367479,0.344104,0.414172,0.39227,0.376682,0.398293,0.399927,0.406683
4947,0.301732,0.328717,0.354151,0.367479,0.343246,0.414172,0.39227,0.376682,0.398293,0.399927,0.406683
4948,0.301732,0.328717,0.354151,0.367479,0.34251,0.414172,0.39227,0.376682,0.398293,0.399927,0.406683
4949,0.301732,0.328717,0.354151,0.367479,0.34251,0.414172,0.39227,0.376683,0.398293,0.399927,0.406683
4950,0.301732,0.328717,0.354151,0.366563,0.34251,0.414172,0.39227,0.376683,0.398293,0.399927,0.406683
4951,0.301732,0.328717,0.354151,0.366563,0.34251,0.414172,0.39227,0.376683,0.397575,0.399927,0.406683
4952,0.301732,0.328717,0.354215,0.366563,0.34251,0.414172,0.39227,0.376683,0.397575,0.399927,0.406683
4953,0.301732,0.328717,0.354215,0.366563,0.34251,0.414172,0.39227,0.376683,0.397575,0.399927,0.406017
4954,0.301732,0.328717,0.354215,0.366563,0.34251,0.414172,0.39227,0.376183,0.397575,0.399927,0.406017
4955,0.301732,0.329074,0.354215,0.366563,0.34251,0.414172,0.39227,0.376183,0.397575,0.399927,0.406017
4956,0.301732,0.329074,0.354215,0.366563,0.34251,0.414172,0.39227,0.376183,0.397575,0.400277,0.406017
4957,0.301732,0.329074,0.354215,0.366563,0.34251,0.414172,0.39227,0.376183,0.397575,0.402076,0.406017
4958,0.301732,0.329074,0.354215,0.366563,0.34251,0.414172,0.39227,0.376183,0.397575,0.401368,0.406017
4959,0.301732,0.329074,0.354215,0.366563,0.34251,0.414172,0.39227,0.376183,0.397575,0.400803,0.406017
4960,0.301732,0.329074,0.354215,0.366563,0.34251,0.414172,0.39227,0.376183,0.397575,0.402605,0.406017
4961,0.301732,0.329074,0.354215,0.366563,0.34251,0.414172,0.39227,0.376183,0.397575,0.403729,0.406017
4962,0.301732,0.329074,0.354215,0.366563,0.34251,0.414172,0.39227,0.376183,0.397575,0.40436,0.406017
4963,0.301732,0.329074,0.354215,0.366563,0.34251,0.414172,0.39227,0.376183,0.397575,0.404326,0.406017
4964,0.301732,0.329074,0.354215,0.366563,0.34251,0.414172,0.39227,0.376183,0.397575,0.404174,0.406017
4965,0.301732,0.329074,0.354215,0.366563,0.34251,0.414172,0.39227,0.376183,0.397575,0.404088,0.406017
4966,0.301732,0.329074,0.354215,0.366563,0.34251,0.414172,0.39227,0.376183,0.397575,0.40365,0.406017
4967,0.301732,0.329074,0.354215,0.366563,0.34251,0.414172,0.39227,0.376183,0.397575,0.403385,0.406017
4968,0.301732,0.329074,0.354215,0.366563,0.34251,0.414172,0.39227,0.376183,0.397575,0.404642,0.406017
4969,0.301732,0.329074,0.354215,0.366563,0.34251,0.414172,0.39227,0.376183,0.397575,0.404926,0.406017
4970,0.301732,0.329074,0.354215,0.366563,0.34251,0.414172,0.39227,0.376183,0.397575,0.404467,0.406017
4971,0.301732,0.329074,0.354215,0.366563,0.34251,0.414172,0.39227,0.376183,0.397575,0.405428,0.406017
4972,0.301732,0.329074,0.354215,0.366563,0.34251,0.414172,0.39227,0.376183,0.397575,0.406225,0.406017
4973,0.301732,0.329074,0.354215,0.366563,0.34251,0.414172,0.39227,0.376183,0.397575,0.406482,0.406017
4974,0.301732,0.329074,0.354215,0.366563,0.34251,0.414172,0.39227,0.376183,0.397575,0.406804,0.406017
4975,0.301732,0.329074,0.354215,0.366563,0.34251,0.414172,0.39227,0.376183,0.397575,0.406377,0.406017
4976,0.301732,0.329074,0.354215,0.366563,0.34251,0.414172,0.39227,0.376183,0.397575,0.407279,0.406017
4977,0.301732,0.329074,0.354215,0.366563,0.34251,0.414172,0.39227,0.376183,0.397575,0.407136,0.406017
4978,0.301732,0.329074,0.354215,0.366563,0.34251,0.414172,0.39227,0.376183,0.397575,0.406443,0.406017
4979,0.301732,0.329074,0.354215,0.366563,0.34251,0.414172,0.39227,0.376183,0.397575,0.406348,0.406017
4980,0.301732,0.329074,0.354215,0.366563,0.34251,0.414172,0.39227,0.376183,0.397575,0.405659,0.406017
4981,0.301732,0.329074,0.354215,0.366563,0.34251,0.414172,0.39227,0.376183,0.397575,0.405152,0.406017
4982,0.301732,0.329074,0.354215,0.366563,0.34251,0.414172,0.39227,0.376183,0.397575,0.404468,0.406017
4983,0.301732,0.329074,0.354215,0.366563,0.34251,0.414172,0.39227,0.376183,0.397575,0.403786,0.406017
4984,0.301732,0.329074,0.353425,0.366563,0.34251,0.414172,0.39227,0.376183,0.397575,0.403786,0.406017
4985,0.301732,0.328758,0.353425,0.366563,0.34251,0.414172,0.39227,0.376183,0.397575,0.403786,0.406017
4986,0.301732,0.328758,0.353425,0.366563,0.34251,0.414172,0.39227,0.376183,0.397575,0.404571,0.406017
4987,0.301732,0.328758,0.353425,0.366563,0.34251,0.414172,0.39227,0.376183,0.397575,0.405883,0.406017
4988,0.301732,0.328758,0.353425,0.366563,0.34251,0.414172,0.39227,0.376183,0.397575,0.408051,0.406017
4989,0.301732,0.328758,0.353425,0.366563,0.34251,0.414172,0.39227,0.376183,0.397575,0.408263,0.406017
4990,0.301732,0.328758,0.353425,0.366563,0.34251,0.414172,0.39227,0.376183,0.397575,0.407812,0.406017
4991,0.301732,0.328758,0.353425,0.366563,0.34251,0.414172,0.39227,0.376183,0.397575,0.40855,0.406017
4992,0.301732,0.328758,0.353425,0.366563,0.34251,0.414172,0.39227,0.376183,0.397575,0.407869,0.406017
4993,0.301732,0.328758,0.353425,0.366563,0.34251,0.414172,0.39227,0.376183,0.397575,0.407299,0.406017
4994,0.301732,0.328758,0.353425,0.366563,0.34251,0.414172,0.39227,0.376183,0.397575,0.408461,0.406017
4995,0.301732,0.328758,0.353425,0.366563,0.34251,0.414172,0.39227,0.376183,0.397575,0.408379,0.406017
4996,0.301732,0.328758,0.353425,0.366563,0.34251,0.414172,0.39227,0.376183,0.397575,0.407899,0.406017
4997,0.301732,0.328758,0.353425,0.366563,0.34251,0.414172,0.39227,0.376183,0.397575,0.408345,0.406017
4998,0.301732,0.328758,0.353425,0.366563,0.34251,0.414172,0.39227,0.376183,0.397575,0.408618,0.406017
4999,0.301732,0.328758,0.353425,0.366563,0.34251,0.414172,0.39227,0.376183,0.397575,0.408399,0.406017
5000,0.301732,0.328758,0.353425,0.366563,0.34251,0.414172,0.39227,0.376183,0.397575,0.408375,0.406017
