iteracion,COMPRAR_100,COMPRAR_75,COMPRAR_50,COMPRAR_25,COMPRAR_10,MANTENER,VENDER_10,VENDER_25,VENDER_50,VENDER_75,VENDER_100
1,0.0,0.0,0.0,0.0,0.0,0.0,0.0,0.0,0.010711,0.0,0.0
2,0.0,0.0,0.0,0.0,0.298993,0.0,0.0,0.0,0.010711,0.0,0.0
3,0.0,0.0,0.0,0.0,0.298993,0.0,0.0,1.137635,0.010711,0.0,0.0
4,0.0,0.0,0.140881,0.0,0.298993,0.0,0.0,1.137635,0.010711,0.0,0.0
5,0.0,0.0,0.140881,0.0,0.298993,0.0,0.0,1.137635,0.010711,0.0,0.428823
6,0.0,0.015462,0.140881,0.0,0.298993,0.0,0.0,1.137635,0.010711,0.0,0.428823
7,0.0,0.015462,0.140881,0.0,0.298993,0.0,0.0,1.137635,0.010711,0.320486,0.428823
8,0.0,0.015462,0.140881,0.0,0.298993,0.04899,0.0,1.137635,0.010711,0.320486,0.428823
9,0.0,0.015462,0.140881,0.0,0.298993,0.04899,0.0,1.137635,0.010711,0.320486,0.428823
10,0.0,0.015462,0.140881,0.141562,0.298993,0.04899,0.0,1.137635,0.010711,0.320486,0.428823
11,0.0,0.015462,0.140881,0.141562,0.298993,0.04899,1.450865,1.137635,0.010711,0.320486,0.428823
12,0.0,0.015462,0.140881,0.141562,0.298993,0.04899,0.801793,1.137635,0.010711,0.320486,0.428823
13,0.0,0.015462,0.140881,0.141562,0.298993,0.04899,0.801793,0.747597,0.010711,0.320486,0.428823
14,0.0,0.015462,0.140881,0.141562,0.298993,0.04899,0.801793,0.747597,0.010711,0.320486,0.1685
15,0.0,0.015462,0.140881,0.141562,0.298993,0.04899,0.801793,0.747597,0.010711,0.575581,0.1685
16,0.0,0.015462,0.140881,0.141562,0.149497,0.04899,0.801793,0.747597,0.010711,0.575581,0.1685
17,0.0,0.015462,0.140881,0.070781,0.149497,0.04899,0.801793,0.747597,0.010711,0.575581,0.1685
18,0.0,0.015462,-0.025793,0.070781,0.149497,0.04899,0.801793,0.747597,0.010711,0.575581,0.1685
19,0.0,0.015462,-0.025793,0.070781,0.149497,0.04899,0.739298,0.747597,0.010711,0.575581,0.1685
20,0.0,0.015462,-0.025793,0.070781,0.149497,0.704528,0.739298,0.747597,0.010711,0.575581,0.1685
21,0.0,0.015462,-0.025793,0.070781,0.149497,0.704528,0.739298,0.65118,0.010711,0.575581,0.1685
22,0.0,0.165155,-0.025793,0.070781,0.149497,0.704528,0.739298,0.65118,0.010711,0.575581,0.1685
23,0.0,0.165155,-0.025793,0.070781,0.149497,0.704528,0.739298,0.65118,0.316276,0.575581,0.1685
24,0.0,0.165155,-0.025793,0.070781,0.149497,0.704528,0.739298,0.65118,0.316276,0.575581,0.1685
25,0.0,0.165155,-0.025793,0.070781,0.149497,0.327974,0.739298,0.65118,0.316276,0.575581,0.1685
26,0.0,0.165155,-0.025793,0.070781,0.149497,0.327974,0.739298,0.65118,0.316276,0.614894,0.1685
27,0.0,0.165155,-0.025793,0.070781,0.149497,0.327974,0.824579,0.65118,0.316276,0.614894,0.1685
28,0.0,0.165155,-0.025793,0.070781,0.149497,0.327974,0.824579,0.624269,0.316276,0.614894,0.1685
29,0.0,0.165155,-0.025793,0.070781,0.149497,0.327974,0.824579,0.624269,0.569574,0.614894,0.1685
30,0.0,0.165155,-0.025793,0.070781,0.149497,0.327974,0.654357,0.624269,0.569574,0.614894,0.1685
31,0.0,0.165155,-0.025793,0.070781,0.149497,0.327974,0.654357,0.624269,0.569574,0.624114,0.1685
32,0.0,0.165155,-0.025793,0.070781,0.149497,0.327974,0.654357,0.624269,0.471485,0.624114,0.1685
33,0.0,0.165155,-0.025793,0.070781,0.149497,0.327974,0.654357,0.624269,0.471485,0.624114,0.138046
34,0.0,0.143156,-0.025793,0.070781,0.149497,0.327974,0.654357,0.624269,0.471485,0.624114,0.138046
35,0.0,0.143156,-0.025793,0.070781,0.096893,0.327974,0.654357,0.624269,0.471485,0.624114,0.138046
36,0.0,0.143156,-0.025793,0.070781,0.096893,0.327974,0.654357,0.594927,0.471485,0.624114,0.138046
37,0.0,0.143156,-0.025793,0.193867,0.096893,0.327974,0.654357,0.594927,0.471485,0.624114,0.138046
38,0.0,0.143156,-0.025793,0.193867,0.096893,0.327974,0.654357,0.594927,0.471485,0.395278,0.138046
39,0.0,0.143156,-0.025793,0.193867,0.096893,0.327974,0.654357,0.594927,0.471485,0.395278,0.138046
40,0.0,0.143156,-0.025793,0.193867,0.096893,0.255589,0.654357,0.594927,0.471485,0.395278,0.138046
41,0.0,0.143156,0.029223,0.193867,0.096893,0.255589,0.654357,0.594927,0.471485,0.395278,0.138046
42,0.0,0.143156,0.029223,0.193867,0.096893,0.255589,0.489663,0.594927,0.471485,0.395278,0.138046
43,0.0,0.143156,0.029223,0.193867,0.096893,0.255589,0.489663,0.594927,0.44197,0.395278,0.138046
44,0.0,0.143156,0.029223,0.193867,0.096893,0.255589,0.489663,0.587465,0.44197,0.395278,0.138046
45,0.0,0.143156,0.029223,0.151625,0.096893,0.255589,0.489663,0.587465,0.44197,0.395278,0.138046
46,0.0,0.113101,0.029223,0.151625,0.096893,0.255589,0.489663,0.587465,0.44197,0.395278,0.138046
47,0.0,0.113101,0.029223,0.151625,0.096893,0.255589,0.489663,0.587465,0.44197,0.395278,0.078035
48,0.0,0.113101,0.029223,0.151625,0.096893,0.255589,0.489663,0.513421,0.44197,0.395278,0.078035
49,0.0,0.113101,0.029223,0.151625,0.046014,0.255589,0.489663,0.513421,0.44197,0.395278,0.078035
50,0.0,0.113101,0.029223,0.151625,0.046014,0.255589,0.489663,0.513421,0.456646,0.395278,0.078035
51,0.0,0.113101,0.029223,0.151625,0.046014,0.259637,0.489663,0.513421,0.456646,0.395278,0.078035
52,0.0,0.113101,0.029223,0.151625,0.046014,0.259637,0.489663,0.513421,0.456646,0.273849,0.078035
53,0.0,0.113101,0.058243,0.151625,0.046014,0.259637,0.489663,0.513421,0.456646,0.273849,0.078035
54,0.0,0.113101,0.058243,0.151625,0.046014,0.259637,0.417386,0.513421,0.456646,0.273849,0.078035
55,0.0,0.113101,0.058243,0.151625,0.046014,0.259637,0.417386,0.513421,0.456646,0.273849,0.078035
56,0.0,0.113101,0.058243,0.151625,0.046014,0.259637,0.417386,0.513421,0.470005,0.273849,0.078035
57,0.0,0.113101,0.058243,0.151625,0.046014,0.259637,0.417386,0.518044,0.470005,0.273849,0.078035
58,0.0,0.113101,0.058243,0.184874,0.046014,0.259637,0.417386,0.518044,0.470005,0.273849,0.078035
59,0.0,0.113101,0.058243,0.184874,0.046014,0.259637,0.417386,0.518044,0.466268,0.273849,0.078035
60,0.0,0.089814,0.058243,0.184874,0.046014,0.259637,0.417386,0.518044,0.466268,0.273849,0.078035
61,0.0,0.089814,0.058243,0.184874,0.046014,0.246647,0.417386,0.518044,0.466268,0.273849,0.078035
62,0.0,0.089814,0.058243,0.184874,0.046014,0.246647,0.417386,0.477808,0.466268,0.273849,0.078035
63,0.0,0.089814,0.058243,0.184874,0.046014,0.246647,0.417386,0.477808,0.466268,0.273849,-0.060328
64,0.0,0.089814,0.058243,0.184874,0.046014,0.246647,0.354842,0.477808,0.466268,0.273849,-0.060328
65,0.0,0.089814,0.046705,0.184874,0.046014,0.246647,0.354842,0.477808,0.466268,0.273849,-0.060328
66,0.0,0.089814,0.046705,0.184874,0.098004,0.246647,0.354842,0.477808,0.466268,0.273849,-0.060328
67,0.0,0.089814,0.046705,0.184874,0.098004,0.246647,0.354842,0.477808,0.41446,0.273849,-0.060328
68,0.0,0.089814,0.046705,0.272201,0.098004,0.246647,0.354842,0.477808,0.41446,0.273849,-0.060328
69,0.0,0.089814,0.046705,0.272201,0.098004,0.246647,0.354842,0.477808,0.41446,0.288393,-0.060328
70,0.0,0.089814,0.046705,0.346799,0.098004,0.246647,0.354842,0.477808,0.41446,0.288393,-0.060328
71,0.0,0.089814,0.046705,0.346799,0.098004,0.246647,0.354842,0.477808,0.41446,0.288393,-0.060328
72,0.0,0.089814,0.046705,0.346799,0.098004,0.246647,0.354842,0.489584,0.41446,0.288393,-0.060328
73,0.0,0.089814,0.046705,0.482246,0.098004,0.246647,0.354842,0.489584,0.41446,0.288393,-0.060328
74,0.0,0.089814,0.046705,0.41768,0.098004,0.246647,0.354842,0.489584,0.41446,0.288393,-0.060328
75,0.0,0.089814,0.046705,0.41768,0.098004,0.169917,0.354842,0.489584,0.41446,0.288393,-0.060328
76,0.0,0.089814,0.046705,0.41768,0.098004,0.169917,0.354842,0.569293,0.41446,0.288393,-0.060328
77,0.0,0.089814,0.046705,0.41768,0.098004,0.169917,0.354842,0.521852,0.41446,0.288393,-0.060328
78,0.0,0.089814,0.046705,0.41768,0.086352,0.169917,0.354842,0.521852,0.41446,0.288393,-0.060328
79,0.0,0.132182,0.046705,0.41768,0.086352,0.169917,0.354842,0.521852,0.41446,0.288393,-0.060328
80,0.0,0.132182,0.046705,0.41768,0.086352,0.169917,0.354842,0.521852,0.41446,0.252344,-0.060328
81,0.0,0.132182,0.046705,0.381209,0.086352,0.169917,0.354842,0.521852,0.41446,0.252344,-0.060328
82,0.0,0.132182,0.046705,0.381209,0.086352,0.169917,0.315415,0.521852,0.41446,0.252344,-0.060328
83,0.0,0.132182,0.046705,0.381209,0.086352,0.169917,0.315415,0.521852,0.372954,0.252344,-0.060328
84,0.0,0.132182,0.046705,0.381209,0.086352,0.169917,0.315415,0.497899,0.372954,0.252344,-0.060328
85,0.0,0.132182,0.092245,0.381209,0.086352,0.169917,0.315415,0.497899,0.372954,0.252344,-0.060328
86,0.0,0.115349,0.092245,0.381209,0.086352,0.169917,0.315415,0.497899,0.372954,0.252344,-0.060328
87,0.156723,0.115349,0.092245,0.381209,0.086352,0.169917,0.315415,0.497899,0.372954,0.252344,-0.060328
88,0.134334,0.115349,0.092245,0.381209,0.086352,0.169917,0.315415,0.497899,0.372954,0.252344,-0.060328
89,0.134334,0.115349,0.092245,0.381209,0.086352,0.169917,0.315415,0.461969,0.372954,0.252344,-0.060328
90,0.134334,0.115349,0.092245,0.351098,0.086352,0.169917,0.315415,0.461969,0.372954,0.252344,-0.060328
91,0.134334,0.115349,0.092245,0.351098,0.086352,0.169917,0.315415,0.461969,0.352281,0.252344,-0.060328
92,0.134334,0.115349,0.202268,0.351098,0.086352,0.169917,0.315415,0.461969,0.352281,0.252344,-0.060328
93,0.134334,0.115349,0.216268,0.351098,0.086352,0.169917,0.315415,0.461969,0.352281,0.252344,-0.060328
94,0.134334,0.115349,0.216268,0.351098,0.086352,0.169917,0.276481,0.461969,0.352281,0.252344,-0.060328
95,0.134334,0.115349,0.216268,0.351098,0.086352,0.169917,0.276481,0.461969,0.352281,0.31355,-0.060328
96,0.134334,0.115349,0.216268,0.351098,0.086352,0.169917,0.276481,0.461969,0.352281,0.226879,-0.060328
97,0.134334,0.115349,0.216268,0.351098,0.104623,0.169917,0.276481,0.461969,0.352281,0.226879,-0.060328
98,0.134334,0.115349,0.216268,0.351098,0.104623,0.15308,0.276481,0.461969,0.352281,0.226879,-0.060328
99,0.134334,0.115349,0.216268,0.351098,0.104623,0.15308,0.276481,0.461969,0.352281,0.226879,0.02562
100,0.134334,0.115349,0.192238,0.351098,0.104623,0.15308,0.276481,0.461969,0.352281,0.226879,0.02562
101,0.106877,0.115349,0.192238,0.351098,0.104623,0.15308,0.276481,0.461969,0.352281,0.226879,0.02562
102,0.106877,0.115349,0.192238,0.351098,0.104623,0.15308,0.276481,0.44203,0.352281,0.226879,0.02562
103,0.106877,0.115349,0.192238,0.351098,0.104623,0.15308,0.276481,0.44203,0.32252,0.226879,0.02562
104,0.106877,0.115349,0.192238,0.319094,0.104623,0.15308,0.276481,0.44203,0.32252,0.226879,0.02562
105,0.106877,0.115349,0.192238,0.319094,0.104623,0.15308,0.276481,0.44203,0.32252,0.226879,0.111115
106,0.106877,0.097669,0.192238,0.319094,0.104623,0.15308,0.276481,0.44203,0.32252,0.226879,0.111115
107,0.106877,0.097669,0.192238,0.319094,0.104623,0.15308,0.276481,0.44203,0.32252,0.226879,0.094887
108,0.106877,0.097669,0.192238,0.319094,0.191018,0.15308,0.276481,0.44203,0.32252,0.226879,0.094887
109,0.106877,0.097669,0.192238,0.319094,0.240725,0.15308,0.276481,0.44203,0.32252,0.226879,0.094887
110,0.106877,0.097669,0.192238,0.319094,0.229912,0.15308,0.276481,0.44203,0.32252,0.226879,0.094887
111,0.106877,0.097669,0.192238,0.319094,0.229912,0.15308,0.245469,0.44203,0.32252,0.226879,0.094887
112,0.106877,0.097669,0.192238,0.319094,0.229912,0.187121,0.245469,0.44203,0.32252,0.226879,0.094887
113,0.106877,0.097669,0.192238,0.319094,0.229912,0.187121,0.245469,0.408701,0.32252,0.226879,0.094887
114,0.106877,0.097669,0.181039,0.319094,0.229912,0.187121,0.245469,0.408701,0.32252,0.226879,0.094887
115,0.106877,0.097669,0.181039,0.319094,0.229912,0.168842,0.245469,0.408701,0.32252,0.226879,0.094887
116,0.106877,0.097669,0.181039,0.319094,0.229912,0.168842,0.245469,0.408701,0.305956,0.226879,0.094887
117,0.106877,0.097669,0.181039,0.305601,0.229912,0.168842,0.245469,0.408701,0.305956,0.226879,0.094887
118,0.106877,0.097669,0.181039,0.305601,0.210116,0.168842,0.245469,0.408701,0.305956,0.226879,0.094887
119,0.106877,0.097669,0.181039,0.305601,0.210116,0.168842,0.245469,0.408701,0.305956,0.217864,0.094887
120,0.095002,0.097669,0.181039,0.305601,0.210116,0.168842,0.245469,0.408701,0.305956,0.217864,0.094887
121,0.095002,0.086398,0.181039,0.305601,0.210116,0.168842,0.245469,0.408701,0.305956,0.217864,0.094887
122,0.095002,0.086398,0.181039,0.305601,0.210116,0.168842,0.245469,0.408701,0.305956,0.217864,0.176694
123,0.095002,0.086398,0.181039,0.305601,0.210116,0.168842,0.245469,0.408701,0.305956,0.217864,0.232433
124,0.095002,0.086398,0.181039,0.305601,0.210116,0.168842,0.245469,0.408701,0.305956,0.217864,0.211303
125,0.095002,0.086398,0.181039,0.305601,0.210116,0.168842,0.245469,0.408709,0.305956,0.217864,0.211303
126,0.095002,0.086398,0.181039,0.305601,0.210116,0.168842,0.249564,0.408709,0.305956,0.217864,0.211303
127,0.095002,0.086398,0.181039,0.305601,0.210116,0.168842,0.249564,0.408709,0.293057,0.217864,0.211303
128,0.095002,0.086398,0.181039,0.329896,0.210116,0.168842,0.249564,0.408709,0.293057,0.217864,0.211303
129,0.095002,0.086398,0.178456,0.329896,0.210116,0.168842,0.249564,0.408709,0.293057,0.217864,0.211303
130,0.095002,0.086398,0.178456,0.329896,0.210116,0.168842,0.249564,0.429167,0.293057,0.217864,0.211303
131,0.095002,0.086398,0.178456,0.329896,0.210116,0.168842,0.249564,0.409493,0.293057,0.217864,0.211303
132,0.095002,0.086398,0.178456,0.308411,0.210116,0.168842,0.249564,0.409493,0.293057,0.217864,0.211303
133,0.095002,0.086398,0.178456,0.308411,0.210116,0.168842,0.249564,0.409493,0.293057,0.198233,0.211303
134,0.095002,0.086398,0.178456,0.308411,0.210116,0.171342,0.249564,0.409493,0.293057,0.198233,0.211303
135,0.095002,0.086398,0.178456,0.308411,0.210116,0.171342,0.249564,0.409493,0.293057,0.198233,0.197374
136,0.095002,0.086398,0.178456,0.308411,0.222039,0.171342,0.249564,0.409493,0.293057,0.198233,0.197374
137,0.095002,0.086398,0.178456,0.308411,0.222039,0.171342,0.265342,0.409493,0.293057,0.198233,0.197374
138,0.084157,0.086398,0.178456,0.308411,0.222039,0.171342,0.265342,0.409493,0.293057,0.198233,0.197374
139,0.084157,0.086398,0.178456,0.308411,0.222039,0.171342,0.313055,0.409493,0.293057,0.198233,0.197374
140,0.084157,0.086398,0.178456,0.308411,0.222039,0.171342,0.320934,0.409493,0.293057,0.198233,0.197374
141,0.084157,0.077758,0.178456,0.308411,0.222039,0.171342,0.320934,0.409493,0.293057,0.198233,0.197374
142,0.084157,0.077758,0.178456,0.308411,0.222039,0.171342,0.320934,0.409493,0.252785,0.198233,0.197374
143,0.084157,0.077758,0.178456,0.308411,0.222039,0.171342,0.317871,0.409493,0.252785,0.198233,0.197374
144,0.084157,0.077758,0.178456,0.308411,0.222039,0.171342,0.317871,0.389019,0.252785,0.198233,0.197374
145,0.084157,0.077758,0.178456,0.308411,0.242311,0.171342,0.317871,0.389019,0.252785,0.198233,0.197374
146,0.084157,0.077758,0.188699,0.308411,0.242311,0.171342,0.317871,0.389019,0.252785,0.198233,0.197374
147,0.084157,0.077758,0.188699,0.282466,0.242311,0.171342,0.317871,0.389019,0.252785,0.198233,0.197374
148,0.084157,0.077758,0.188699,0.282466,0.242311,0.157063,0.317871,0.389019,0.252785,0.198233,0.197374
149,0.084157,0.077758,0.188699,0.282466,0.232042,0.157063,0.317871,0.389019,0.252785,0.198233,0.197374
150,0.084157,0.077758,0.188699,0.282466,0.232042,0.157063,0.317871,0.389019,0.252785,0.217278,0.197374
151,0.084157,0.077758,0.188699,0.282466,0.232042,0.157063,0.317871,0.389019,0.252785,0.217278,0.238004
152,0.084157,0.077758,0.188699,0.282466,0.232042,0.157063,0.317871,0.389019,0.252785,0.217278,0.276417
153,0.084157,0.077758,0.188699,0.282466,0.232042,0.157063,0.317871,0.389019,0.252785,0.217278,0.29867
154,0.084157,0.077758,0.188699,0.282466,0.232042,0.157063,0.317871,0.389019,0.252785,0.217278,0.281038
155,0.084157,0.077758,0.188699,0.282466,0.232042,0.157063,0.298699,0.389019,0.252785,0.217278,0.281038
156,0.084157,0.077758,0.193556,0.282466,0.232042,0.157063,0.298699,0.389019,0.252785,0.217278,0.281038
157,0.084157,0.077758,0.193556,0.282466,0.232042,0.157063,0.298699,0.381756,0.252785,0.217278,0.281038
158,0.084157,0.077758,0.193556,0.282466,0.232042,0.157063,0.298699,0.381756,0.252785,0.223392,0.281038
159,0.155012,0.077758,0.193556,0.282466,0.232042,0.157063,0.298699,0.381756,0.252785,0.223392,0.281038
160,0.153941,0.077758,0.193556,0.282466,0.232042,0.157063,0.298699,0.381756,0.252785,0.223392,0.281038
161,0.153941,0.09948,0.193556,0.282466,0.232042,0.157063,0.298699,0.381756,0.252785,0.223392,0.281038
162,0.153941,0.09948,0.193556,0.282466,0.2348,0.157063,0.298699,0.381756,0.252785,0.223392,0.281038
163,0.153941,0.09948,0.193556,0.242457,0.2348,0.157063,0.298699,0.381756,0.252785,0.223392,0.281038
164,0.153941,0.09948,0.193556,0.242457,0.2348,0.157063,0.298699,0.381756,0.252785,0.223392,0.267881
165,0.153941,0.09948,0.181612,0.242457,0.2348,0.157063,0.298699,0.381756,0.252785,0.223392,0.267881
166,0.153941,0.09948,0.181612,0.242457,0.2348,0.173004,0.298699,0.381756,0.252785,0.223392,0.267881
167,0.153941,0.09948,0.181612,0.242457,0.2348,0.173004,0.298699,0.434175,0.252785,0.223392,0.267881
168,0.153941,0.09948,0.181612,0.242457,0.2348,0.173004,0.298699,0.415835,0.252785,0.223392,0.267881
169,0.153941,0.09948,0.181612,0.242457,0.2348,0.173004,0.298699,0.398508,0.252785,0.223392,0.267881
170,0.153941,0.09948,0.181612,0.242457,0.2348,0.173004,0.298699,0.398508,0.280913,0.223392,0.267881
171,0.153941,0.09948,0.181612,0.242457,0.2348,0.173004,0.298699,0.398508,0.294074,0.223392,0.267881
172,0.153941,0.09948,0.181612,0.242457,0.2348,0.173004,0.298699,0.398508,0.294074,0.208499,0.267881
173,0.142096,0.09948,0.181612,0.242457,0.2348,0.173004,0.298699,0.398508,0.294074,0.208499,0.267881
174,0.142096,0.09948,0.181612,0.242457,0.2348,0.173004,0.294779,0.398508,0.294074,0.208499,0.267881
175,0.142096,0.09948,0.181612,0.242457,0.2348,0.173004,0.294779,0.398508,0.30532,0.208499,0.267881
176,0.142096,0.1249,0.181612,0.242457,0.2348,0.173004,0.294779,0.398508,0.30532,0.208499,0.267881
177,0.142096,0.1249,0.181612,0.242457,0.222177,0.173004,0.294779,0.398508,0.30532,0.208499,0.267881
178,0.142096,0.1249,0.181612,0.242457,0.222177,0.156843,0.294779,0.398508,0.30532,0.208499,0.267881
179,0.142096,0.1249,0.181612,0.242457,0.222177,0.156843,0.294779,0.398508,0.308733,0.208499,0.267881
180,0.142096,0.1249,0.181612,0.242457,0.222177,0.156843,0.294779,0.403816,0.308733,0.208499,0.267881
181,0.142096,0.107373,0.181612,0.242457,0.222177,0.156843,0.294779,0.403816,0.308733,0.208499,0.267881
182,0.142096,0.107373,0.181612,0.242457,0.222177,0.156843,0.279264,0.403816,0.308733,0.208499,0.267881
183,0.142096,0.107373,0.181612,0.242457,0.222177,0.156843,0.279264,0.403816,0.308733,0.208499,0.274142
184,0.142096,0.107373,0.181612,0.242457,0.222177,0.156843,0.279264,0.388397,0.308733,0.208499,0.274142
185,0.142096,0.107373,0.181612,0.242457,0.222177,0.156843,0.279264,0.388397,0.318123,0.208499,0.274142
186,0.142096,0.107373,0.16898,0.242457,0.222177,0.156843,0.279264,0.388397,0.318123,0.208499,0.274142
187,0.142096,0.107373,0.16898,0.242457,0.222177,0.156843,0.279264,0.388397,0.318123,0.171162,0.274142
188,0.142096,0.107373,0.16898,0.242457,0.222177,0.156843,0.279264,0.388397,0.302974,0.171162,0.274142
189,0.130705,0.107373,0.16898,0.242457,0.222177,0.156843,0.279264,0.388397,0.302974,0.171162,0.274142
190,0.130705,0.107373,0.16898,0.242457,0.222177,0.156843,0.279264,0.388397,0.302974,0.171162,0.291869
191,0.130705,0.107373,0.16898,0.242457,0.222177,0.156843,0.279264,0.388397,0.302974,0.171162,0.289793
192,0.130705,0.107373,0.16898,0.242457,0.233758,0.156843,0.279264,0.388397,0.302974,0.171162,0.289793
193,0.130705,0.107373,0.16898,0.285897,0.233758,0.156843,0.279264,0.388397,0.302974,0.171162,0.289793
194,0.130705,0.107373,0.16898,0.273117,0.233758,0.156843,0.279264,0.388397,0.302974,0.171162,0.289793
195,0.130705,0.107373,0.16898,0.273117,0.233758,0.156843,0.279264,0.370295,0.302974,0.171162,0.289793
196,0.130705,0.107373,0.16898,0.273117,0.233758,0.211754,0.279264,0.370295,0.302974,0.171162,0.289793
197,0.130705,0.107373,0.16898,0.273117,0.233758,0.201509,0.279264,0.370295,0.302974,0.171162,0.289793
198,0.130705,0.107373,0.16898,0.273117,0.233758,0.201509,0.265301,0.370295,0.302974,0.171162,0.289793
199,0.130705,0.107373,0.16898,0.273117,0.224035,0.201509,0.265301,0.370295,0.302974,0.171162,0.289793
200,0.130705,0.107373,0.16898,0.243334,0.224035,0.201509,0.265301,0.370295,0.302974,0.171162,0.289793
201,0.130705,0.107373,0.16898,0.243334,0.224035,0.201509,0.265301,0.370295,0.302974,0.171162,0.296897
202,0.130705,0.107373,0.16898,0.243334,0.224035,0.212972,0.265301,0.370295,0.302974,0.171162,0.296897
203,0.130705,0.107373,0.16898,0.243334,0.224035,0.212972,0.265301,0.370295,0.29188,0.171162,0.296897
204,0.130705,0.143253,0.16898,0.243334,0.224035,0.212972,0.265301,0.370295,0.29188,0.171162,0.296897
205,0.130705,0.140346,0.16898,0.243334,0.224035,0.212972,0.265301,0.370295,0.29188,0.171162,0.296897
206,0.130705,0.140346,0.172175,0.243334,0.224035,0.212972,0.265301,0.370295,0.29188,0.171162,0.296897
207,0.130705,0.140346,0.172175,0.243334,0.224035,0.212972,0.265301,0.370295,0.29188,0.171162,0.306238
208,0.130705,0.140346,0.172175,0.243334,0.224035,0.170336,0.265301,0.370295,0.29188,0.171162,0.306238
209,0.165585,0.140346,0.172175,0.243334,0.224035,0.170336,0.265301,0.370295,0.29188,0.171162,0.306238
210,0.200432,0.140346,0.172175,0.243334,0.224035,0.170336,0.265301,0.370295,0.29188,0.171162,0.306238
211,0.188642,0.140346,0.172175,0.243334,0.224035,0.170336,0.265301,0.370295,0.29188,0.171162,0.306238
212,0.188642,0.140346,0.172175,0.243334,0.224035,0.170336,0.265301,0.370295,0.29188,0.171162,0.302325
213,0.188642,0.140346,0.172175,0.243334,0.224035,0.170336,0.265301,0.337851,0.29188,0.171162,0.302325
214,0.188642,0.140346,0.172175,0.243334,0.224035,0.170336,0.25226,0.337851,0.29188,0.171162,0.302325
215,0.188642,0.140346,0.172175,0.243334,0.218086,0.170336,0.25226,0.337851,0.29188,0.171162,0.302325
216,0.188642,0.140346,0.167444,0.243334,0.218086,0.170336,0.25226,0.337851,0.29188,0.171162,0.302325
217,0.188642,0.140346,0.167444,0.243334,0.218086,0.170336,0.25226,0.337851,0.299319,0.171162,0.302325
218,0.188642,0.140346,0.167444,0.243334,0.218086,0.170336,0.25226,0.337851,0.299319,0.161213,0.302325
219,0.188642,0.213738,0.167444,0.243334,0.218086,0.170336,0.25226,0.337851,0.299319,0.161213,0.302325
220,0.188642,0.1876,0.167444,0.243334,0.218086,0.170336,0.25226,0.337851,0.299319,0.161213,0.302325
221,0.188642,0.1876,0.167444,0.243334,0.218086,0.170336,0.25226,0.337851,0.299319,0.161213,0.313911
222,0.203902,0.1876,0.167444,0.243334,0.218086,0.170336,0.25226,0.337851,0.299319,0.161213,0.313911
223,0.203902,0.1876,0.167444,0.243334,0.218086,0.170336,0.25226,0.337851,0.299319,0.161213,0.302987
224,0.203902,0.194329,0.167444,0.243334,0.218086,0.170336,0.25226,0.337851,0.299319,0.161213,0.302987
225,0.203902,0.194329,0.167444,0.243334,0.218086,0.170336,0.25226,0.337851,0.291384,0.161213,0.302987
226,0.217274,0.194329,0.167444,0.243334,0.218086,0.170336,0.25226,0.337851,0.291384,0.161213,0.302987
227,0.217274,0.194329,0.167444,0.231077,0.218086,0.170336,0.25226,0.337851,0.291384,0.161213,0.302987
228,0.217274,0.194329,0.167444,0.231077,0.223722,0.170336,0.25226,0.337851,0.291384,0.161213,0.302987
229,0.223304,0.194329,0.167444,0.231077,0.223722,0.170336,0.25226,0.337851,0.291384,0.161213,0.302987
230,0.223304,0.194329,0.167444,0.231077,0.223722,0.170336,0.274068,0.337851,0.291384,0.161213,0.302987
231,0.223304,0.194329,0.167444,0.231077,0.223722,0.170336,0.264395,0.337851,0.291384,0.161213,0.302987
232,0.223304,0.185218,0.167444,0.231077,0.223722,0.170336,0.264395,0.337851,0.291384,0.161213,0.302987
233,0.223304,0.185218,0.158146,0.231077,0.223722,0.170336,0.264395,0.337851,0.291384,0.161213,0.302987
234,0.223304,0.185218,0.158146,0.231077,0.223722,0.170336,0.264395,0.337851,0.302961,0.161213,0.302987
235,0.223304,0.185218,0.158146,0.231077,0.223722,0.170336,0.264395,0.337851,0.302961,0.161213,0.299422
236,0.223304,0.185218,0.158146,0.231077,0.223722,0.170336,0.264395,0.337851,0.302297,0.161213,0.299422
237,0.223304,0.185218,0.158146,0.231077,0.223722,0.170336,0.264395,0.337851,0.302297,0.153414,0.299422
238,0.223304,0.185218,0.158146,0.231077,0.213069,0.170336,0.264395,0.337851,0.302297,0.153414,0.299422
239,0.212671,0.185218,0.158146,0.231077,0.213069,0.170336,0.264395,0.337851,0.302297,0.153414,0.299422
240,0.212671,0.185218,0.158146,0.231077,0.213069,0.170336,0.264395,0.326921,0.302297,0.153414,0.299422
241,0.212671,0.185218,0.158146,0.231077,0.213069,0.170336,0.26563,0.326921,0.302297,0.153414,0.299422
242,0.212671,0.185218,0.158146,0.220573,0.213069,0.170336,0.26563,0.326921,0.302297,0.153414,0.299422
243,0.212671,0.185218,0.158146,0.220573,0.213069,0.170336,0.26563,0.326921,0.300708,0.153414,0.299422
244,0.212671,0.185218,0.158146,0.220573,0.213069,0.166859,0.26563,0.326921,0.300708,0.153414,0.299422
245,0.212671,0.185218,0.158146,0.220573,0.213069,0.166859,0.26563,0.326921,0.300708,0.153414,0.324022
246,0.212671,0.185218,0.158146,0.220573,0.213069,0.166859,0.26563,0.326921,0.300708,0.153414,0.317643
247,0.212671,0.186374,0.158146,0.220573,0.213069,0.166859,0.26563,0.326921,0.300708,0.153414,0.317643
248,0.212671,0.186374,0.158146,0.220573,0.213069,0.166859,0.26563,0.326921,0.300708,0.153414,0.309512
249,0.212671,0.186374,0.158146,0.220573,0.213069,0.166859,0.26563,0.316024,0.300708,0.153414,0.309512
250,0.212671,0.186374,0.158146,0.220573,0.213069,0.166859,0.271802,0.316024,0.300708,0.153414,0.309512
251,0.212671,0.186374,0.183679,0.220573,0.213069,0.166859,0.271802,0.316024,0.300708,0.153414,0.309512
252,0.212671,0.186374,0.171391,0.220573,0.213069,0.166859,0.271802,0.316024,0.300708,0.153414,0.309512
253,0.212671,0.186374,0.171391,0.220573,0.213069,0.166859,0.271802,0.316024,0.289968,0.153414,0.309512
254,0.212671,0.186374,0.171391,0.220573,0.203174,0.166859,0.271802,0.316024,0.289968,0.153414,0.309512
255,0.209419,0.186374,0.171391,0.220573,0.203174,0.166859,0.271802,0.316024,0.289968,0.153414,0.309512
256,0.209419,0.186374,0.171391,0.220573,0.203174,0.166859,0.271802,0.316024,0.289968,0.14534,0.309512
257,0.209419,0.186374,0.171391,0.220573,0.203174,0.166859,0.268687,0.316024,0.289968,0.14534,0.309512
258,0.209419,0.177499,0.171391,0.220573,0.203174,0.166859,0.268687,0.316024,0.289968,0.14534,0.309512
259,0.209419,0.177499,0.171391,0.220573,0.203174,0.221073,0.268687,0.316024,0.289968,0.14534,0.309512
260,0.209419,0.177499,0.171391,0.220573,0.203174,0.218715,0.268687,0.316024,0.289968,0.14534,0.309512
261,0.209419,0.177499,0.171391,0.220573,0.203174,0.208773,0.268687,0.316024,0.289968,0.14534,0.309512
262,0.209419,0.177499,0.171391,0.234048,0.203174,0.208773,0.268687,0.316024,0.289968,0.14534,0.309512
263,0.209419,0.177499,0.171391,0.224296,0.203174,0.208773,0.268687,0.316024,0.289968,0.14534,0.309512
264,0.209419,0.177499,0.171391,0.224296,0.203174,0.208773,0.268687,0.316024,0.289968,0.14534,0.304918
265,0.209419,0.177499,0.171391,0.224296,0.203174,0.208773,0.268687,0.30151,0.289968,0.14534,0.304918
266,0.209419,0.177499,0.171391,0.224296,0.203174,0.208773,0.26008,0.30151,0.289968,0.14534,0.304918
267,0.200313,0.177499,0.171391,0.224296,0.203174,0.208773,0.26008,0.30151,0.289968,0.14534,0.304918
268,0.200313,0.177499,0.171391,0.224296,0.203174,0.208773,0.26008,0.30151,0.280346,0.14534,0.304918
269,0.200313,0.177499,0.171391,0.224296,0.203174,0.199197,0.26008,0.30151,0.280346,0.14534,0.304918
270,0.200313,0.177499,0.168612,0.224296,0.203174,0.199197,0.26008,0.30151,0.280346,0.14534,0.304918
271,0.200313,0.177499,0.168612,0.224296,0.20087,0.199197,0.26008,0.30151,0.280346,0.14534,0.304918
272,0.200313,0.177499,0.168612,0.224296,0.20087,0.199197,0.26008,0.30151,0.280346,0.14534,0.325045
273,0.200313,0.177499,0.168612,0.224296,0.20087,0.199197,0.26008,0.30151,0.280346,0.14534,0.313794
274,0.200313,0.177499,0.168612,0.224296,0.20087,0.199197,0.26008,0.30151,0.280346,0.160297,0.313794
275,0.200313,0.177499,0.168612,0.224296,0.20087,0.199197,0.26008,0.30151,0.280346,0.161606,0.313794
276,0.200313,0.18014,0.168612,0.224296,0.20087,0.199197,0.26008,0.30151,0.280346,0.161606,0.313794
277,0.200313,0.18014,0.168612,0.226874,0.20087,0.199197,0.26008,0.30151,0.280346,0.161606,0.313794
278,0.200313,0.18014,0.168612,0.226874,0.20087,0.199197,0.26008,0.30151,0.280346,0.161606,0.309578
279,0.200313,0.18014,0.168612,0.226874,0.20087,0.199197,0.254799,0.30151,0.280346,0.161606,0.309578
280,0.200313,0.18014,0.168612,0.226874,0.20087,0.199197,0.254799,0.306327,0.280346,0.161606,0.309578
281,0.200313,0.18014,0.168612,0.226874,0.20087,0.199197,0.254799,0.306327,0.287988,0.161606,0.309578
282,0.200313,0.18014,0.160948,0.226874,0.20087,0.199197,0.254799,0.306327,0.287988,0.161606,0.309578
283,0.200313,0.18014,0.160948,0.226874,0.21466,0.199197,0.254799,0.306327,0.287988,0.161606,0.309578
284,0.200313,0.18014,0.160948,0.226874,0.21466,0.199197,0.254799,0.306327,0.277408,0.161606,0.309578
285,0.195153,0.18014,0.160948,0.226874,0.21466,0.199197,0.254799,0.306327,0.277408,0.161606,0.309578
286,0.195153,0.18014,0.160948,0.226874,0.205997,0.199197,0.254799,0.306327,0.277408,0.161606,0.309578
287,0.195153,0.18014,0.160948,0.226874,0.205997,0.199197,0.254799,0.304768,0.277408,0.161606,0.309578
288,0.195153,0.18014,0.160948,0.226874,0.205997,0.197935,0.254799,0.304768,0.277408,0.161606,0.309578
289,0.195153,0.18014,0.160948,0.21504,0.205997,0.197935,0.254799,0.304768,0.277408,0.161606,0.309578
290,0.195153,0.189239,0.160948,0.21504,0.205997,0.197935,0.254799,0.304768,0.277408,0.161606,0.309578
291,0.195153,0.189239,0.160948,0.21504,0.205997,0.197935,0.254799,0.304768,0.277408,0.178682,0.309578
292,0.195153,0.189239,0.160948,0.21504,0.205997,0.197935,0.254799,0.304768,0.277408,0.172445,0.309578
293,0.195153,0.189239,0.160948,0.21504,0.205997,0.197935,0.254799,0.304768,0.277408,0.172445,0.299126
294,0.195153,0.182538,0.160948,0.21504,0.205997,0.197935,0.254799,0.304768,0.277408,0.172445,0.299126
295,0.195153,0.182538,0.160948,0.21504,0.205997,0.197935,0.267457,0.304768,0.277408,0.172445,0.299126
296,0.195153,0.182538,0.160948,0.21504,0.205997,0.197935,0.258994,0.304768,0.277408,0.172445,0.299126
297,0.195153,0.182538,0.160948,0.21504,0.205997,0.197935,0.258994,0.308542,0.277408,0.172445,0.299126
298,0.195153,0.182538,0.160948,0.21504,0.205997,0.197935,0.258994,0.319053,0.277408,0.172445,0.299126
299,0.195153,0.182538,0.160948,0.21504,0.205997,0.197935,0.258994,0.311004,0.277408,0.172445,0.299126
300,0.195153,0.182538,0.160948,0.21504,0.205997,0.197679,0.258994,0.311004,0.277408,0.172445,0.299126
301,0.246343,0.182538,0.160948,0.21504,0.205997,0.197679,0.258994,0.311004,0.277408,0.172445,0.299126
302,0.250256,0.182538,0.160948,0.21504,0.205997,0.197679,0.258994,0.311004,0.277408,0.172445,0.299126
303,0.251403,0.182538,0.160948,0.21504,0.205997,0.197679,0.258994,0.311004,0.277408,0.172445,0.299126
304,0.273642,0.182538,0.160948,0.21504,0.205997,0.197679,0.258994,0.311004,0.277408,0.172445,0.299126
305,0.254392,0.182538,0.160948,0.21504,0.205997,0.197679,0.258994,0.311004,0.277408,0.172445,0.299126
306,0.254392,0.182538,0.160948,0.21504,0.205997,0.197679,0.258994,0.311004,0.272881,0.172445,0.299126
307,0.254392,0.182538,0.160948,0.21504,0.201752,0.197679,0.258994,0.311004,0.272881,0.172445,0.299126
308,0.270869,0.182538,0.160948,0.21504,0.201752,0.197679,0.258994,0.311004,0.272881,0.172445,0.299126
309,0.262132,0.182538,0.160948,0.21504,0.201752,0.197679,0.258994,0.311004,0.272881,0.172445,0.299126
310,0.262132,0.182538,0.150534,0.21504,0.201752,0.197679,0.258994,0.311004,0.272881,0.172445,0.299126
311,0.262132,0.182538,0.150534,0.21504,0.201752,0.197679,0.258994,0.311004,0.272881,0.172445,0.306999
312,0.262132,0.182538,0.150534,0.21504,0.201752,0.197679,0.258994,0.311004,0.272881,0.172445,0.298471
313,0.262132,0.182538,0.150534,0.220129,0.201752,0.197679,0.258994,0.311004,0.272881,0.172445,0.298471
314,0.262132,0.182538,0.150534,0.220129,0.201752,0.197679,0.258994,0.311004,0.272881,0.17818,0.298471
315,0.262132,0.182538,0.150534,0.220129,0.201752,0.197679,0.287197,0.311004,0.272881,0.17818,0.298471
316,0.262132,0.182538,0.150534,0.220129,0.201752,0.197679,0.291514,0.311004,0.272881,0.17818,0.298471
317,0.262132,0.182538,0.150534,0.220129,0.201752,0.197679,0.308787,0.311004,0.272881,0.17818,0.298471
318,0.262132,0.182538,0.150534,0.220129,0.201752,0.197679,0.308216,0.311004,0.272881,0.17818,0.298471
319,0.262132,0.182538,0.150534,0.220129,0.201752,0.197679,0.329695,0.311004,0.272881,0.17818,0.298471
320,0.262132,0.182538,0.150534,0.220129,0.201752,0.197679,0.320537,0.311004,0.272881,0.17818,0.298471
321,0.262132,0.182538,0.150534,0.220129,0.201752,0.197679,0.316942,0.311004,0.272881,0.17818,0.298471
322,0.262132,0.182538,0.150534,0.220129,0.201752,0.197679,0.316942,0.303969,0.272881,0.17818,0.298471
323,0.262132,0.182538,0.150534,0.220129,0.201752,0.198001,0.316942,0.303969,0.272881,0.17818,0.298471
324,0.262132,0.202179,0.150534,0.220129,0.201752,0.198001,0.316942,0.303969,0.272881,0.17818,0.298471
325,0.262132,0.194403,0.150534,0.220129,0.201752,0.198001,0.316942,0.303969,0.272881,0.17818,0.298471
326,0.262132,0.194403,0.150534,0.220129,0.201752,0.198001,0.308807,0.303969,0.272881,0.17818,0.298471
327,0.262132,0.194403,0.150534,0.223158,0.201752,0.198001,0.308807,0.303969,0.272881,0.17818,0.298471
328,0.262132,0.194403,0.150534,0.223158,0.201752,0.198001,0.308807,0.303969,0.275685,0.17818,0.298471
329,0.260813,0.194403,0.150534,0.223158,0.201752,0.198001,0.308807,0.303969,0.275685,0.17818,0.298471
330,0.260813,0.194403,0.150534,0.223158,0.201752,0.198001,0.308807,0.303969,0.275685,0.172261,0.298471
331,0.260813,0.194403,0.150534,0.223158,0.181697,0.198001,0.308807,0.303969,0.275685,0.172261,0.298471
332,0.260813,0.194403,0.150534,0.223158,0.181697,0.198001,0.308807,0.303969,0.253853,0.172261,0.298471
333,0.260813,0.194403,0.150534,0.208607,0.181697,0.198001,0.308807,0.303969,0.253853,0.172261,0.298471
334,0.260813,0.194403,0.150534,0.208607,0.181697,0.198001,0.308807,0.303969,0.253853,0.172261,0.315876
335,0.260813,0.194403,0.150534,0.208607,0.181697,0.198001,0.308807,0.303969,0.253853,0.172261,0.309126
336,0.260813,0.194403,0.150534,0.208607,0.181697,0.190668,0.308807,0.303969,0.253853,0.172261,0.309126
337,0.260813,0.194403,0.150534,0.208607,0.181697,0.190668,0.308807,0.295853,0.253853,0.172261,0.309126
338,0.271788,0.194403,0.150534,0.208607,0.181697,0.190668,0.308807,0.295853,0.253853,0.172261,0.309126
339,0.263794,0.194403,0.150534,0.208607,0.181697,0.190668,0.308807,0.295853,0.253853,0.172261,0.309126
340,0.263794,0.220389,0.150534,0.208607,0.181697,0.190668,0.308807,0.295853,0.253853,0.172261,0.309126
341,0.263794,0.212518,0.150534,0.208607,0.181697,0.190668,0.308807,0.295853,0.253853,0.172261,0.309126
342,0.263794,0.212518,0.150534,0.208607,0.181697,0.190668,0.308807,0.295853,0.253853,0.172261,0.314457
343,0.263794,0.212518,0.150534,0.208607,0.181697,0.190668,0.303418,0.295853,0.253853,0.172261,0.314457
344,0.263794,0.212518,0.144262,0.208607,0.181697,0.190668,0.303418,0.295853,0.253853,0.172261,0.314457
345,0.263794,0.212518,0.144262,0.208607,0.181697,0.190668,0.303418,0.295853,0.253853,0.172261,0.303972
346,0.263794,0.21115,0.144262,0.208607,0.181697,0.190668,0.303418,0.295853,0.253853,0.172261,0.303972
347,0.263794,0.21115,0.144262,0.208607,0.181697,0.190668,0.303418,0.295853,0.253853,0.177374,0.303972
348,0.263794,0.21115,0.144262,0.208607,0.181697,0.190668,0.295853,0.295853,0.253853,0.177374,0.303972
349,0.263794,0.21115,0.144262,0.208607,0.181697,0.190668,0.295853,0.30389,0.253853,0.177374,0.303972
350,0.263794,0.21115,0.144262,0.208607,0.181697,0.190668,0.295853,0.296292,0.253853,0.177374,0.303972
351,0.256257,0.21115,0.144262,0.208607,0.181697,0.190668,0.295853,0.296292,0.253853,0.177374,0.303972
352,0.256257,0.21115,0.144262,0.208607,0.181697,0.217946,0.295853,0.296292,0.253853,0.177374,0.303972
353,0.256257,0.21115,0.144262,0.208607,0.181697,0.228973,0.295853,0.296292,0.253853,0.177374,0.303972
354,0.256257,0.21115,0.144262,0.208607,0.181697,0.246954,0.295853,0.296292,0.253853,0.177374,0.303972
355,0.256257,0.21115,0.144262,0.208607,0.181697,0.238987,0.295853,0.296292,0.253853,0.177374,0.303972
356,0.256257,0.21115,0.144262,0.208607,0.181697,0.242273,0.295853,0.296292,0.253853,0.177374,0.303972
357,0.256257,0.21115,0.144262,0.208607,0.181697,0.242273,0.295853,0.296292,0.253853,0.175919,0.303972
358,0.256257,0.21115,0.144262,0.208607,0.181697,0.251517,0.295853,0.296292,0.253853,0.175919,0.303972
359,0.256257,0.21115,0.144262,0.208607,0.181697,0.245034,0.295853,0.296292,0.253853,0.175919,0.303972
360,0.256257,0.197823,0.144262,0.208607,0.181697,0.245034,0.295853,0.296292,0.253853,0.175919,0.303972
361,0.256257,0.197823,0.144262,0.208607,0.181697,0.245034,0.295853,0.296292,0.253853,0.175919,0.298162
362,0.256257,0.197823,0.144262,0.19955,0.181697,0.245034,0.295853,0.296292,0.253853,0.175919,0.298162
363,0.256257,0.197823,0.144059,0.19955,0.181697,0.245034,0.295853,0.296292,0.253853,0.175919,0.298162
364,0.256257,0.197823,0.144059,0.19955,0.181697,0.245034,0.295853,0.296292,0.246429,0.175919,0.298162
365,0.256257,0.197823,0.144059,0.19955,0.194487,0.245034,0.295853,0.296292,0.246429,0.175919,0.298162
366,0.256257,0.197823,0.144059,0.19955,0.183504,0.245034,0.295853,0.296292,0.246429,0.175919,0.298162
367,0.256257,0.197823,0.144059,0.19955,0.183504,0.245034,0.295853,0.29441,0.246429,0.175919,0.298162
368,0.256257,0.197823,0.144059,0.19955,0.183504,0.245034,0.289195,0.29441,0.246429,0.175919,0.298162
369,0.256257,0.197823,0.144059,0.19955,0.183504,0.245034,0.289195,0.29441,0.246429,0.169836,0.298162
370,0.255362,0.197823,0.144059,0.19955,0.183504,0.245034,0.289195,0.29441,0.246429,0.169836,0.298162
371,0.255362,0.197823,0.144059,0.19955,0.183504,0.245034,0.289195,0.29441,0.246429,0.169836,0.291352
372,0.255362,0.197823,0.144059,0.19955,0.183504,0.240282,0.289195,0.29441,0.246429,0.169836,0.291352
373,0.255362,0.197823,0.143391,0.19955,0.183504,0.240282,0.289195,0.29441,0.246429,0.169836,0.291352
374,0.255362,0.197823,0.143391,0.19955,0.183504,0.240282,0.289195,0.287401,0.246429,0.169836,0.291352
375,0.253037,0.197823,0.143391,0.19955,0.183504,0.240282,0.289195,0.287401,0.246429,0.169836,0.291352
376,0.253037,0.197823,0.143391,0.19955,0.183504,0.240282,0.289195,0.287401,0.262682,0.169836,0.291352
377,0.253037,0.197823,0.143391,0.19955,0.183504,0.240282,0.289195,0.287401,0.265082,0.169836,0.291352
378,0.253037,0.197823,0.143391,0.19955,0.183504,0.240282,0.289195,0.287401,0.263493,0.169836,0.291352
379,0.253037,0.197823,0.143391,0.193681,0.183504,0.240282,0.289195,0.287401,0.263493,0.169836,0.291352
380,0.253037,0.197823,0.143391,0.193681,0.183504,0.240282,0.28752,0.287401,0.263493,0.169836,0.291352
381,0.253037,0.193743,0.143391,0.193681,0.183504,0.240282,0.28752,0.287401,0.263493,0.169836,0.291352
382,0.253037,0.193743,0.143391,0.193681,0.201221,0.240282,0.28752,0.287401,0.263493,0.169836,0.291352
383,0.253037,0.193743,0.143391,0.193681,0.197997,0.240282,0.28752,0.287401,0.263493,0.169836,0.291352
384,0.253037,0.193743,0.143391,0.193681,0.197997,0.240282,0.28752,0.287401,0.263493,0.169836,0.286867
385,0.253037,0.193743,0.143391,0.193681,0.197997,0.233608,0.28752,0.287401,0.263493,0.169836,0.286867
386,0.253037,0.193743,0.143391,0.193681,0.197997,0.233608,0.28752,0.287401,0.256737,0.169836,0.286867
387,0.253037,0.193743,0.143391,0.193681,0.197997,0.233608,0.28752,0.287401,0.256737,0.188938,0.286867
388,0.253037,0.193743,0.143391,0.193681,0.197997,0.233608,0.28752,0.287401,0.256737,0.185832,0.286867
389,0.252891,0.193743,0.143391,0.193681,0.197997,0.233608,0.28752,0.287401,0.256737,0.185832,0.286867
390,0.252891,0.193743,0.157179,0.193681,0.197997,0.233608,0.28752,0.287401,0.256737,0.185832,0.286867
391,0.252891,0.193743,0.147323,0.193681,0.197997,0.233608,0.28752,0.287401,0.256737,0.185832,0.286867
392,0.252891,0.193743,0.147323,0.193681,0.197997,0.233608,0.299772,0.287401,0.256737,0.185832,0.286867
393,0.252891,0.193743,0.147323,0.193681,0.197997,0.233608,0.302257,0.287401,0.256737,0.185832,0.286867
394,0.252891,0.193743,0.147323,0.193681,0.197997,0.233608,0.309333,0.287401,0.256737,0.185832,0.286867
395,0.252891,0.193743,0.147323,0.193681,0.197997,0.233608,0.30297,0.287401,0.256737,0.185832,0.286867
396,0.252891,0.193743,0.147323,0.193681,0.197997,0.233608,0.30297,0.282792,0.256737,0.185832,0.286867
397,0.252891,0.193743,0.147323,0.193681,0.199863,0.233608,0.30297,0.282792,0.256737,0.185832,0.286867
398,0.252891,0.193743,0.147323,0.193681,0.199863,0.233608,0.30297,0.282792,0.256737,0.182446,0.286867
399,0.252891,0.187689,0.147323,0.193681,0.199863,0.233608,0.30297,0.282792,0.256737,0.182446,0.286867
400,0.252891,0.187689,0.147323,0.189154,0.199863,0.233608,0.30297,0.282792,0.256737,0.182446,0.286867
401,0.252891,0.187689,0.147323,0.189154,0.199863,0.233608,0.30297,0.282792,0.256737,0.182446,0.280423
402,0.243049,0.187689,0.147323,0.189154,0.199863,0.233608,0.30297,0.282792,0.256737,0.182446,0.280423
403,0.243049,0.187689,0.147323,0.189154,0.199863,0.233608,0.312374,0.282792,0.256737,0.182446,0.280423
404,0.243049,0.187689,0.147323,0.189154,0.199863,0.233608,0.324963,0.282792,0.256737,0.182446,0.280423
405,0.243049,0.187689,0.147323,0.189154,0.199863,0.233608,0.318428,0.282792,0.256737,0.182446,0.280423
406,0.243049,0.187689,0.147323,0.189154,0.199863,0.233608,0.313393,0.282792,0.256737,0.182446,0.280423
407,0.243049,0.187689,0.147323,0.189154,0.209621,0.233608,0.313393,0.282792,0.256737,0.182446,0.280423
408,0.243049,0.187689,0.147323,0.189154,0.211339,0.233608,0.313393,0.282792,0.256737,0.182446,0.280423
409,0.243049,0.187689,0.147323,0.189154,0.211339,0.233608,0.313393,0.282792,0.253668,0.182446,0.280423
410,0.243049,0.187689,0.147323,0.189154,0.211339,0.233608,0.313393,0.281484,0.253668,0.182446,0.280423
411,0.243049,0.187689,0.147323,0.189154,0.211339,0.227294,0.313393,0.281484,0.253668,0.182446,0.280423
412,0.243049,0.187689,0.147323,0.189154,0.205171,0.227294,0.313393,0.281484,0.253668,0.182446,0.280423
413,0.243049,0.187689,0.147323,0.189154,0.205171,0.227294,0.313393,0.281484,0.253668,0.176574,0.280423
414,0.243049,0.187689,0.147323,0.189154,0.205171,0.227294,0.313393,0.295362,0.253668,0.176574,0.280423
415,0.243049,0.187689,0.147323,0.189154,0.205171,0.227294,0.313393,0.284103,0.253668,0.176574,0.280423
416,0.243049,0.187689,0.147323,0.189154,0.205171,0.227294,0.33167,0.284103,0.253668,0.176574,0.280423
417,0.243049,0.187689,0.147323,0.189154,0.205171,0.227294,0.325292,0.284103,0.253668,0.176574,0.280423
418,0.243049,0.187689,0.147323,0.189154,0.205171,0.227294,0.319154,0.284103,0.253668,0.176574,0.280423
419,0.243049,0.187689,0.147323,0.189154,0.205171,0.227294,0.319154,0.284103,0.253668,0.176574,0.280011
420,0.243049,0.187689,0.167139,0.189154,0.205171,0.227294,0.319154,0.284103,0.253668,0.176574,0.280011
421,0.243049,0.187689,0.186316,0.189154,0.205171,0.227294,0.319154,0.284103,0.253668,0.176574,0.280011
422,0.243049,0.187689,0.180333,0.189154,0.205171,0.227294,0.319154,0.284103,0.253668,0.176574,0.280011
423,0.243049,0.187689,0.172903,0.189154,0.205171,0.227294,0.319154,0.284103,0.253668,0.176574,0.280011
424,0.243049,0.187689,0.172903,0.206564,0.205171,0.227294,0.319154,0.284103,0.253668,0.176574,0.280011
425,0.243049,0.187689,0.172903,0.207265,0.205171,0.227294,0.319154,0.284103,0.253668,0.176574,0.280011
426,0.243049,0.187689,0.172903,0.18954,0.205171,0.227294,0.319154,0.284103,0.253668,0.176574,0.280011
427,0.243049,0.187689,0.172903,0.18954,0.205171,0.227294,0.319154,0.284103,0.244472,0.176574,0.280011
428,0.243049,0.182022,0.172903,0.18954,0.205171,0.227294,0.319154,0.284103,0.244472,0.176574,0.280011
429,0.241994,0.182022,0.172903,0.18954,0.205171,0.227294,0.319154,0.284103,0.244472,0.176574,0.280011
430,0.241994,0.182022,0.172903,0.18954,0.205171,0.242584,0.319154,0.284103,0.244472,0.176574,0.280011
431,0.241994,0.182022,0.172903,0.18954,0.205171,0.249129,0.319154,0.284103,0.244472,0.176574,0.280011
432,0.241994,0.182022,0.172903,0.18954,0.205171,0.242803,0.319154,0.284103,0.244472,0.176574,0.280011
433,0.241994,0.182022,0.172903,0.18954,0.205171,0.242803,0.319154,0.284103,0.244472,0.176574,0.273418
434,0.241994,0.182022,0.172903,0.18954,0.205171,0.242803,0.319154,0.278058,0.244472,0.176574,0.273418
435,0.241994,0.182022,0.172903,0.18954,0.205171,0.242803,0.313244,0.278058,0.244472,0.176574,0.273418
436,0.241994,0.182022,0.172903,0.18954,0.201669,0.242803,0.313244,0.278058,0.244472,0.176574,0.273418
437,0.241994,0.182022,0.172903,0.18954,0.201669,0.234696,0.313244,0.278058,0.244472,0.176574,0.273418
438,0.23607,0.182022,0.172903,0.18954,0.201669,0.234696,0.313244,0.278058,0.244472,0.176574,0.273418
439,0.23607,0.182022,0.172903,0.18954,0.201669,0.234696,0.313244,0.278058,0.244472,0.17673,0.273418
440,0.23607,0.182022,0.169405,0.18954,0.201669,0.234696,0.313244,0.278058,0.244472,0.17673,0.273418
441,0.23607,0.177333,0.169405,0.18954,0.201669,0.234696,0.313244,0.278058,0.244472,0.17673,0.273418
442,0.23607,0.177333,0.169405,0.18954,0.201669,0.234696,0.313244,0.278058,0.244372,0.17673,0.273418
443,0.23607,0.177333,0.169405,0.18954,0.201669,0.234696,0.308054,0.278058,0.244372,0.17673,0.273418
444,0.23607,0.177333,0.169405,0.18954,0.201669,0.234696,0.308054,0.278058,0.244372,0.17673,0.276483
445,0.23607,0.177333,0.169405,0.18954,0.201669,0.234696,0.308054,0.294246,0.244372,0.17673,0.276483
446,0.23607,0.177333,0.169405,0.18954,0.201669,0.234696,0.308054,0.299668,0.244372,0.17673,0.276483
447,0.23607,0.177333,0.169405,0.18954,0.201669,0.234696,0.308054,0.298873,0.244372,0.17673,0.276483
448,0.23607,0.177333,0.169405,0.18954,0.201669,0.234696,0.308054,0.294365,0.244372,0.17673,0.276483
449,0.23607,0.177333,0.169405,0.18954,0.201669,0.234696,0.308054,0.294365,0.244372,0.17673,0.270723
450,0.23607,0.177333,0.169405,0.18954,0.201669,0.234696,0.308054,0.294365,0.244372,0.174103,0.270723
451,0.23607,0.177333,0.169405,0.18954,0.207324,0.234696,0.308054,0.294365,0.244372,0.174103,0.270723
452,0.23607,0.177333,0.169405,0.18954,0.207324,0.234696,0.308054,0.288528,0.244372,0.174103,0.270723
453,0.23607,0.177333,0.169405,0.18954,0.207324,0.234696,0.308054,0.288528,0.238689,0.174103,0.270723
454,0.23607,0.177333,0.169405,0.18954,0.210058,0.234696,0.308054,0.288528,0.238689,0.174103,0.270723
455,0.230449,0.177333,0.169405,0.18954,0.210058,0.234696,0.308054,0.288528,0.238689,0.174103,0.270723
456,0.230449,0.177333,0.169405,0.18954,0.210058,0.236073,0.308054,0.288528,0.238689,0.174103,0.270723
457,0.230449,0.177333,0.169405,0.184275,0.210058,0.236073,0.308054,0.288528,0.238689,0.174103,0.270723
458,0.230449,0.177333,0.169405,0.184275,0.210058,0.236073,0.304735,0.288528,0.238689,0.174103,0.270723
459,0.230449,0.177333,0.168905,0.184275,0.210058,0.236073,0.304735,0.288528,0.238689,0.174103,0.270723
460,0.230449,0.177333,0.168905,0.184275,0.215892,0.236073,0.304735,0.288528,0.238689,0.174103,0.270723
461,0.230449,0.173823,0.168905,0.184275,0.215892,0.236073,0.304735,0.288528,0.238689,0.174103,0.270723
462,0.230449,0.173823,0.168905,0.184275,0.209985,0.236073,0.304735,0.288528,0.238689,0.174103,0.270723
463,0.230449,0.173823,0.168905,0.184275,0.209985,0.246693,0.304735,0.288528,0.238689,0.174103,0.270723
464,0.230449,0.173823,0.168905,0.184275,0.209985,0.241062,0.304735,0.288528,0.238689,0.174103,0.270723
465,0.230449,0.173823,0.168905,0.184275,0.209985,0.241062,0.304735,0.288528,0.238689,0.174103,0.280761
466,0.230449,0.173823,0.168905,0.184275,0.209985,0.241062,0.304735,0.288528,0.238689,0.174103,0.284714
467,0.230449,0.173823,0.168905,0.184275,0.209985,0.241062,0.304735,0.288528,0.238689,0.174103,0.294664
468,0.230449,0.173823,0.168905,0.184275,0.209985,0.241062,0.304735,0.288528,0.238689,0.174103,0.288997
469,0.230449,0.173823,0.168905,0.184275,0.209985,0.241062,0.304735,0.288528,0.238689,0.176972,0.288997
470,0.230449,0.173823,0.168905,0.184275,0.209985,0.241062,0.304735,0.288528,0.238689,0.176972,0.288405
471,0.230449,0.173823,0.168905,0.184275,0.209985,0.241062,0.304735,0.289352,0.238689,0.176972,0.288405
472,0.230449,0.173823,0.168905,0.184275,0.209985,0.241062,0.304735,0.289352,0.234904,0.176972,0.288405
473,0.230449,0.173823,0.168905,0.184275,0.209985,0.241062,0.31251,0.289352,0.234904,0.176972,0.288405
474,0.230449,0.173823,0.168905,0.184275,0.209985,0.241062,0.3151,0.289352,0.234904,0.176972,0.288405
475,0.230449,0.173823,0.168905,0.184275,0.209985,0.241062,0.325163,0.289352,0.234904,0.176972,0.288405
476,0.230449,0.173823,0.168905,0.184275,0.209985,0.241062,0.336112,0.289352,0.234904,0.176972,0.288405
477,0.230449,0.173823,0.168905,0.184275,0.209985,0.241062,0.33972,0.289352,0.234904,0.176972,0.288405
478,0.230449,0.173823,0.168905,0.184275,0.209985,0.241062,0.33878,0.289352,0.234904,0.176972,0.288405
479,0.230449,0.173823,0.168905,0.184275,0.209985,0.241062,0.333202,0.289352,0.234904,0.176972,0.288405
480,0.230449,0.173823,0.168905,0.184275,0.209985,0.241062,0.330532,0.289352,0.234904,0.176972,0.288405
481,0.22509,0.173823,0.168905,0.184275,0.209985,0.241062,0.330532,0.289352,0.234904,0.176972,0.288405
482,0.22509,0.173823,0.168905,0.184275,0.209985,0.241062,0.330532,0.278241,0.234904,0.176972,0.288405
483,0.22509,0.173823,0.180752,0.184275,0.209985,0.241062,0.330532,0.278241,0.234904,0.176972,0.288405
484,0.22509,0.173823,0.175726,0.184275,0.209985,0.241062,0.330532,0.278241,0.234904,0.176972,0.288405
485,0.22509,0.173823,0.175726,0.184275,0.209985,0.241062,0.330532,0.278241,0.234904,0.176972,0.281263
486,0.22509,0.173823,0.175726,0.184275,0.209985,0.241062,0.330532,0.278241,0.234904,0.168666,0.281263
487,0.22509,0.173823,0.175726,0.184275,0.209985,0.234882,0.330532,0.278241,0.234904,0.168666,0.281263
488,0.22509,0.173823,0.175726,0.198344,0.209985,0.234882,0.330532,0.278241,0.234904,0.168666,0.281263
489,0.22509,0.173823,0.175726,0.195511,0.209985,0.234882,0.330532,0.278241,0.234904,0.168666,0.281263
490,0.22509,0.173823,0.175726,0.195511,0.209985,0.234882,0.333483,0.278241,0.234904,0.168666,0.281263
491,0.22509,0.173823,0.175726,0.195511,0.209985,0.234882,0.331852,0.278241,0.234904,0.168666,0.281263
492,0.22509,0.170421,0.175726,0.195511,0.209985,0.234882,0.331852,0.278241,0.234904,0.168666,0.281263
493,0.22509,0.170421,0.175726,0.195511,0.204078,0.234882,0.331852,0.278241,0.234904,0.168666,0.281263
494,0.22509,0.170421,0.175726,0.197502,0.204078,0.234882,0.331852,0.278241,0.234904,0.168666,0.281263
495,0.22509,0.170421,0.175726,0.197502,0.204078,0.234882,0.331852,0.278241,0.232077,0.168666,0.281263
496,0.22509,0.170421,0.175726,0.197502,0.204078,0.234882,0.323424,0.278241,0.232077,0.168666,0.281263
497,0.22509,0.170421,0.172666,0.197502,0.204078,0.234882,0.323424,0.278241,0.232077,0.168666,0.281263
498,0.221628,0.170421,0.172666,0.197502,0.204078,0.234882,0.323424,0.278241,0.232077,0.168666,0.281263
499,0.221628,0.170421,0.172666,0.194189,0.204078,0.234882,0.323424,0.278241,0.232077,0.168666,0.281263
500,0.221628,0.170421,0.172666,0.194189,0.204078,0.234882,0.323424,0.278241,0.232077,0.168666,0.283161
501,0.221628,0.170421,0.172666,0.194189,0.204078,0.213248,0.323424,0.278241,0.232077,0.168666,0.283161
502,0.221628,0.170421,0.172666,0.194189,0.204078,0.213248,0.323424,0.278241,0.232077,0.168666,0.286001
503,0.221628,0.165903,0.172666,0.194189,0.204078,0.213248,0.323424,0.278241,0.232077,0.168666,0.286001
504,0.221628,0.165903,0.172666,0.194189,0.204078,0.213248,0.323424,0.275511,0.232077,0.168666,0.286001
505,0.221628,0.165903,0.172666,0.194189,0.204078,0.213248,0.323424,0.275511,0.223448,0.168666,0.286001
506,0.221628,0.165903,0.172666,0.194189,0.204078,0.213248,0.323424,0.275511,0.223448,0.168666,0.29125
507,0.221628,0.165903,0.172666,0.194189,0.204078,0.213248,0.323424,0.275511,0.223448,0.168666,0.286228
508,0.221628,0.165903,0.172666,0.194189,0.204078,0.213248,0.323424,0.275511,0.223448,0.16408,0.286228
509,0.221628,0.165903,0.172666,0.194189,0.207771,0.213248,0.323424,0.275511,0.223448,0.16408,0.286228
510,0.221628,0.165903,0.172666,0.194189,0.207771,0.213248,0.318511,0.275511,0.223448,0.16408,0.286228
511,0.216703,0.165903,0.172666,0.194189,0.207771,0.213248,0.318511,0.275511,0.223448,0.16408,0.286228
512,0.216703,0.165903,0.176042,0.194189,0.207771,0.213248,0.318511,0.275511,0.223448,0.16408,0.286228
513,0.216703,0.165903,0.176042,0.194189,0.212562,0.213248,0.318511,0.275511,0.223448,0.16408,0.286228
514,0.216703,0.165903,0.176042,0.189842,0.212562,0.213248,0.318511,0.275511,0.223448,0.16408,0.286228
515,0.216703,0.165903,0.176042,0.189842,0.212562,0.213248,0.318511,0.266445,0.223448,0.16408,0.286228
516,0.216703,0.165903,0.176042,0.189842,0.208362,0.213248,0.318511,0.266445,0.223448,0.16408,0.286228
517,0.216703,0.165903,0.176042,0.189842,0.208362,0.213248,0.318511,0.266445,0.223448,0.16408,0.284742
518,0.216703,0.165903,0.174847,0.189842,0.208362,0.213248,0.318511,0.266445,0.223448,0.16408,0.284742
519,0.216703,0.165903,0.174847,0.189842,0.208362,0.213248,0.324625,0.266445,0.223448,0.16408,0.284742
520,0.216703,0.165903,0.174847,0.189842,0.208362,0.213248,0.325367,0.266445,0.223448,0.16408,0.284742
521,0.216703,0.165903,0.174847,0.189842,0.208362,0.213248,0.325985,0.266445,0.223448,0.16408,0.284742
522,0.216703,0.187039,0.174847,0.189842,0.208362,0.213248,0.325985,0.266445,0.223448,0.16408,0.284742
523,0.216703,0.18166,0.174847,0.189842,0.208362,0.213248,0.325985,0.266445,0.223448,0.16408,0.284742
524,0.216703,0.176217,0.174847,0.189842,0.208362,0.213248,0.325985,0.266445,0.223448,0.16408,0.284742
525,0.216703,0.176217,0.174847,0.189842,0.208362,0.213248,0.321457,0.266445,0.223448,0.16408,0.284742
526,0.216703,0.176217,0.174847,0.189842,0.208362,0.213248,0.321457,0.266445,0.223448,0.162278,0.284742
527,0.216703,0.176217,0.174847,0.189842,0.208362,0.213248,0.321457,0.266445,0.223448,0.162278,0.299265
528,0.216703,0.176217,0.174847,0.189842,0.208362,0.213248,0.321457,0.266445,0.223448,0.162278,0.285459
529,0.216703,0.176217,0.174847,0.189842,0.208362,0.213248,0.321457,0.266445,0.237044,0.162278,0.285459
530,0.216703,0.176217,0.174847,0.189842,0.208362,0.213248,0.321457,0.266445,0.232473,0.162278,0.285459
531,0.211992,0.176217,0.174847,0.189842,0.208362,0.213248,0.321457,0.266445,0.232473,0.162278,0.285459
532,0.211992,0.176217,0.174847,0.189842,0.208362,0.213248,0.321457,0.266445,0.240609,0.162278,0.285459
533,0.211992,0.176217,0.174847,0.189842,0.208362,0.213248,0.321457,0.266445,0.239848,0.162278,0.285459
534,0.211992,0.176217,0.174847,0.195495,0.208362,0.213248,0.321457,0.266445,0.239848,0.162278,0.285459
535,0.211992,0.176217,0.174847,0.195495,0.204403,0.213248,0.321457,0.266445,0.239848,0.162278,0.285459
536,0.211992,0.176217,0.174847,0.202554,0.204403,0.213248,0.321457,0.266445,0.239848,0.162278,0.285459
537,0.211992,0.176217,0.174847,0.187468,0.204403,0.213248,0.321457,0.266445,0.239848,0.162278,0.285459
538,0.211992,0.176217,0.189954,0.187468,0.204403,0.213248,0.321457,0.266445,0.239848,0.162278,0.285459
539,0.211992,0.176217,0.196492,0.187468,0.204403,0.213248,0.321457,0.266445,0.239848,0.162278,0.285459
540,0.211992,0.176217,0.197937,0.187468,0.204403,0.213248,0.321457,0.266445,0.239848,0.162278,0.285459
541,0.211992,0.176217,0.208398,0.187468,0.204403,0.213248,0.321457,0.266445,0.239848,0.162278,0.285459
542,0.211992,0.176217,0.203662,0.187468,0.204403,0.213248,0.321457,0.266445,0.239848,0.162278,0.285459
543,0.211992,0.176217,0.203662,0.187468,0.204403,0.213248,0.321457,0.266445,0.242657,0.162278,0.285459
544,0.211992,0.176217,0.203662,0.187468,0.204403,0.213248,0.321457,0.261771,0.242657,0.162278,0.285459
545,0.211992,0.176217,0.203662,0.187468,0.204403,0.213248,0.321457,0.261771,0.242657,0.162278,0.285377
546,0.211992,0.176217,0.203662,0.187468,0.204403,0.213248,0.315563,0.261771,0.242657,0.162278,0.285377
547,0.211992,0.176217,0.203662,0.187468,0.204403,0.213248,0.315563,0.261771,0.246651,0.162278,0.285377
548,0.211992,0.176217,0.203662,0.187468,0.204403,0.213248,0.315563,0.261771,0.241998,0.162278,0.285377
549,0.211992,0.176217,0.196058,0.187468,0.204403,0.213248,0.315563,0.261771,0.241998,0.162278,0.285377
550,0.211992,0.176217,0.196058,0.187468,0.204403,0.213248,0.315563,0.261771,0.241998,0.159477,0.285377
551,0.211992,0.18055,0.196058,0.187468,0.204403,0.213248,0.315563,0.261771,0.241998,0.159477,0.285377
552,0.211992,0.18055,0.196058,0.187468,0.204403,0.209778,0.315563,0.261771,0.241998,0.159477,0.285377
553,0.211992,0.18055,0.196058,0.187468,0.204403,0.209778,0.315563,0.261771,0.241998,0.159477,0.288874
554,0.211992,0.18055,0.196058,0.187468,0.204403,0.209778,0.315563,0.261771,0.241998,0.159477,0.28436
555,0.216792,0.18055,0.196058,0.187468,0.204403,0.209778,0.315563,0.261771,0.241998,0.159477,0.28436
556,0.216792,0.188062,0.196058,0.187468,0.204403,0.209778,0.315563,0.261771,0.241998,0.159477,0.28436
557,0.216792,0.184275,0.196058,0.187468,0.204403,0.209778,0.315563,0.261771,0.241998,0.159477,0.28436
558,0.215512,0.184275,0.196058,0.187468,0.204403,0.209778,0.315563,0.261771,0.241998,0.159477,0.28436
559,0.215512,0.184275,0.196058,0.187468,0.199959,0.209778,0.315563,0.261771,0.241998,0.159477,0.28436
560,0.215512,0.184275,0.196058,0.187468,0.199959,0.209778,0.315563,0.255249,0.241998,0.159477,0.28436
561,0.215512,0.184275,0.196058,0.187468,0.199959,0.209778,0.31014,0.255249,0.241998,0.159477,0.28436
562,0.215512,0.184275,0.196058,0.187468,0.199959,0.209778,0.31014,0.255249,0.245962,0.159477,0.28436
563,0.215512,0.184275,0.196058,0.187468,0.199959,0.209778,0.31014,0.255249,0.240528,0.159477,0.28436
564,0.215512,0.184275,0.196058,0.187468,0.199959,0.209778,0.31014,0.255249,0.240528,0.15549,0.28436
565,0.215512,0.184275,0.196058,0.187468,0.199959,0.209778,0.31014,0.255249,0.240528,0.15549,0.291452
566,0.215512,0.184275,0.196058,0.187468,0.199959,0.209778,0.31014,0.255249,0.240528,0.15549,0.278852
567,0.211114,0.184275,0.196058,0.187468,0.199959,0.209778,0.31014,0.255249,0.240528,0.15549,0.278852
568,0.211114,0.184275,0.196058,0.187468,0.199959,0.205407,0.31014,0.255249,0.240528,0.15549,0.278852
569,0.211114,0.189539,0.196058,0.187468,0.199959,0.205407,0.31014,0.255249,0.240528,0.15549,0.278852
570,0.211114,0.189539,0.190969,0.187468,0.199959,0.205407,0.31014,0.255249,0.240528,0.15549,0.278852
571,0.211114,0.185543,0.190969,0.187468,0.199959,0.205407,0.31014,0.255249,0.240528,0.15549,0.278852
572,0.211114,0.185543,0.190969,0.187468,0.199355,0.205407,0.31014,0.255249,0.240528,0.15549,0.278852
573,0.211114,0.185543,0.190969,0.180681,0.199355,0.205407,0.31014,0.255249,0.240528,0.15549,0.278852
574,0.211114,0.185543,0.190969,0.180681,0.199355,0.205407,0.313238,0.255249,0.240528,0.15549,0.278852
575,0.211114,0.185543,0.190969,0.180681,0.199355,0.205407,0.308774,0.255249,0.240528,0.15549,0.278852
576,0.211114,0.185543,0.190969,0.180681,0.199355,0.205407,0.308774,0.261078,0.240528,0.15549,0.278852
577,0.211114,0.185543,0.190969,0.180681,0.199355,0.205407,0.308774,0.254097,0.240528,0.15549,0.278852
578,0.211114,0.185543,0.190969,0.180681,0.199355,0.205407,0.308774,0.254097,0.243216,0.15549,0.278852
579,0.215844,0.185543,0.190969,0.180681,0.199355,0.205407,0.308774,0.254097,0.243216,0.15549,0.278852
580,0.222232,0.185543,0.190969,0.180681,0.199355,0.205407,0.308774,0.254097,0.243216,0.15549,0.278852
581,0.215184,0.185543,0.190969,0.180681,0.199355,0.205407,0.308774,0.254097,0.243216,0.15549,0.278852
582,0.215184,0.185543,0.190969,0.180681,0.199355,0.211216,0.308774,0.254097,0.243216,0.15549,0.278852
583,0.215184,0.185543,0.190969,0.180681,0.199355,0.202714,0.308774,0.254097,0.243216,0.15549,0.278852
584,0.215184,0.185543,0.190969,0.180681,0.199355,0.202714,0.308774,0.254097,0.242812,0.15549,0.278852
585,0.215184,0.185543,0.190969,0.180681,0.201066,0.202714,0.308774,0.254097,0.242812,0.15549,0.278852
586,0.215184,0.185543,0.190969,0.180681,0.201066,0.202714,0.308774,0.254097,0.242812,0.16407,0.278852
587,0.215184,0.185543,0.190969,0.180681,0.201066,0.202714,0.308774,0.254097,0.242812,0.152554,0.278852
588,0.215184,0.185543,0.190969,0.180681,0.201066,0.202714,0.308774,0.254097,0.242812,0.152554,0.274452
589,0.215184,0.185543,0.190969,0.180681,0.201066,0.202714,0.310765,0.254097,0.242812,0.152554,0.274452
590,0.215184,0.196301,0.190969,0.180681,0.201066,0.202714,0.310765,0.254097,0.242812,0.152554,0.274452
591,0.215184,0.192705,0.190969,0.180681,0.201066,0.202714,0.310765,0.254097,0.242812,0.152554,0.274452
592,0.215184,0.192705,0.190969,0.180681,0.201066,0.202714,0.311304,0.254097,0.242812,0.152554,0.274452
593,0.215184,0.192705,0.201221,0.180681,0.201066,0.202714,0.311304,0.254097,0.242812,0.152554,0.274452
594,0.215184,0.192705,0.216393,0.180681,0.201066,0.202714,0.311304,0.254097,0.242812,0.152554,0.274452
595,0.215184,0.192705,0.221517,0.180681,0.201066,0.202714,0.311304,0.254097,0.242812,0.152554,0.274452
596,0.215184,0.192705,0.218117,0.180681,0.201066,0.202714,0.311304,0.254097,0.242812,0.152554,0.274452
597,0.215184,0.192705,0.203176,0.180681,0.201066,0.202714,0.311304,0.254097,0.242812,0.152554,0.274452
598,0.215184,0.192705,0.203176,0.180681,0.213781,0.202714,0.311304,0.254097,0.242812,0.152554,0.274452
599,0.215184,0.192705,0.203176,0.180681,0.210074,0.202714,0.311304,0.254097,0.242812,0.152554,0.274452
600,0.215184,0.192705,0.203176,0.180681,0.210074,0.202714,0.311304,0.254097,0.246988,0.152554,0.274452
601,0.215184,0.192705,0.203176,0.180681,0.210074,0.202714,0.311304,0.254097,0.24769,0.152554,0.274452
602,0.215184,0.192705,0.203176,0.180681,0.210074,0.202714,0.30737,0.254097,0.24769,0.152554,0.274452
603,0.215184,0.192705,0.203176,0.180681,0.205955,0.202714,0.30737,0.254097,0.24769,0.152554,0.274452
604,0.215184,0.192705,0.203176,0.180681,0.205955,0.202714,0.30737,0.250774,0.24769,0.152554,0.274452
605,0.215184,0.193824,0.203176,0.180681,0.205955,0.202714,0.30737,0.250774,0.24769,0.152554,0.274452
606,0.215184,0.193824,0.203176,0.191222,0.205955,0.202714,0.30737,0.250774,0.24769,0.152554,0.274452
607,0.215184,0.193824,0.203176,0.197812,0.205955,0.202714,0.30737,0.250774,0.24769,0.152554,0.274452
608,0.215184,0.193824,0.203176,0.194235,0.205955,0.202714,0.30737,0.250774,0.24769,0.152554,0.274452
609,0.215184,0.193824,0.203176,0.194235,0.205955,0.202714,0.30737,0.250774,0.255932,0.152554,0.274452
610,0.215184,0.193824,0.203176,0.194235,0.205955,0.202714,0.30737,0.250774,0.253094,0.152554,0.274452
611,0.215184,0.193824,0.203176,0.194235,0.205955,0.202714,0.30737,0.250774,0.253094,0.152554,0.26207
612,0.214497,0.193824,0.203176,0.194235,0.205955,0.202714,0.30737,0.250774,0.253094,0.152554,0.26207
613,0.214497,0.193824,0.203176,0.194235,0.205955,0.202714,0.30737,0.250774,0.250858,0.152554,0.26207
614,0.214497,0.193824,0.203176,0.187543,0.205955,0.202714,0.30737,0.250774,0.250858,0.152554,0.26207
615,0.214497,0.201731,0.203176,0.187543,0.205955,0.202714,0.30737,0.250774,0.250858,0.152554,0.26207
616,0.214497,0.203004,0.203176,0.187543,0.205955,0.202714,0.30737,0.250774,0.250858,0.152554,0.26207
617,0.214497,0.203004,0.203176,0.187543,0.205955,0.202714,0.304751,0.250774,0.250858,0.152554,0.26207
618,0.214497,0.199023,0.203176,0.187543,0.205955,0.202714,0.304751,0.250774,0.250858,0.152554,0.26207
619,0.214497,0.199023,0.203176,0.187543,0.205955,0.202714,0.304751,0.24673,0.250858,0.152554,0.26207
620,0.214497,0.199023,0.203176,0.187543,0.205955,0.206606,0.304751,0.24673,0.250858,0.152554,0.26207
621,0.214497,0.199023,0.203176,0.187543,0.205955,0.202884,0.304751,0.24673,0.250858,0.152554,0.26207
622,0.214497,0.199023,0.203176,0.187543,0.209816,0.202884,0.304751,0.24673,0.250858,0.152554,0.26207
623,0.214497,0.199023,0.203176,0.187543,0.211998,0.202884,0.304751,0.24673,0.250858,0.152554,0.26207
624,0.209543,0.199023,0.203176,0.187543,0.211998,0.202884,0.304751,0.24673,0.250858,0.152554,0.26207
625,0.209543,0.199023,0.203176,0.187543,0.211998,0.202884,0.304751,0.24673,0.257032,0.152554,0.26207
626,0.209543,0.199023,0.203176,0.187543,0.211998,0.202884,0.304751,0.24673,0.259874,0.152554,0.26207
627,0.209543,0.199023,0.203176,0.187543,0.211998,0.202884,0.304751,0.24673,0.255776,0.152554,0.26207
628,0.209543,0.199023,0.203176,0.187543,0.211998,0.202884,0.304751,0.24673,0.255776,0.149242,0.26207
629,0.209543,0.199023,0.203176,0.187543,0.211998,0.202884,0.30096,0.24673,0.255776,0.149242,0.26207
630,0.209543,0.199023,0.209368,0.187543,0.211998,0.202884,0.30096,0.24673,0.255776,0.149242,0.26207
631,0.209543,0.199023,0.205279,0.187543,0.211998,0.202884,0.30096,0.24673,0.255776,0.149242,0.26207
632,0.209543,0.199023,0.205279,0.187543,0.218244,0.202884,0.30096,0.24673,0.255776,0.149242,0.26207
633,0.209543,0.199023,0.205279,0.187543,0.214436,0.202884,0.30096,0.24673,0.255776,0.149242,0.26207
634,0.209543,0.199023,0.205279,0.187543,0.214436,0.202884,0.30096,0.247215,0.255776,0.149242,0.26207
635,0.209543,0.189738,0.205279,0.187543,0.214436,0.202884,0.30096,0.247215,0.255776,0.149242,0.26207
636,0.209543,0.189738,0.205279,0.187543,0.214436,0.202884,0.30096,0.247215,0.238268,0.149242,0.26207
637,0.209543,0.189738,0.205279,0.187543,0.214436,0.199118,0.30096,0.247215,0.238268,0.149242,0.26207
638,0.209543,0.189738,0.205279,0.186764,0.214436,0.199118,0.30096,0.247215,0.238268,0.149242,0.26207
639,0.209543,0.189738,0.205279,0.186764,0.214436,0.199118,0.304267,0.247215,0.238268,0.149242,0.26207
640,0.209543,0.189738,0.205279,0.186764,0.214436,0.199118,0.300601,0.247215,0.238268,0.149242,0.26207
641,0.209543,0.189738,0.205279,0.186764,0.214436,0.199118,0.300601,0.247551,0.238268,0.149242,0.26207
642,0.209543,0.189738,0.205279,0.186764,0.212684,0.199118,0.300601,0.247551,0.238268,0.149242,0.26207
643,0.209543,0.189738,0.207663,0.186764,0.212684,0.199118,0.300601,0.247551,0.238268,0.149242,0.26207
644,0.220842,0.189738,0.207663,0.186764,0.212684,0.199118,0.300601,0.247551,0.238268,0.149242,0.26207
645,0.222216,0.189738,0.207663,0.186764,0.212684,0.199118,0.300601,0.247551,0.238268,0.149242,0.26207
646,0.217159,0.189738,0.207663,0.186764,0.212684,0.199118,0.300601,0.247551,0.238268,0.149242,0.26207
647,0.217159,0.189738,0.207663,0.186764,0.212684,0.199118,0.300601,0.247551,0.238268,0.149242,0.257745
648,0.217159,0.189738,0.207663,0.186764,0.212684,0.199118,0.300601,0.247551,0.238268,0.139497,0.257745
649,0.217159,0.189738,0.207663,0.186764,0.212684,0.199118,0.300601,0.254814,0.238268,0.139497,0.257745
650,0.217159,0.189738,0.207663,0.186764,0.212684,0.199118,0.300601,0.26097,0.238268,0.139497,0.257745
651,0.217159,0.189738,0.207663,0.186764,0.212684,0.199118,0.300601,0.257075,0.238268,0.139497,0.257745
652,0.217159,0.189738,0.204519,0.186764,0.212684,0.199118,0.300601,0.257075,0.238268,0.139497,0.257745
653,0.217159,0.189738,0.204519,0.186764,0.212684,0.199118,0.300601,0.253295,0.238268,0.139497,0.257745
654,0.217159,0.189738,0.204519,0.192631,0.212684,0.199118,0.300601,0.253295,0.238268,0.139497,0.257745
655,0.217159,0.189738,0.204519,0.188926,0.212684,0.199118,0.300601,0.253295,0.238268,0.139497,0.257745
656,0.217159,0.189738,0.204519,0.188926,0.212684,0.199118,0.307293,0.253295,0.238268,0.139497,0.257745
657,0.217159,0.189738,0.204519,0.188926,0.212684,0.199118,0.303678,0.253295,0.238268,0.139497,0.257745
658,0.217159,0.189738,0.204519,0.188926,0.212684,0.199118,0.300651,0.253295,0.238268,0.139497,0.257745
659,0.214428,0.189738,0.204519,0.188926,0.212684,0.199118,0.300651,0.253295,0.238268,0.139497,0.257745
660,0.214428,0.189738,0.204519,0.188926,0.208953,0.199118,0.300651,0.253295,0.238268,0.139497,0.257745
661,0.214428,0.189738,0.204519,0.188926,0.208953,0.184823,0.300651,0.253295,0.238268,0.139497,0.257745
662,0.214428,0.189738,0.204519,0.188926,0.208953,0.184823,0.300651,0.253295,0.238268,0.139497,0.256539
663,0.214428,0.189738,0.206748,0.188926,0.208953,0.184823,0.300651,0.253295,0.238268,0.139497,0.256539
664,0.214428,0.189738,0.206748,0.188926,0.208953,0.184823,0.300651,0.251858,0.238268,0.139497,0.256539
665,0.214428,0.191245,0.206748,0.188926,0.208953,0.184823,0.300651,0.251858,0.238268,0.139497,0.256539
666,0.214428,0.191245,0.206748,0.188926,0.208953,0.184823,0.296467,0.251858,0.238268,0.139497,0.256539
667,0.214428,0.191245,0.206748,0.186052,0.208953,0.184823,0.296467,0.251858,0.238268,0.139497,0.256539
668,0.214428,0.191245,0.203192,0.186052,0.208953,0.184823,0.296467,0.251858,0.238268,0.139497,0.256539
669,0.210897,0.191245,0.203192,0.186052,0.208953,0.184823,0.296467,0.251858,0.238268,0.139497,0.256539
670,0.210897,0.191245,0.203192,0.186052,0.208953,0.184823,0.296467,0.251858,0.238268,0.139497,0.254135
671,0.210897,0.191245,0.203192,0.186052,0.208675,0.184823,0.296467,0.251858,0.238268,0.139497,0.254135
672,0.210897,0.188751,0.203192,0.186052,0.208675,0.184823,0.296467,0.251858,0.238268,0.139497,0.254135
673,0.210897,0.188751,0.203192,0.186052,0.208675,0.184823,0.296467,0.256717,0.238268,0.139497,0.254135
674,0.210897,0.188751,0.203192,0.186052,0.208675,0.184823,0.296467,0.253253,0.238268,0.139497,0.254135
675,0.210897,0.188751,0.203192,0.186052,0.208675,0.184823,0.296467,0.253253,0.238268,0.139239,0.254135
676,0.210897,0.188751,0.203192,0.186052,0.208675,0.184823,0.293099,0.253253,0.238268,0.139239,0.254135
677,0.210897,0.188751,0.203192,0.186052,0.211499,0.184823,0.293099,0.253253,0.238268,0.139239,0.254135
678,0.210897,0.188751,0.203192,0.186052,0.211499,0.184823,0.293099,0.253253,0.241706,0.139239,0.254135
679,0.210897,0.188751,0.203192,0.186052,0.211499,0.184823,0.293099,0.253253,0.241378,0.139239,0.254135
680,0.210897,0.188751,0.203192,0.186052,0.211499,0.184823,0.293099,0.253253,0.241378,0.139239,0.254538
681,0.210897,0.188751,0.203192,0.182606,0.211499,0.184823,0.293099,0.253253,0.241378,0.139239,0.254538
682,0.210897,0.188751,0.203192,0.182606,0.211499,0.184823,0.293099,0.258866,0.241378,0.139239,0.254538
683,0.210897,0.188751,0.203192,0.182606,0.211499,0.184823,0.293099,0.258978,0.241378,0.139239,0.254538
684,0.210897,0.188751,0.203192,0.182606,0.207773,0.184823,0.293099,0.258978,0.241378,0.139239,0.254538
685,0.210897,0.188751,0.203192,0.182606,0.207773,0.184823,0.293099,0.255937,0.241378,0.139239,0.254538
686,0.210897,0.188751,0.199688,0.182606,0.207773,0.184823,0.293099,0.255937,0.241378,0.139239,0.254538
687,0.207382,0.188751,0.199688,0.182606,0.207773,0.184823,0.293099,0.255937,0.241378,0.139239,0.254538
688,0.207382,0.185744,0.199688,0.182606,0.207773,0.184823,0.293099,0.255937,0.241378,0.139239,0.254538
689,0.207382,0.185744,0.199688,0.182606,0.207773,0.184823,0.293099,0.255937,0.241378,0.139239,0.249619
690,0.207382,0.185744,0.199688,0.182606,0.207773,0.184823,0.293099,0.255937,0.236213,0.139239,0.249619
691,0.207382,0.185744,0.199688,0.182606,0.207773,0.184823,0.296223,0.255937,0.236213,0.139239,0.249619
692,0.207382,0.185744,0.199688,0.182606,0.207773,0.184823,0.296731,0.255937,0.236213,0.139239,0.249619
693,0.207382,0.185744,0.199688,0.182606,0.207773,0.184823,0.296731,0.255937,0.236213,0.136212,0.249619
694,0.207382,0.185744,0.199688,0.182606,0.207773,0.184823,0.29347,0.255937,0.236213,0.136212,0.249619
695,0.207382,0.185744,0.199688,0.182606,0.207773,0.186087,0.29347,0.255937,0.236213,0.136212,0.249619
696,0.207382,0.185744,0.199688,0.182606,0.207773,0.186087,0.29347,0.252754,0.236213,0.136212,0.249619
697,0.207382,0.185744,0.199688,0.179313,0.207773,0.186087,0.29347,0.252754,0.236213,0.136212,0.249619
698,0.207382,0.185744,0.199688,0.179313,0.205101,0.186087,0.29347,0.252754,0.236213,0.136212,0.249619
699,0.207382,0.185744,0.198258,0.179313,0.205101,0.186087,0.29347,0.252754,0.236213,0.136212,0.249619
700,0.203982,0.185744,0.198258,0.179313,0.205101,0.186087,0.29347,0.252754,0.236213,0.136212,0.249619
701,0.203982,0.185744,0.198258,0.179313,0.205101,0.183699,0.29347,0.252754,0.236213,0.136212,0.249619
702,0.203982,0.180314,0.198258,0.179313,0.205101,0.183699,0.29347,0.252754,0.236213,0.136212,0.249619
703,0.203982,0.180314,0.198258,0.179313,0.205101,0.183699,0.29347,0.252754,0.236213,0.136212,0.251207
704,0.203982,0.180314,0.198258,0.179313,0.205101,0.183699,0.294556,0.252754,0.236213,0.136212,0.251207
705,0.203982,0.180314,0.198258,0.179313,0.205101,0.183699,0.294556,0.252754,0.236213,0.136212,0.247858
706,0.203982,0.180314,0.198258,0.179313,0.205101,0.183699,0.294556,0.252754,0.230621,0.136212,0.247858
707,0.203982,0.180314,0.198258,0.179313,0.205101,0.183699,0.295632,0.252754,0.230621,0.136212,0.247858
708,0.203982,0.180314,0.198258,0.179313,0.205101,0.183699,0.296989,0.252754,0.230621,0.136212,0.247858
709,0.203982,0.180314,0.198258,0.179313,0.205101,0.183699,0.296989,0.263657,0.230621,0.136212,0.247858
710,0.203982,0.180314,0.198258,0.179313,0.205101,0.183699,0.296989,0.26099,0.230621,0.136212,0.247858
711,0.203982,0.180314,0.198258,0.179313,0.205101,0.183699,0.296989,0.258081,0.230621,0.136212,0.247858
712,0.203982,0.180314,0.198258,0.179313,0.205101,0.183699,0.299862,0.258081,0.230621,0.136212,0.247858
713,0.203982,0.180314,0.198258,0.179313,0.205101,0.183699,0.295922,0.258081,0.230621,0.136212,0.247858
714,0.203982,0.180314,0.198258,0.179313,0.205101,0.183699,0.295922,0.258081,0.230621,0.146027,0.247858
715,0.203982,0.180314,0.198258,0.179313,0.205101,0.183699,0.295922,0.258081,0.230621,0.140535,0.247858
716,0.203982,0.180314,0.194923,0.179313,0.205101,0.183699,0.295922,0.258081,0.230621,0.140535,0.247858
717,0.203982,0.180314,0.194923,0.179313,0.199504,0.183699,0.295922,0.258081,0.230621,0.140535,0.247858
718,0.203982,0.180314,0.194923,0.179313,0.199504,0.183699,0.295922,0.266826,0.230621,0.140535,0.247858
719,0.203982,0.180314,0.194923,0.179313,0.199504,0.183699,0.295922,0.264973,0.230621,0.140535,0.247858
720,0.203982,0.180314,0.194923,0.179313,0.199504,0.183699,0.295922,0.267431,0.230621,0.140535,0.247858
721,0.203982,0.180314,0.194923,0.179313,0.199504,0.183699,0.295922,0.266007,0.230621,0.140535,0.247858
722,0.203982,0.180314,0.194923,0.17673,0.199504,0.183699,0.295922,0.266007,0.230621,0.140535,0.247858
723,0.203982,0.180314,0.194923,0.17673,0.199504,0.181065,0.295922,0.266007,0.230621,0.140535,0.247858
724,0.20314,0.180314,0.194923,0.17673,0.199504,0.181065,0.295922,0.266007,0.230621,0.140535,0.247858
725,0.20314,0.180314,0.194923,0.17673,0.199504,0.181065,0.295922,0.266007,0.230621,0.140535,0.244596
726,0.20314,0.180314,0.194923,0.17673,0.199504,0.181065,0.295922,0.27228,0.230621,0.140535,0.244596
727,0.20314,0.180314,0.194923,0.17673,0.199504,0.181065,0.295922,0.268773,0.230621,0.140535,0.244596
728,0.20314,0.180314,0.194923,0.17673,0.199504,0.181065,0.293659,0.268773,0.230621,0.140535,0.244596
729,0.20314,0.177035,0.194923,0.17673,0.199504,0.181065,0.293659,0.268773,0.230621,0.140535,0.244596
730,0.20314,0.177035,0.194923,0.17673,0.199504,0.181065,0.293659,0.265279,0.230621,0.140535,0.244596
731,0.20314,0.177035,0.194923,0.17673,0.199504,0.181065,0.293659,0.265279,0.230621,0.145765,0.244596
732,0.20314,0.177035,0.194923,0.17673,0.199504,0.181065,0.293659,0.265279,0.23721,0.145765,0.244596
733,0.20314,0.177035,0.194923,0.17673,0.199504,0.181065,0.293659,0.265279,0.233915,0.145765,0.244596
734,0.20314,0.177035,0.194923,0.17673,0.199504,0.181065,0.293659,0.265279,0.233915,0.143106,0.244596
735,0.199915,0.177035,0.194923,0.17673,0.199504,0.181065,0.293659,0.265279,0.233915,0.143106,0.244596
736,0.199915,0.177035,0.193863,0.17673,0.199504,0.181065,0.293659,0.265279,0.233915,0.143106,0.244596
737,0.199915,0.177035,0.193863,0.17673,0.199504,0.181065,0.294682,0.265279,0.233915,0.143106,0.244596
738,0.199915,0.177035,0.193863,0.17673,0.199504,0.188479,0.294682,0.265279,0.233915,0.143106,0.244596
739,0.199915,0.177035,0.193863,0.17673,0.199504,0.183774,0.294682,0.265279,0.233915,0.143106,0.244596
740,0.199915,0.177035,0.193863,0.174115,0.199504,0.183774,0.294682,0.265279,0.233915,0.143106,0.244596
741,0.199915,0.177035,0.193863,0.174115,0.199504,0.183774,0.294682,0.265279,0.230711,0.143106,0.244596
742,0.199915,0.177035,0.193863,0.174115,0.199504,0.183774,0.291459,0.265279,0.230711,0.143106,0.244596
743,0.199915,0.177035,0.193863,0.174115,0.199504,0.183774,0.291459,0.265279,0.230711,0.143106,0.24142
744,0.199915,0.177035,0.193863,0.174115,0.199688,0.183774,0.291459,0.265279,0.230711,0.143106,0.24142
745,0.199915,0.177035,0.193863,0.174115,0.199688,0.183774,0.291459,0.261622,0.230711,0.143106,0.24142
746,0.199915,0.177035,0.192896,0.174115,0.199688,0.183774,0.291459,0.261622,0.230711,0.143106,0.24142
747,0.199915,0.174162,0.192896,0.174115,0.199688,0.183774,0.291459,0.261622,0.230711,0.143106,0.24142
748,0.196792,0.174162,0.192896,0.174115,0.199688,0.183774,0.291459,0.261622,0.230711,0.143106,0.24142
749,0.196792,0.174162,0.192896,0.174115,0.212065,0.183774,0.291459,0.261622,0.230711,0.143106,0.24142
750,0.196792,0.174162,0.192896,0.174115,0.208803,0.183774,0.291459,0.261622,0.230711,0.143106,0.24142
751,0.196792,0.174162,0.192896,0.174115,0.207931,0.183774,0.291459,0.261622,0.230711,0.143106,0.24142
752,0.196792,0.174162,0.192896,0.174115,0.207931,0.183774,0.291459,0.261622,0.230711,0.1403,0.24142
753,0.196792,0.174162,0.192896,0.174115,0.207931,0.189657,0.291459,0.261622,0.230711,0.1403,0.24142
754,0.196792,0.174162,0.192896,0.174115,0.207931,0.192309,0.291459,0.261622,0.230711,0.1403,0.24142
755,0.196792,0.174162,0.192896,0.174115,0.207931,0.191153,0.291459,0.261622,0.230711,0.1403,0.24142
756,0.196792,0.174162,0.192896,0.174115,0.207931,0.191153,0.289826,0.261622,0.230711,0.1403,0.24142
757,0.196792,0.174162,0.192896,0.174115,0.207931,0.191153,0.289826,0.261622,0.238402,0.1403,0.24142
758,0.196792,0.174162,0.192896,0.174115,0.207931,0.191153,0.289826,0.261622,0.239907,0.1403,0.24142
759,0.196792,0.174162,0.192896,0.174115,0.207931,0.191153,0.289826,0.261622,0.236753,0.1403,0.24142
760,0.196792,0.174162,0.192896,0.179031,0.207931,0.191153,0.289826,0.261622,0.236753,0.1403,0.24142
761,0.196792,0.174162,0.192896,0.182058,0.207931,0.191153,0.289826,0.261622,0.236753,0.1403,0.24142
762,0.196792,0.174162,0.192896,0.182058,0.207931,0.191153,0.289826,0.261622,0.236753,0.1403,0.244777
763,0.196792,0.174162,0.192896,0.182058,0.207931,0.191153,0.289826,0.261622,0.236753,0.1403,0.241679
764,0.196792,0.174162,0.192896,0.182058,0.213563,0.191153,0.289826,0.261622,0.236753,0.1403,0.241679
765,0.196792,0.174162,0.192896,0.182058,0.21135,0.191153,0.289826,0.261622,0.236753,0.1403,0.241679
766,0.196792,0.174162,0.192896,0.18631,0.21135,0.191153,0.289826,0.261622,0.236753,0.1403,0.241679
767,0.196792,0.174162,0.192896,0.183255,0.21135,0.191153,0.289826,0.261622,0.236753,0.1403,0.241679
768,0.196792,0.174162,0.19706,0.183255,0.21135,0.191153,0.289826,0.261622,0.236753,0.1403,0.241679
769,0.196792,0.174162,0.19398,0.183255,0.21135,0.191153,0.289826,0.261622,0.236753,0.1403,0.241679
770,0.196792,0.174162,0.19398,0.183255,0.21135,0.191153,0.289826,0.261622,0.244815,0.1403,0.241679
771,0.196792,0.174162,0.19398,0.183255,0.21135,0.191153,0.289826,0.261622,0.241676,0.1403,0.241679
772,0.196792,0.174162,0.19398,0.183255,0.21135,0.191153,0.289826,0.258615,0.241676,0.1403,0.241679
773,0.196792,0.174162,0.19398,0.183255,0.21135,0.191153,0.289826,0.258615,0.238617,0.1403,0.241679
774,0.196792,0.174162,0.19398,0.183255,0.21135,0.191153,0.288805,0.258615,0.238617,0.1403,0.241679
775,0.196792,0.174162,0.19398,0.183255,0.21135,0.198482,0.288805,0.258615,0.238617,0.1403,0.241679
776,0.196792,0.174162,0.19398,0.183255,0.21135,0.195506,0.288805,0.258615,0.238617,0.1403,0.241679
777,0.196792,0.174162,0.19398,0.183255,0.215186,0.195506,0.288805,0.258615,0.238617,0.1403,0.241679
778,0.196792,0.174162,0.19398,0.183255,0.218248,0.195506,0.288805,0.258615,0.238617,0.1403,0.241679
779,0.196792,0.174162,0.19398,0.183255,0.218287,0.195506,0.288805,0.258615,0.238617,0.1403,0.241679
780,0.196792,0.171826,0.19398,0.183255,0.218287,0.195506,0.288805,0.258615,0.238617,0.1403,0.241679
781,0.206551,0.171826,0.19398,0.183255,0.218287,0.195506,0.288805,0.258615,0.238617,0.1403,0.241679
782,0.219351,0.171826,0.19398,0.183255,0.218287,0.195506,0.288805,0.258615,0.238617,0.1403,0.241679
783,0.222054,0.171826,0.19398,0.183255,0.218287,0.195506,0.288805,0.258615,0.238617,0.1403,0.241679
784,0.232638,0.171826,0.19398,0.183255,0.218287,0.195506,0.288805,0.258615,0.238617,0.1403,0.241679
785,0.235481,0.171826,0.19398,0.183255,0.218287,0.195506,0.288805,0.258615,0.238617,0.1403,0.241679
786,0.232117,0.171826,0.19398,0.183255,0.218287,0.195506,0.288805,0.258615,0.238617,0.1403,0.241679
787,0.228848,0.171826,0.19398,0.183255,0.218287,0.195506,0.288805,0.258615,0.238617,0.1403,0.241679
788,0.226604,0.171826,0.19398,0.183255,0.218287,0.195506,0.288805,0.258615,0.238617,0.1403,0.241679
789,0.228376,0.171826,0.19398,0.183255,0.218287,0.195506,0.288805,0.258615,0.238617,0.1403,0.241679
790,0.22529,0.171826,0.19398,0.183255,0.218287,0.195506,0.288805,0.258615,0.238617,0.1403,0.241679
791,0.22529,0.171826,0.19398,0.183255,0.218287,0.195506,0.288805,0.258615,0.238617,0.1403,0.235404
792,0.22529,0.171826,0.19398,0.183255,0.218287,0.195506,0.290877,0.258615,0.238617,0.1403,0.235404
793,0.22529,0.171826,0.19398,0.183255,0.218287,0.195506,0.286873,0.258615,0.238617,0.1403,0.235404
794,0.22529,0.171826,0.19398,0.183255,0.218287,0.191173,0.286873,0.258615,0.238617,0.1403,0.235404
795,0.22529,0.171826,0.19398,0.183255,0.218287,0.191173,0.286873,0.258615,0.238617,0.137602,0.235404
796,0.22529,0.171826,0.19398,0.183255,0.214529,0.191173,0.286873,0.258615,0.238617,0.137602,0.235404
797,0.22529,0.171826,0.19398,0.187152,0.214529,0.191173,0.286873,0.258615,0.238617,0.137602,0.235404
798,0.22529,0.171826,0.19398,0.184608,0.214529,0.191173,0.286873,0.258615,0.238617,0.137602,0.235404
799,0.22529,0.171826,0.2008,0.184608,0.214529,0.191173,0.286873,0.258615,0.238617,0.137602,0.235404
800,0.22529,0.171826,0.186127,0.184608,0.214529,0.191173,0.286873,0.258615,0.238617,0.137602,0.235404
801,0.22529,0.171826,0.186127,0.184608,0.214529,0.191173,0.286873,0.26522,0.238617,0.137602,0.235404
802,0.22529,0.171826,0.186127,0.184608,0.214529,0.191173,0.286873,0.266868,0.238617,0.137602,0.235404
803,0.22529,0.171826,0.186127,0.184608,0.214529,0.191173,0.286873,0.268164,0.238617,0.137602,0.235404
804,0.22529,0.171826,0.186127,0.184608,0.214529,0.191173,0.286873,0.26937,0.238617,0.137602,0.235404
805,0.22529,0.171826,0.186127,0.184608,0.214529,0.191173,0.286873,0.270085,0.238617,0.137602,0.235404
806,0.22529,0.171826,0.186127,0.184608,0.214529,0.191173,0.286873,0.276018,0.238617,0.137602,0.235404
807,0.22529,0.171826,0.186127,0.184608,0.214529,0.191173,0.286873,0.272992,0.238617,0.137602,0.235404
808,0.231119,0.171826,0.186127,0.184608,0.214529,0.191173,0.286873,0.272992,0.238617,0.137602,0.235404
809,0.229106,0.171826,0.186127,0.184608,0.214529,0.191173,0.286873,0.272992,0.238617,0.137602,0.235404
810,0.229106,0.171826,0.186127,0.184608,0.214529,0.191173,0.286873,0.279827,0.238617,0.137602,0.235404
811,0.229106,0.171826,0.186127,0.184608,0.214529,0.191173,0.286873,0.281324,0.238617,0.137602,0.235404
812,0.229106,0.171826,0.186127,0.184608,0.214529,0.191173,0.286873,0.277965,0.238617,0.137602,0.235404
813,0.229106,0.171826,0.186127,0.184608,0.214529,0.191173,0.286873,0.277965,0.247248,0.137602,0.235404
814,0.229106,0.171826,0.186127,0.184608,0.214529,0.191173,0.286873,0.277965,0.244196,0.137602,0.235404
815,0.229106,0.171826,0.186127,0.184608,0.214529,0.191173,0.286873,0.277965,0.248004,0.137602,0.235404
816,0.229106,0.171826,0.186127,0.184608,0.214529,0.191173,0.286873,0.277965,0.245016,0.137602,0.235404
817,0.229106,0.171826,0.186127,0.184608,0.214529,0.191173,0.286873,0.275474,0.245016,0.137602,0.235404
818,0.224337,0.171826,0.186127,0.184608,0.214529,0.191173,0.286873,0.275474,0.245016,0.137602,0.235404
819,0.224337,0.168962,0.186127,0.184608,0.214529,0.191173,0.286873,0.275474,0.245016,0.137602,0.235404
820,0.224337,0.168962,0.186127,0.184608,0.214529,0.191173,0.284025,0.275474,0.245016,0.137602,0.235404
821,0.224337,0.168962,0.186127,0.184608,0.214529,0.191173,0.284025,0.275474,0.242181,0.137602,0.235404
822,0.224337,0.168962,0.186127,0.184608,0.211672,0.191173,0.284025,0.275474,0.242181,0.137602,0.235404
823,0.224337,0.168962,0.186127,0.177649,0.211672,0.191173,0.284025,0.275474,0.242181,0.137602,0.235404
824,0.224337,0.168962,0.186127,0.177649,0.211672,0.191173,0.284025,0.275474,0.242181,0.164601,0.235404
825,0.224337,0.168962,0.186127,0.177649,0.211672,0.191173,0.284025,0.275474,0.242181,0.160696,0.235404
826,0.224337,0.168962,0.186127,0.177649,0.211672,0.191173,0.284025,0.275474,0.242181,0.168711,0.235404
827,0.224337,0.168962,0.186127,0.177649,0.211672,0.191173,0.284025,0.275474,0.242181,0.165593,0.235404
828,0.224337,0.168962,0.186127,0.177649,0.211672,0.191173,0.284025,0.275474,0.242181,0.164858,0.235404
829,0.224337,0.168962,0.186127,0.177649,0.211672,0.191173,0.284025,0.275474,0.242181,0.159211,0.235404
830,0.224337,0.168962,0.186127,0.177649,0.211672,0.19951,0.284025,0.275474,0.242181,0.159211,0.235404
831,0.224337,0.168962,0.186127,0.177649,0.211672,0.201482,0.284025,0.275474,0.242181,0.159211,0.235404
832,0.224337,0.168962,0.186127,0.177649,0.211672,0.199804,0.284025,0.275474,0.242181,0.159211,0.235404
833,0.224337,0.168962,0.186127,0.177649,0.211672,0.199804,0.284025,0.269491,0.242181,0.159211,0.235404
834,0.224337,0.168962,0.186127,0.177649,0.211672,0.199804,0.284025,0.269491,0.242181,0.159211,0.231949
835,0.224337,0.168962,0.186127,0.177649,0.211672,0.200345,0.284025,0.269491,0.242181,0.159211,0.231949
836,0.224337,0.168962,0.186127,0.177649,0.211672,0.200345,0.283193,0.269491,0.242181,0.159211,0.231949
837,0.224337,0.170718,0.186127,0.177649,0.211672,0.200345,0.283193,0.269491,0.242181,0.159211,0.231949
838,0.224337,0.170718,0.186127,0.177649,0.211672,0.200345,0.283193,0.269491,0.245504,0.159211,0.231949
839,0.224337,0.170718,0.186127,0.177649,0.211672,0.200345,0.283193,0.269491,0.243642,0.159211,0.231949
840,0.22279,0.170718,0.186127,0.177649,0.211672,0.200345,0.283193,0.269491,0.243642,0.159211,0.231949
841,0.22279,0.170718,0.186127,0.177649,0.211672,0.211724,0.283193,0.269491,0.243642,0.159211,0.231949
842,0.22279,0.170718,0.186127,0.177649,0.211672,0.205685,0.283193,0.269491,0.243642,0.159211,0.231949
843,0.22279,0.170718,0.186127,0.177649,0.211672,0.205685,0.283897,0.269491,0.243642,0.159211,0.231949
844,0.22279,0.170718,0.186127,0.177649,0.211672,0.194531,0.283897,0.269491,0.243642,0.159211,0.231949
845,0.22279,0.170718,0.186127,0.177649,0.2127,0.194531,0.283897,0.269491,0.243642,0.159211,0.231949
846,0.22279,0.170718,0.186127,0.177649,0.2127,0.194531,0.283897,0.269491,0.243642,0.158016,0.231949
847,0.22279,0.172957,0.186127,0.177649,0.2127,0.194531,0.283897,0.269491,0.243642,0.158016,0.231949
848,0.22279,0.172957,0.186127,0.177649,0.2127,0.194531,0.281244,0.269491,0.243642,0.158016,0.231949
849,0.22279,0.172957,0.186127,0.177649,0.2127,0.194531,0.281244,0.269491,0.243642,0.158016,0.236356
850,0.22279,0.172957,0.186127,0.177649,0.2127,0.194531,0.281244,0.269491,0.243642,0.158016,0.235326
851,0.22279,0.172957,0.186127,0.177649,0.2127,0.194531,0.281244,0.269491,0.253234,0.158016,0.235326
852,0.22279,0.172957,0.186127,0.177649,0.2127,0.194531,0.281244,0.269491,0.257081,0.158016,0.235326
853,0.22279,0.172957,0.186127,0.177649,0.2127,0.194531,0.281244,0.269491,0.259164,0.158016,0.235326
854,0.22279,0.172957,0.186127,0.177649,0.2127,0.194531,0.281244,0.269491,0.259493,0.158016,0.235326
855,0.22279,0.172957,0.186127,0.177649,0.2127,0.194531,0.281244,0.269491,0.257936,0.158016,0.235326
856,0.22279,0.172957,0.186127,0.177649,0.2127,0.194531,0.281244,0.269491,0.26148,0.158016,0.235326
857,0.22279,0.172957,0.186127,0.177649,0.2127,0.194531,0.281244,0.269491,0.256752,0.158016,0.235326
858,0.22279,0.172957,0.186127,0.177649,0.209773,0.194531,0.281244,0.269491,0.256752,0.158016,0.235326
859,0.22279,0.170211,0.186127,0.177649,0.209773,0.194531,0.281244,0.269491,0.256752,0.158016,0.235326
860,0.219969,0.170211,0.186127,0.177649,0.209773,0.194531,0.281244,0.269491,0.256752,0.158016,0.235326
861,0.219969,0.170211,0.186127,0.177649,0.209773,0.194531,0.281244,0.266236,0.256752,0.158016,0.235326
862,0.219969,0.170211,0.186127,0.177649,0.209773,0.194531,0.281244,0.266236,0.256752,0.158016,0.23381
863,0.219969,0.170211,0.183705,0.177649,0.209773,0.194531,0.281244,0.266236,0.256752,0.158016,0.23381
864,0.219969,0.170211,0.183705,0.177649,0.209773,0.194531,0.281244,0.266236,0.260793,0.158016,0.23381
865,0.219969,0.170211,0.183705,0.177649,0.209773,0.194531,0.281244,0.266236,0.257243,0.158016,0.23381
866,0.219969,0.170211,0.183705,0.174916,0.209773,0.194531,0.281244,0.266236,0.257243,0.158016,0.23381
867,0.219969,0.170211,0.183705,0.174916,0.209773,0.194531,0.281244,0.266236,0.257243,0.15639,0.23381
868,0.219969,0.170211,0.183705,0.174916,0.209773,0.194531,0.27966,0.266236,0.257243,0.15639,0.23381
869,0.219969,0.170211,0.183705,0.174916,0.209773,0.194531,0.27966,0.266236,0.257243,0.15639,0.235678
870,0.219969,0.170211,0.183705,0.174916,0.209773,0.194531,0.27966,0.266236,0.257243,0.15639,0.241011
871,0.219969,0.170211,0.183705,0.174916,0.209773,0.194531,0.27966,0.266236,0.257243,0.15639,0.242528
872,0.219969,0.170211,0.183705,0.174916,0.209773,0.194531,0.27966,0.266236,0.257243,0.15639,0.252929
873,0.219969,0.170211,0.183705,0.174916,0.209773,0.194531,0.27966,0.266236,0.257243,0.15639,0.251138
874,0.219969,0.170211,0.183705,0.174916,0.209773,0.194531,0.27966,0.266236,0.257243,0.15639,0.25021
875,0.219969,0.170211,0.183705,0.174916,0.209773,0.194531,0.27966,0.266236,0.257243,0.15639,0.253773
876,0.219969,0.170211,0.183705,0.174916,0.209773,0.194531,0.27966,0.266236,0.257243,0.15639,0.24996
877,0.219969,0.170211,0.183705,0.174916,0.209773,0.194531,0.27966,0.266236,0.255514,0.15639,0.24996
878,0.219969,0.170211,0.183705,0.174916,0.207013,0.194531,0.27966,0.266236,0.255514,0.15639,0.24996
879,0.219969,0.170211,0.183705,0.174916,0.207013,0.194531,0.27966,0.267472,0.255514,0.15639,0.24996
880,0.218336,0.170211,0.183705,0.174916,0.207013,0.194531,0.27966,0.267472,0.255514,0.15639,0.24996
881,0.218336,0.167631,0.183705,0.174916,0.207013,0.194531,0.27966,0.267472,0.255514,0.15639,0.24996
882,0.218336,0.167631,0.183705,0.174916,0.207013,0.194531,0.278569,0.267472,0.255514,0.15639,0.24996
883,0.218336,0.167631,0.183705,0.174916,0.207013,0.194531,0.278569,0.26485,0.255514,0.15639,0.24996
884,0.218336,0.167631,0.183705,0.174916,0.207013,0.194531,0.278569,0.26485,0.255514,0.15639,0.253754
885,0.218336,0.167631,0.183705,0.174916,0.207013,0.194531,0.278569,0.26485,0.255514,0.15639,0.252551
886,0.218336,0.167631,0.181003,0.174916,0.207013,0.194531,0.278569,0.26485,0.255514,0.15639,0.252551
887,0.218336,0.167631,0.181003,0.174916,0.207013,0.194531,0.278569,0.26485,0.255514,0.15639,0.249893
888,0.218336,0.167631,0.181003,0.174916,0.207013,0.194531,0.278569,0.26485,0.255514,0.153826,0.249893
889,0.218336,0.167631,0.181003,0.172265,0.207013,0.194531,0.278569,0.26485,0.255514,0.153826,0.249893
890,0.218336,0.167631,0.181003,0.172265,0.207013,0.194531,0.278569,0.26485,0.252811,0.153826,0.249893
891,0.218336,0.167631,0.181003,0.172265,0.207013,0.194531,0.275971,0.26485,0.252811,0.153826,0.249893
892,0.219096,0.167631,0.181003,0.172265,0.207013,0.194531,0.275971,0.26485,0.252811,0.153826,0.249893
893,0.219096,0.167631,0.181003,0.172265,0.209072,0.194531,0.275971,0.26485,0.252811,0.153826,0.249893
894,0.219096,0.167631,0.181003,0.172265,0.209072,0.194531,0.275971,0.271714,0.252811,0.153826,0.249893
895,0.219096,0.167631,0.181003,0.172265,0.209072,0.194531,0.275971,0.271805,0.252811,0.153826,0.249893
896,0.219096,0.167631,0.181003,0.172265,0.209072,0.194531,0.275971,0.269217,0.252811,0.153826,0.249893
897,0.219096,0.167631,0.181003,0.172265,0.210298,0.194531,0.275971,0.269217,0.252811,0.153826,0.249893
898,0.219096,0.167631,0.181003,0.172265,0.210298,0.191935,0.275971,0.269217,0.252811,0.153826,0.249893
899,0.219096,0.167631,0.181003,0.172265,0.210298,0.191935,0.275971,0.266659,0.252811,0.153826,0.249893
900,0.216424,0.167631,0.181003,0.172265,0.210298,0.191935,0.275971,0.266659,0.252811,0.153826,0.249893
901,0.216424,0.172096,0.181003,0.172265,0.210298,0.191935,0.275971,0.266659,0.252811,0.153826,0.249893
902,0.216424,0.181505,0.181003,0.172265,0.210298,0.191935,0.275971,0.266659,0.252811,0.153826,0.249893
903,0.216424,0.187529,0.181003,0.172265,0.210298,0.191935,0.275971,0.266659,0.252811,0.153826,0.249893
904,0.216424,0.182627,0.181003,0.172265,0.210298,0.191935,0.275971,0.266659,0.252811,0.153826,0.249893
905,0.216424,0.180416,0.181003,0.172265,0.210298,0.191935,0.275971,0.266659,0.252811,0.153826,0.249893
906,0.216424,0.180416,0.180456,0.172265,0.210298,0.191935,0.275971,0.266659,0.252811,0.153826,0.249893
907,0.216424,0.180416,0.180456,0.172265,0.210298,0.191935,0.275971,0.266659,0.252811,0.153826,0.250853
908,0.216424,0.180416,0.180456,0.172265,0.207807,0.191935,0.275971,0.266659,0.252811,0.153826,0.250853
909,0.216424,0.180416,0.180456,0.172265,0.207807,0.191935,0.278255,0.266659,0.252811,0.153826,0.250853
910,0.216424,0.180416,0.180456,0.172265,0.207807,0.191935,0.275504,0.266659,0.252811,0.153826,0.250853
911,0.216424,0.180416,0.180456,0.172265,0.207807,0.191935,0.275504,0.266659,0.248719,0.153826,0.250853
912,0.216424,0.180416,0.180456,0.172265,0.207807,0.191935,0.275504,0.266659,0.248719,0.153826,0.242086
913,0.216424,0.180416,0.180456,0.169912,0.207807,0.191935,0.275504,0.266659,0.248719,0.153826,0.242086
914,0.216424,0.180416,0.180456,0.169912,0.207807,0.191935,0.275504,0.266659,0.248719,0.151809,0.242086
915,0.216424,0.180416,0.180456,0.169912,0.207807,0.191935,0.275504,0.262948,0.248719,0.151809,0.242086
916,0.216424,0.180416,0.177878,0.169912,0.207807,0.191935,0.275504,0.262948,0.248719,0.151809,0.242086
917,0.216424,0.177839,0.177878,0.169912,0.207807,0.191935,0.275504,0.262948,0.248719,0.151809,0.242086
918,0.216424,0.177839,0.177878,0.169912,0.207807,0.191935,0.274129,0.262948,0.248719,0.151809,0.242086
919,0.214659,0.177839,0.177878,0.169912,0.207807,0.191935,0.274129,0.262948,0.248719,0.151809,0.242086
920,0.214659,0.177839,0.177878,0.169912,0.207807,0.193174,0.274129,0.262948,0.248719,0.151809,0.242086
921,0.214659,0.177839,0.177878,0.169912,0.205209,0.193174,0.274129,0.262948,0.248719,0.151809,0.242086
922,0.214659,0.177839,0.177878,0.169912,0.205209,0.190031,0.274129,0.262948,0.248719,0.151809,0.242086
923,0.214659,0.177839,0.177878,0.169912,0.205209,0.190031,0.274129,0.262948,0.252989,0.151809,0.242086
924,0.214659,0.177839,0.177878,0.169912,0.205209,0.190031,0.274129,0.262948,0.250459,0.151809,0.242086
925,0.214659,0.177839,0.177878,0.169912,0.205209,0.190031,0.271724,0.262948,0.250459,0.151809,0.242086
926,0.214659,0.177839,0.177878,0.167413,0.205209,0.190031,0.271724,0.262948,0.250459,0.151809,0.242086
927,0.214659,0.177839,0.177878,0.167413,0.205209,0.190031,0.271724,0.262948,0.250459,0.156631,0.242086
928,0.214659,0.177839,0.177878,0.167413,0.205209,0.190031,0.271724,0.262948,0.250459,0.162765,0.242086
929,0.214659,0.177839,0.177878,0.167413,0.205209,0.190031,0.271724,0.262948,0.250459,0.173325,0.242086
930,0.214659,0.177839,0.177878,0.167413,0.205209,0.190031,0.271724,0.262948,0.250459,0.169254,0.242086
931,0.214659,0.177839,0.177878,0.167413,0.205209,0.190031,0.271724,0.262948,0.250459,0.165713,0.242086
932,0.212103,0.177839,0.177878,0.167413,0.205209,0.190031,0.271724,0.262948,0.250459,0.165713,0.242086
933,0.212103,0.177839,0.177878,0.167413,0.205209,0.190031,0.271724,0.268676,0.250459,0.165713,0.242086
934,0.212103,0.177839,0.177878,0.167413,0.205209,0.190031,0.271724,0.268442,0.250459,0.165713,0.242086
935,0.212103,0.177839,0.177878,0.167413,0.205209,0.190031,0.271724,0.260773,0.250459,0.165713,0.242086
936,0.212103,0.177839,0.177878,0.167413,0.205209,0.190031,0.271724,0.260773,0.247992,0.165713,0.242086
937,0.212103,0.177839,0.178429,0.167413,0.205209,0.190031,0.271724,0.260773,0.247992,0.165713,0.242086
938,0.212103,0.175334,0.178429,0.167413,0.205209,0.190031,0.271724,0.260773,0.247992,0.165713,0.242086
939,0.212103,0.175334,0.178429,0.167413,0.202676,0.190031,0.271724,0.260773,0.247992,0.165713,0.242086
940,0.212103,0.175334,0.178429,0.167413,0.202676,0.190031,0.273474,0.260773,0.247992,0.165713,0.242086
941,0.212103,0.175334,0.178429,0.167413,0.202676,0.190031,0.272215,0.260773,0.247992,0.165713,0.242086
942,0.212103,0.175334,0.178429,0.167413,0.202676,0.190031,0.272215,0.260773,0.247992,0.165713,0.241371
943,0.212103,0.175334,0.178429,0.167413,0.202676,0.190031,0.272215,0.260773,0.247992,0.160833,0.241371
944,0.212103,0.175334,0.175951,0.167413,0.202676,0.190031,0.272215,0.260773,0.247992,0.160833,0.241371
945,0.212103,0.175334,0.175951,0.167413,0.202676,0.18753,0.272215,0.260773,0.247992,0.160833,0.241371
946,0.212103,0.175334,0.175951,0.167413,0.202676,0.18753,0.272215,0.260773,0.254065,0.160833,0.241371
947,0.212103,0.175334,0.175951,0.167413,0.202676,0.18753,0.272215,0.260773,0.251441,0.160833,0.241371
948,0.212103,0.175334,0.175951,0.172095,0.202676,0.18753,0.272215,0.260773,0.251441,0.160833,0.241371
949,0.212103,0.175334,0.175951,0.165736,0.202676,0.18753,0.272215,0.260773,0.251441,0.160833,0.241371
950,0.212103,0.175334,0.175951,0.165736,0.202676,0.18753,0.272215,0.260773,0.251379,0.160833,0.241371
951,0.20962,0.175334,0.175951,0.165736,0.202676,0.18753,0.272215,0.260773,0.251379,0.160833,0.241371
952,0.20962,0.175334,0.175951,0.165736,0.202676,0.18753,0.271916,0.260773,0.251379,0.160833,0.241371
953,0.20962,0.175334,0.175951,0.165736,0.202676,0.18753,0.271916,0.260773,0.251379,0.160833,0.238933
954,0.20962,0.174362,0.175951,0.165736,0.202676,0.18753,0.271916,0.260773,0.251379,0.160833,0.238933
955,0.20962,0.174362,0.175951,0.165736,0.202676,0.18753,0.271916,0.260773,0.250128,0.160833,0.238933
956,0.20962,0.174362,0.175951,0.165736,0.202676,0.18753,0.275469,0.260773,0.250128,0.160833,0.238933
957,0.20962,0.174362,0.175951,0.165736,0.202676,0.18753,0.273661,0.260773,0.250128,0.160833,0.238933
958,0.20962,0.174362,0.175951,0.165736,0.200204,0.18753,0.273661,0.260773,0.250128,0.160833,0.238933
959,0.20962,0.174362,0.175951,0.165736,0.200204,0.18753,0.273661,0.258487,0.250128,0.160833,0.238933
960,0.20962,0.174362,0.175951,0.165736,0.200204,0.18753,0.272457,0.258487,0.250128,0.160833,0.238933
961,0.20962,0.174362,0.184748,0.165736,0.200204,0.18753,0.272457,0.258487,0.250128,0.160833,0.238933
962,0.20962,0.174362,0.187531,0.165736,0.200204,0.18753,0.272457,0.258487,0.250128,0.160833,0.238933
963,0.20962,0.174362,0.189658,0.165736,0.200204,0.18753,0.272457,0.258487,0.250128,0.160833,0.238933
964,0.20962,0.174362,0.197408,0.165736,0.200204,0.18753,0.272457,0.258487,0.250128,0.160833,0.238933
965,0.20962,0.174362,0.201921,0.165736,0.200204,0.18753,0.272457,0.258487,0.250128,0.160833,0.238933
966,0.20962,0.174362,0.201217,0.165736,0.200204,0.18753,0.272457,0.258487,0.250128,0.160833,0.238933
967,0.20962,0.174362,0.200589,0.165736,0.200204,0.18753,0.272457,0.258487,0.250128,0.160833,0.238933
968,0.20962,0.174362,0.198081,0.165736,0.200204,0.18753,0.272457,0.258487,0.250128,0.160833,0.238933
969,0.20962,0.174362,0.198081,0.165736,0.200204,0.185095,0.272457,0.258487,0.250128,0.160833,0.238933
970,0.20962,0.174362,0.196612,0.165736,0.200204,0.185095,0.272457,0.258487,0.250128,0.160833,0.238933
971,0.20962,0.174362,0.196612,0.165736,0.200204,0.185095,0.272457,0.258487,0.243907,0.160833,0.238933
972,0.208349,0.174362,0.196612,0.165736,0.200204,0.185095,0.272457,0.258487,0.243907,0.160833,0.238933
973,0.208349,0.174362,0.196612,0.165736,0.200204,0.185095,0.272457,0.258487,0.243907,0.160833,0.244278
974,0.208349,0.174362,0.196612,0.165736,0.200204,0.185095,0.272457,0.258487,0.243907,0.160833,0.253736
975,0.208349,0.174362,0.196612,0.165736,0.200204,0.185095,0.272457,0.258487,0.243907,0.160833,0.251883
976,0.208349,0.174362,0.196612,0.165736,0.200204,0.185095,0.272457,0.258487,0.243907,0.160833,0.251632
977,0.208349,0.174362,0.196612,0.165736,0.200204,0.185095,0.272457,0.258487,0.243907,0.160833,0.250348
978,0.208349,0.174362,0.196612,0.165736,0.200204,0.185095,0.272457,0.258487,0.243907,0.160833,0.251051
979,0.208349,0.174362,0.196612,0.165736,0.200204,0.185095,0.272457,0.258487,0.243907,0.160833,0.248683
980,0.208349,0.171588,0.196612,0.165736,0.200204,0.185095,0.272457,0.258487,0.243907,0.160833,0.248683
981,0.208349,0.171588,0.196612,0.165736,0.200204,0.185095,0.277961,0.258487,0.243907,0.160833,0.248683
982,0.208349,0.171588,0.196612,0.165736,0.200204,0.185095,0.274111,0.258487,0.243907,0.160833,0.248683
983,0.208349,0.171588,0.196612,0.165736,0.200204,0.185095,0.274111,0.258487,0.243907,0.158502,0.248683
984,0.208349,0.171588,0.196612,0.165736,0.200204,0.185095,0.274111,0.261637,0.243907,0.158502,0.248683
985,0.208349,0.171588,0.196612,0.165736,0.200204,0.185095,0.274111,0.261589,0.243907,0.158502,0.248683
986,0.208349,0.171588,0.196612,0.165736,0.200204,0.185095,0.274111,0.26405,0.243907,0.158502,0.248683
987,0.208349,0.171588,0.196612,0.165736,0.200204,0.185095,0.274111,0.267046,0.243907,0.158502,0.248683
988,0.208349,0.171588,0.196612,0.165736,0.200204,0.185095,0.274111,0.265259,0.243907,0.158502,0.248683
989,0.208349,0.171588,0.196612,0.165736,0.200204,0.185095,0.278639,0.265259,0.243907,0.158502,0.248683
990,0.208349,0.171588,0.196612,0.165736,0.200204,0.185095,0.275436,0.265259,0.243907,0.158502,0.248683
991,0.208349,0.171588,0.196612,0.165736,0.195733,0.185095,0.275436,0.265259,0.243907,0.158502,0.248683
992,0.208349,0.171588,0.196612,0.165736,0.195733,0.185095,0.275436,0.266627,0.243907,0.158502,0.248683
993,0.208349,0.171588,0.196612,0.165736,0.195733,0.185095,0.275436,0.265248,0.243907,0.158502,0.248683
994,0.208349,0.171588,0.196612,0.163514,0.195733,0.185095,0.275436,0.265248,0.243907,0.158502,0.248683
995,0.208349,0.171588,0.196612,0.163514,0.195733,0.185095,0.275436,0.265248,0.243907,0.158502,0.246249
996,0.208349,0.171588,0.194255,0.163514,0.195733,0.185095,0.275436,0.265248,0.243907,0.158502,0.246249
997,0.208349,0.171588,0.194255,0.163514,0.195733,0.185095,0.273233,0.265248,0.243907,0.158502,0.246249
998,0.205954,0.171588,0.194255,0.163514,0.195733,0.185095,0.273233,0.265248,0.243907,0.158502,0.246249
999,0.205954,0.171588,0.194255,0.163514,0.195733,0.183353,0.273233,0.265248,0.243907,0.158502,0.246249
1000,0.205954,0.171588,0.194255,0.163514,0.195733,0.183353,0.273233,0.26612,0.243907,0.158502,0.246249
1001,0.205954,0.171588,0.194255,0.163514,0.195733,0.183353,0.273233,0.263903,0.243907,0.158502,0.246249
1002,0.205954,0.180419,0.194255,0.163514,0.195733,0.183353,0.273233,0.263903,0.243907,0.158502,0.246249
1003,0.205954,0.192295,0.194255,0.163514,0.195733,0.183353,0.273233,0.263903,0.243907,0.158502,0.246249
1004,0.205954,0.185252,0.194255,0.163514,0.195733,0.183353,0.273233,0.263903,0.243907,0.158502,0.246249
1005,0.205954,0.183948,0.194255,0.163514,0.195733,0.183353,0.273233,0.263903,0.243907,0.158502,0.246249
1006,0.205954,0.185569,0.194255,0.163514,0.195733,0.183353,0.273233,0.263903,0.243907,0.158502,0.246249
1007,0.205954,0.184328,0.194255,0.163514,0.195733,0.183353,0.273233,0.263903,0.243907,0.158502,0.246249
1008,0.205954,0.184328,0.194255,0.163514,0.195733,0.183353,0.273233,0.263903,0.243907,0.157151,0.246249
1009,0.205954,0.184328,0.194255,0.163514,0.195733,0.183353,0.275938,0.263903,0.243907,0.157151,0.246249
1010,0.205954,0.184328,0.194255,0.163514,0.195733,0.183353,0.27476,0.263903,0.243907,0.157151,0.246249
1011,0.205954,0.184328,0.194255,0.163514,0.195733,0.183353,0.27476,0.263903,0.243907,0.157151,0.244195
1012,0.205954,0.184328,0.194255,0.163514,0.195733,0.183353,0.27476,0.263903,0.247473,0.157151,0.244195
1013,0.205954,0.184328,0.194255,0.163514,0.195733,0.183353,0.27476,0.263903,0.249968,0.157151,0.244195
1014,0.205954,0.184328,0.194255,0.163514,0.195733,0.183353,0.27476,0.263903,0.249448,0.157151,0.244195
1015,0.205954,0.184328,0.194255,0.163514,0.195733,0.183353,0.27476,0.263903,0.250762,0.157151,0.244195
1016,0.205954,0.184328,0.194255,0.163514,0.195733,0.183353,0.27476,0.263903,0.248503,0.157151,0.244195
1017,0.205954,0.184328,0.191914,0.163514,0.195733,0.183353,0.27476,0.263903,0.248503,0.157151,0.244195
1018,0.205954,0.184328,0.191914,0.166022,0.195733,0.183353,0.27476,0.263903,0.248503,0.157151,0.244195
1019,0.205954,0.184328,0.191914,0.166022,0.195733,0.183353,0.277188,0.263903,0.248503,0.157151,0.244195
1020,0.205954,0.184328,0.191914,0.166022,0.195733,0.183353,0.279297,0.263903,0.248503,0.157151,0.244195
1021,0.205954,0.184328,0.191914,0.166022,0.195733,0.183353,0.278448,0.263903,0.248503,0.157151,0.244195
1022,0.203944,0.184328,0.191914,0.166022,0.195733,0.183353,0.278448,0.263903,0.248503,0.157151,0.244195
1023,0.203944,0.184328,0.191914,0.166022,0.195733,0.183353,0.27731,0.263903,0.248503,0.157151,0.244195
1024,0.203944,0.184328,0.191914,0.166022,0.195733,0.181761,0.27731,0.263903,0.248503,0.157151,0.244195
1025,0.203944,0.184328,0.191914,0.169765,0.195733,0.181761,0.27731,0.263903,0.248503,0.157151,0.244195
1026,0.203944,0.184328,0.191914,0.175973,0.195733,0.181761,0.27731,0.263903,0.248503,0.157151,0.244195
1027,0.203944,0.184328,0.191914,0.186673,0.195733,0.181761,0.27731,0.263903,0.248503,0.157151,0.244195
1028,0.203944,0.184328,0.191914,0.190114,0.195733,0.181761,0.27731,0.263903,0.248503,0.157151,0.244195
1029,0.203944,0.184328,0.191914,0.189434,0.195733,0.181761,0.27731,0.263903,0.248503,0.157151,0.244195
1030,0.203944,0.184328,0.191914,0.192427,0.195733,0.181761,0.27731,0.263903,0.248503,0.157151,0.244195
1031,0.203944,0.184328,0.191914,0.189991,0.195733,0.181761,0.27731,0.263903,0.248503,0.157151,0.244195
1032,0.203944,0.184328,0.191914,0.187616,0.195733,0.181761,0.27731,0.263903,0.248503,0.157151,0.244195
1033,0.203944,0.184328,0.191914,0.187616,0.195301,0.181761,0.27731,0.263903,0.248503,0.157151,0.244195
1034,0.203944,0.184328,0.191914,0.1853,0.195301,0.181761,0.27731,0.263903,0.248503,0.157151,0.244195
1035,0.203944,0.184328,0.191914,0.1853,0.195301,0.181761,0.27731,0.266691,0.248503,0.157151,0.244195
1036,0.203944,0.184328,0.191914,0.1853,0.195301,0.181761,0.27731,0.26447,0.248503,0.157151,0.244195
1037,0.203944,0.182024,0.191914,0.1853,0.195301,0.181761,0.27731,0.26447,0.248503,0.157151,0.244195
1038,0.203944,0.182024,0.191914,0.1853,0.195301,0.181761,0.275209,0.26447,0.248503,0.157151,0.244195
1039,0.203944,0.182024,0.191914,0.1853,0.195301,0.181761,0.275209,0.26447,0.248503,0.157151,0.242901
1040,0.203944,0.182024,0.191914,0.1853,0.195301,0.181761,0.275209,0.26447,0.248503,0.154858,0.242901
1041,0.203944,0.182024,0.191914,0.1853,0.195301,0.181761,0.275209,0.26447,0.246284,0.154858,0.242901
1042,0.203944,0.182024,0.191914,0.1853,0.193003,0.181761,0.275209,0.26447,0.246284,0.154858,0.242901
1043,0.203944,0.182024,0.191914,0.1853,0.193003,0.181761,0.275209,0.264065,0.246284,0.154858,0.242901
1044,0.201653,0.182024,0.191914,0.1853,0.193003,0.181761,0.275209,0.264065,0.246284,0.154858,0.242901
1045,0.201653,0.182024,0.191914,0.1853,0.193003,0.182362,0.275209,0.264065,0.246284,0.154858,0.242901
1046,0.201653,0.182024,0.18963,0.1853,0.193003,0.182362,0.275209,0.264065,0.246284,0.154858,0.242901
1047,0.201653,0.182024,0.18963,0.1853,0.193003,0.182362,0.275209,0.262546,0.246284,0.154858,0.242901
1048,0.201653,0.182024,0.18963,0.1853,0.193003,0.182362,0.275209,0.262546,0.246284,0.154858,0.244942
1049,0.201653,0.182024,0.18963,0.1853,0.193003,0.182362,0.275209,0.262546,0.246284,0.154858,0.242159
1050,0.201653,0.182024,0.18963,0.1853,0.193003,0.182362,0.275111,0.262546,0.246284,0.154858,0.242159
1051,0.201653,0.182024,0.18963,0.182806,0.193003,0.182362,0.275111,0.262546,0.246284,0.154858,0.242159
1052,0.201653,0.182024,0.18963,0.182806,0.193003,0.187202,0.275111,0.262546,0.246284,0.154858,0.242159
1053,0.201653,0.182024,0.18963,0.182806,0.193003,0.188601,0.275111,0.262546,0.246284,0.154858,0.242159
1054,0.201653,0.182024,0.18963,0.182806,0.193003,0.180681,0.275111,0.262546,0.246284,0.154858,0.242159
1055,0.201653,0.187197,0.18963,0.182806,0.193003,0.180681,0.275111,0.262546,0.246284,0.154858,0.242159
1056,0.201653,0.189718,0.18963,0.182806,0.193003,0.180681,0.275111,0.262546,0.246284,0.154858,0.242159
1057,0.201653,0.187553,0.18963,0.182806,0.193003,0.180681,0.275111,0.262546,0.246284,0.154858,0.242159
1058,0.201653,0.187553,0.18963,0.182806,0.193003,0.180681,0.275111,0.262546,0.248777,0.154858,0.242159
1059,0.201653,0.187553,0.18963,0.182806,0.193003,0.180681,0.275111,0.262546,0.248954,0.154858,0.242159
1060,0.201653,0.187553,0.18963,0.182806,0.193003,0.180681,0.274703,0.262546,0.248954,0.154858,0.242159
1061,0.201653,0.187553,0.18963,0.182806,0.193003,0.180681,0.274703,0.262546,0.2505,0.154858,0.242159
1062,0.201653,0.187553,0.18963,0.182806,0.193003,0.180681,0.274703,0.262546,0.253194,0.154858,0.242159
1063,0.201653,0.187553,0.18963,0.182806,0.193003,0.180681,0.274703,0.262546,0.259008,0.154858,0.242159
1064,0.201653,0.187553,0.18963,0.182806,0.193003,0.180681,0.274703,0.262546,0.256221,0.154858,0.242159
1065,0.201653,0.187553,0.18963,0.182806,0.193003,0.180681,0.274703,0.262546,0.257381,0.154858,0.242159
1066,0.201653,0.187553,0.18963,0.182806,0.193003,0.180681,0.274703,0.262546,0.265406,0.154858,0.242159
1067,0.201653,0.187553,0.18963,0.182806,0.193003,0.180681,0.274703,0.262546,0.265662,0.154858,0.242159
1068,0.201653,0.187553,0.18963,0.182806,0.193003,0.180681,0.274703,0.262546,0.26438,0.154858,0.242159
1069,0.201653,0.187553,0.18963,0.182806,0.193003,0.180681,0.274703,0.262546,0.264421,0.154858,0.242159
1070,0.201653,0.187553,0.18963,0.182806,0.193003,0.180681,0.274703,0.262546,0.261222,0.154858,0.242159
1071,0.201653,0.187553,0.18963,0.182806,0.193003,0.180681,0.274703,0.262546,0.261222,0.150933,0.242159
1072,0.201653,0.187553,0.18963,0.182806,0.193343,0.180681,0.274703,0.262546,0.261222,0.150933,0.242159
1073,0.201653,0.187553,0.18963,0.182806,0.193343,0.180681,0.274703,0.26933,0.261222,0.150933,0.242159
1074,0.201653,0.187553,0.18963,0.182806,0.193343,0.180681,0.274703,0.271209,0.261222,0.150933,0.242159
1075,0.201653,0.187553,0.18963,0.182806,0.193343,0.180681,0.274703,0.275134,0.261222,0.150933,0.242159
1076,0.201653,0.187553,0.18963,0.182806,0.193343,0.180681,0.274703,0.273251,0.261222,0.150933,0.242159
1077,0.201653,0.187553,0.18963,0.182806,0.193343,0.180681,0.274703,0.268775,0.261222,0.150933,0.242159
1078,0.201653,0.187553,0.18963,0.182806,0.193343,0.180681,0.274703,0.266773,0.261222,0.150933,0.242159
1079,0.199412,0.187553,0.18963,0.182806,0.193343,0.180681,0.274703,0.266773,0.261222,0.150933,0.242159
1080,0.199412,0.187449,0.18963,0.182806,0.193343,0.180681,0.274703,0.266773,0.261222,0.150933,0.242159
1081,0.199412,0.187449,0.18963,0.182806,0.193343,0.180681,0.271909,0.266773,0.261222,0.150933,0.242159
1082,0.199412,0.187449,0.201154,0.182806,0.193343,0.180681,0.271909,0.266773,0.261222,0.150933,0.242159
1083,0.199412,0.187449,0.202865,0.182806,0.193343,0.180681,0.271909,0.266773,0.261222,0.150933,0.242159
1084,0.199412,0.187449,0.206662,0.182806,0.193343,0.180681,0.271909,0.266773,0.261222,0.150933,0.242159
1085,0.199412,0.187449,0.204682,0.182806,0.193343,0.180681,0.271909,0.266773,0.261222,0.150933,0.242159
1086,0.199412,0.187449,0.198004,0.182806,0.193343,0.180681,0.271909,0.266773,0.261222,0.150933,0.242159
1087,0.199412,0.187449,0.198004,0.182806,0.193343,0.180681,0.271909,0.266773,0.261222,0.150933,0.239997
1088,0.199412,0.187449,0.198004,0.182806,0.193343,0.180681,0.271909,0.266773,0.259068,0.150933,0.239997
1089,0.199412,0.187449,0.198004,0.182806,0.191746,0.180681,0.271909,0.266773,0.259068,0.150933,0.239997
1090,0.199412,0.187449,0.198004,0.180603,0.191746,0.180681,0.271909,0.266773,0.259068,0.150933,0.239997
1091,0.199412,0.185351,0.198004,0.180603,0.191746,0.180681,0.271909,0.266773,0.259068,0.150933,0.239997
1092,0.199412,0.185351,0.198004,0.180603,0.191746,0.180681,0.271909,0.266874,0.259068,0.150933,0.239997
1093,0.199412,0.185351,0.204301,0.180603,0.191746,0.180681,0.271909,0.266874,0.259068,0.150933,0.239997
1094,0.199412,0.185351,0.210575,0.180603,0.191746,0.180681,0.271909,0.266874,0.259068,0.150933,0.239997
1095,0.199412,0.185351,0.208286,0.180603,0.191746,0.180681,0.271909,0.266874,0.259068,0.150933,0.239997
1096,0.199412,0.185351,0.205377,0.180603,0.191746,0.180681,0.271909,0.266874,0.259068,0.150933,0.239997
1097,0.199412,0.185351,0.205377,0.180603,0.191746,0.180681,0.2754,0.266874,0.259068,0.150933,0.239997
1098,0.199412,0.185351,0.205377,0.180603,0.191746,0.180681,0.273574,0.266874,0.259068,0.150933,0.239997
1099,0.191374,0.185351,0.205377,0.180603,0.191746,0.180681,0.273574,0.266874,0.259068,0.150933,0.239997
1100,0.191374,0.185351,0.205377,0.180603,0.191746,0.180681,0.273574,0.269435,0.259068,0.150933,0.239997
1101,0.191374,0.185351,0.205377,0.180603,0.191746,0.180681,0.273574,0.268852,0.259068,0.150933,0.239997
1102,0.191374,0.185351,0.205377,0.180603,0.191746,0.180681,0.273574,0.268852,0.257193,0.150933,0.239997
1103,0.191374,0.185351,0.205377,0.180603,0.191746,0.180681,0.273574,0.268852,0.257193,0.150933,0.243851
1104,0.191374,0.185351,0.205377,0.180603,0.191746,0.180681,0.273574,0.268852,0.257193,0.150933,0.240752
1105,0.191374,0.185351,0.203284,0.180603,0.191746,0.180681,0.273574,0.268852,0.257193,0.150933,0.240752
1106,0.191374,0.185351,0.203284,0.180603,0.191746,0.180681,0.273574,0.26762,0.257193,0.150933,0.240752
1107,0.191374,0.185351,0.203284,0.180603,0.191746,0.180681,0.275964,0.26762,0.257193,0.150933,0.240752
1108,0.191374,0.185351,0.203284,0.180603,0.191746,0.180681,0.274703,0.26762,0.257193,0.150933,0.240752
1109,0.191374,0.185351,0.203284,0.180603,0.193396,0.180681,0.274703,0.26762,0.257193,0.150933,0.240752
1110,0.191374,0.185351,0.203284,0.180603,0.191223,0.180681,0.274703,0.26762,0.257193,0.150933,0.240752
1111,0.191374,0.185351,0.203284,0.180603,0.191223,0.180681,0.273096,0.26762,0.257193,0.150933,0.240752
1112,0.191374,0.185351,0.203284,0.180603,0.191223,0.180681,0.273096,0.26762,0.257193,0.150493,0.240752
1113,0.191374,0.185351,0.203284,0.180603,0.191223,0.187515,0.273096,0.26762,0.257193,0.150493,0.240752
1114,0.191374,0.185351,0.203284,0.180603,0.191223,0.185266,0.273096,0.26762,0.257193,0.150493,0.240752
1115,0.191374,0.185351,0.203284,0.186127,0.191223,0.185266,0.273096,0.26762,0.257193,0.150493,0.240752
1116,0.191374,0.185351,0.203284,0.188027,0.191223,0.185266,0.273096,0.26762,0.257193,0.150493,0.240752
1117,0.191374,0.185351,0.203284,0.188916,0.191223,0.185266,0.273096,0.26762,0.257193,0.150493,0.240752
1118,0.191374,0.185351,0.203284,0.182096,0.191223,0.185266,0.273096,0.26762,0.257193,0.150493,0.240752
1119,0.191374,0.183303,0.203284,0.182096,0.191223,0.185266,0.273096,0.26762,0.257193,0.150493,0.240752
1120,0.191374,0.183303,0.203284,0.182096,0.191223,0.185266,0.273096,0.26762,0.257193,0.150493,0.246724
1121,0.191374,0.183303,0.203284,0.182096,0.191223,0.185266,0.273096,0.26762,0.257193,0.150493,0.242607
1122,0.191374,0.183303,0.203284,0.182096,0.191223,0.188415,0.273096,0.26762,0.257193,0.150493,0.242607
1123,0.191374,0.183303,0.203284,0.182096,0.191223,0.19058,0.273096,0.26762,0.257193,0.150493,0.242607
1124,0.191374,0.183303,0.203284,0.182096,0.191223,0.194023,0.273096,0.26762,0.257193,0.150493,0.242607
1125,0.191374,0.183303,0.203284,0.182096,0.191223,0.191843,0.273096,0.26762,0.257193,0.150493,0.242607
1126,0.191374,0.183303,0.203284,0.182096,0.191223,0.191843,0.273096,0.267172,0.257193,0.150493,0.242607
1127,0.191374,0.183303,0.203284,0.182096,0.191223,0.191843,0.273096,0.267172,0.252125,0.150493,0.242607
1128,0.191374,0.183303,0.203284,0.182096,0.191223,0.191843,0.273096,0.267172,0.252125,0.150493,0.248304
1129,0.191374,0.183303,0.203284,0.182096,0.191223,0.191843,0.273096,0.267172,0.252125,0.150493,0.24705
1130,0.191374,0.183303,0.203284,0.182096,0.191223,0.191843,0.273096,0.267172,0.252125,0.150493,0.253546
1131,0.191374,0.183303,0.203284,0.182096,0.191223,0.191843,0.273096,0.267172,0.252125,0.150493,0.249464
1132,0.191374,0.183303,0.203284,0.182096,0.191223,0.191843,0.273096,0.267172,0.252125,0.150493,0.244881
1133,0.191374,0.183303,0.208635,0.182096,0.191223,0.191843,0.273096,0.267172,0.252125,0.150493,0.244881
1134,0.191374,0.183303,0.209841,0.182096,0.191223,0.191843,0.273096,0.267172,0.252125,0.150493,0.244881
1135,0.191374,0.183303,0.206343,0.182096,0.191223,0.191843,0.273096,0.267172,0.252125,0.150493,0.244881
1136,0.191374,0.183303,0.206343,0.182096,0.191223,0.191843,0.280888,0.267172,0.252125,0.150493,0.244881
1137,0.191374,0.183303,0.206343,0.182096,0.191223,0.191843,0.279331,0.267172,0.252125,0.150493,0.244881
1138,0.191374,0.183303,0.206343,0.182096,0.191223,0.191843,0.278498,0.267172,0.252125,0.150493,0.244881
1139,0.191374,0.183303,0.206343,0.182096,0.191223,0.191843,0.276842,0.267172,0.252125,0.150493,0.244881
1140,0.191374,0.183303,0.206343,0.182096,0.191223,0.191843,0.276842,0.265499,0.252125,0.150493,0.244881
1141,0.191374,0.183303,0.206343,0.182096,0.191223,0.191843,0.276842,0.265499,0.252125,0.149236,0.244881
1142,0.191374,0.183303,0.206343,0.182096,0.191223,0.190142,0.276842,0.265499,0.252125,0.149236,0.244881
1143,0.191374,0.183303,0.206343,0.182096,0.191223,0.190142,0.274933,0.265499,0.252125,0.149236,0.244881
1144,0.191374,0.183303,0.206343,0.182096,0.197268,0.190142,0.274933,0.265499,0.252125,0.149236,0.244881
1145,0.191374,0.183303,0.206343,0.182096,0.20439,0.190142,0.274933,0.265499,0.252125,0.149236,0.244881
1146,0.191374,0.183303,0.206343,0.182096,0.203321,0.190142,0.274933,0.265499,0.252125,0.149236,0.244881
1147,0.191374,0.183303,0.206343,0.182096,0.205224,0.190142,0.274933,0.265499,0.252125,0.149236,0.244881
1148,0.191374,0.183303,0.206343,0.182096,0.206055,0.190142,0.274933,0.265499,0.252125,0.149236,0.244881
1149,0.191374,0.183303,0.206343,0.182096,0.209696,0.190142,0.274933,0.265499,0.252125,0.149236,0.244881
1150,0.191374,0.183303,0.206343,0.182096,0.204763,0.190142,0.274933,0.265499,0.252125,0.149236,0.244881
1151,0.191374,0.181181,0.206343,0.182096,0.204763,0.190142,0.274933,0.265499,0.252125,0.149236,0.244881
1152,0.191374,0.181181,0.206343,0.182096,0.203198,0.190142,0.274933,0.265499,0.252125,0.149236,0.244881
1153,0.191374,0.181181,0.213295,0.182096,0.203198,0.190142,0.274933,0.265499,0.252125,0.149236,0.244881
1154,0.191374,0.181181,0.215668,0.182096,0.203198,0.190142,0.274933,0.265499,0.252125,0.149236,0.244881
1155,0.191374,0.181181,0.213935,0.182096,0.203198,0.190142,0.274933,0.265499,0.252125,0.149236,0.244881
1156,0.191374,0.181181,0.211595,0.182096,0.203198,0.190142,0.274933,0.265499,0.252125,0.149236,0.244881
1157,0.191374,0.181181,0.211595,0.182096,0.203198,0.190142,0.274933,0.265489,0.252125,0.149236,0.244881
1158,0.191374,0.181181,0.211595,0.182096,0.203198,0.190142,0.2734,0.265489,0.252125,0.149236,0.244881
1159,0.191374,0.181181,0.211595,0.182096,0.203198,0.190142,0.2734,0.263565,0.252125,0.149236,0.244881
1160,0.191374,0.181181,0.211595,0.182096,0.203198,0.190142,0.2734,0.263565,0.252125,0.149236,0.242805
1161,0.191374,0.181181,0.211595,0.182096,0.203198,0.198479,0.2734,0.263565,0.252125,0.149236,0.242805
1162,0.191374,0.181181,0.211595,0.182096,0.203198,0.197565,0.2734,0.263565,0.252125,0.149236,0.242805
1163,0.191374,0.181181,0.211595,0.182096,0.203198,0.199716,0.2734,0.263565,0.252125,0.149236,0.242805
1164,0.191374,0.181181,0.211595,0.182096,0.203198,0.197864,0.2734,0.263565,0.252125,0.149236,0.242805
1165,0.191374,0.181181,0.211595,0.182096,0.203198,0.197864,0.2734,0.263565,0.252125,0.151186,0.242805
1166,0.191374,0.181181,0.211595,0.182096,0.203198,0.197864,0.2734,0.263565,0.249811,0.151186,0.242805
1167,0.191374,0.181181,0.20952,0.182096,0.203198,0.197864,0.2734,0.263565,0.249811,0.151186,0.242805
1168,0.191374,0.181181,0.20952,0.182096,0.203198,0.194975,0.2734,0.263565,0.249811,0.151186,0.242805
1169,0.191706,0.181181,0.20952,0.182096,0.203198,0.194975,0.2734,0.263565,0.249811,0.151186,0.242805
1170,0.191706,0.181181,0.20952,0.182096,0.203198,0.194975,0.2734,0.263565,0.249811,0.149197,0.242805
1171,0.191706,0.181181,0.20952,0.184028,0.203198,0.194975,0.2734,0.263565,0.249811,0.149197,0.242805
1172,0.191706,0.181181,0.20952,0.184028,0.201951,0.194975,0.2734,0.263565,0.249811,0.149197,0.242805
1173,0.191706,0.181181,0.20952,0.182362,0.201951,0.194975,0.2734,0.263565,0.249811,0.149197,0.242805
1174,0.191706,0.181181,0.20952,0.182362,0.201951,0.194975,0.27154,0.263565,0.249811,0.149197,0.242805
1175,0.191706,0.187467,0.20952,0.182362,0.201951,0.194975,0.27154,0.263565,0.249811,0.149197,0.242805
1176,0.191706,0.188883,0.20952,0.182362,0.201951,0.194975,0.27154,0.263565,0.249811,0.149197,0.242805
1177,0.191706,0.187008,0.20952,0.182362,0.201951,0.194975,0.27154,0.263565,0.249811,0.149197,0.242805
1178,0.189645,0.187008,0.20952,0.182362,0.201951,0.194975,0.27154,0.263565,0.249811,0.149197,0.242805
1179,0.189645,0.187008,0.20952,0.182362,0.201951,0.194975,0.27154,0.265827,0.249811,0.149197,0.242805
1180,0.189645,0.187008,0.20952,0.182362,0.201951,0.194975,0.27154,0.268234,0.249811,0.149197,0.242805
1181,0.189645,0.187008,0.20952,0.182362,0.201951,0.194975,0.27154,0.268117,0.249811,0.149197,0.242805
1182,0.189645,0.187008,0.20952,0.182362,0.201951,0.194975,0.27154,0.268778,0.249811,0.149197,0.242805
1183,0.189645,0.187008,0.20952,0.182362,0.201951,0.194975,0.27154,0.266899,0.249811,0.149197,0.242805
1184,0.189645,0.184953,0.20952,0.182362,0.201951,0.194975,0.27154,0.266899,0.249811,0.149197,0.242805
1185,0.189645,0.184953,0.20952,0.182362,0.201951,0.194975,0.27154,0.266899,0.249811,0.149197,0.240831
1186,0.189645,0.184953,0.20952,0.182362,0.201951,0.194975,0.27154,0.266899,0.250089,0.149197,0.240831
1187,0.189645,0.184953,0.210405,0.182362,0.201951,0.194975,0.27154,0.266899,0.250089,0.149197,0.240831
1188,0.189645,0.184953,0.210405,0.182362,0.20522,0.194975,0.27154,0.266899,0.250089,0.149197,0.240831
1189,0.189645,0.184953,0.210405,0.182362,0.211228,0.194975,0.27154,0.266899,0.250089,0.149197,0.240831
1190,0.189645,0.184953,0.210405,0.182362,0.209675,0.194975,0.27154,0.266899,0.250089,0.149197,0.240831
1191,0.189645,0.184953,0.210405,0.182362,0.207619,0.194975,0.27154,0.266899,0.250089,0.149197,0.240831
1192,0.189645,0.184953,0.210405,0.182362,0.207619,0.194975,0.270042,0.266899,0.250089,0.149197,0.240831
1193,0.189645,0.184953,0.210405,0.182362,0.207619,0.194975,0.270042,0.264133,0.250089,0.149197,0.240831
1194,0.189645,0.184953,0.210405,0.182362,0.207619,0.194975,0.270042,0.264133,0.251905,0.149197,0.240831
1195,0.189645,0.184953,0.210405,0.182362,0.207619,0.194975,0.270042,0.264133,0.252443,0.149197,0.240831
1196,0.189645,0.184953,0.210405,0.186837,0.207619,0.194975,0.270042,0.264133,0.252443,0.149197,0.240831
1197,0.189645,0.184953,0.210405,0.185948,0.207619,0.194975,0.270042,0.264133,0.252443,0.149197,0.240831
1198,0.189645,0.184953,0.210405,0.185948,0.207619,0.194975,0.270042,0.264133,0.256872,0.149197,0.240831
1199,0.189645,0.184953,0.210405,0.185948,0.207619,0.194975,0.270042,0.264133,0.25494,0.149197,0.240831
1200,0.189645,0.184953,0.210405,0.185948,0.207619,0.194975,0.270042,0.264133,0.259805,0.149197,0.240831
1201,0.189645,0.184953,0.210405,0.185948,0.207619,0.194975,0.270042,0.264133,0.256051,0.149197,0.240831
1202,0.189645,0.184953,0.212725,0.185948,0.207619,0.194975,0.270042,0.264133,0.256051,0.149197,0.240831
1203,0.189645,0.184953,0.217726,0.185948,0.207619,0.194975,0.270042,0.264133,0.256051,0.149197,0.240831
1204,0.189645,0.184953,0.216008,0.185948,0.207619,0.194975,0.270042,0.264133,0.256051,0.149197,0.240831
1205,0.189645,0.184953,0.214249,0.185948,0.207619,0.194975,0.270042,0.264133,0.256051,0.149197,0.240831
1206,0.189645,0.184953,0.214249,0.185948,0.207619,0.192944,0.270042,0.264133,0.256051,0.149197,0.240831
1207,0.189645,0.184953,0.214249,0.185948,0.207619,0.192944,0.270042,0.264133,0.256051,0.15564,0.240831
1208,0.189645,0.184953,0.214249,0.185948,0.207619,0.192944,0.270042,0.264133,0.256051,0.156879,0.240831
1209,0.189645,0.184953,0.214249,0.185948,0.207619,0.192944,0.270042,0.264133,0.256051,0.166009,0.240831
1210,0.189645,0.184953,0.214249,0.185948,0.207619,0.192944,0.270042,0.264133,0.256051,0.169787,0.240831
1211,0.189645,0.184953,0.214249,0.185948,0.207619,0.192944,0.270042,0.264133,0.256051,0.163583,0.240831
1212,0.189645,0.184953,0.214249,0.185948,0.207619,0.192944,0.270042,0.264133,0.256051,0.162182,0.240831
1213,0.189645,0.184953,0.214249,0.194579,0.207619,0.192944,0.270042,0.264133,0.256051,0.162182,0.240831
1214,0.189645,0.184953,0.214249,0.19146,0.207619,0.192944,0.270042,0.264133,0.256051,0.162182,0.240831
1215,0.189645,0.184953,0.214249,0.202737,0.207619,0.192944,0.270042,0.264133,0.256051,0.162182,0.240831
1216,0.189645,0.184953,0.214249,0.200926,0.207619,0.192944,0.270042,0.264133,0.256051,0.162182,0.240831
1217,0.189645,0.184953,0.214249,0.198401,0.207619,0.192944,0.270042,0.264133,0.256051,0.162182,0.240831
1218,0.189645,0.184953,0.214249,0.196356,0.207619,0.192944,0.270042,0.264133,0.256051,0.162182,0.240831
1219,0.189645,0.184953,0.214249,0.196356,0.205512,0.192944,0.270042,0.264133,0.256051,0.162182,0.240831
1220,0.189645,0.184953,0.214249,0.196356,0.205512,0.192944,0.270042,0.264133,0.256051,0.162182,0.238889
1221,0.187627,0.184953,0.214249,0.196356,0.205512,0.192944,0.270042,0.264133,0.256051,0.162182,0.238889
1222,0.187627,0.184953,0.214249,0.196356,0.205512,0.192944,0.270042,0.264133,0.254225,0.162182,0.238889
1223,0.187627,0.185096,0.214249,0.196356,0.205512,0.192944,0.270042,0.264133,0.254225,0.162182,0.238889
1224,0.187627,0.185096,0.214249,0.196356,0.205512,0.192944,0.270538,0.264133,0.254225,0.162182,0.238889
1225,0.187627,0.185096,0.214249,0.196356,0.205512,0.192944,0.268734,0.264133,0.254225,0.162182,0.238889
1226,0.187627,0.185096,0.214249,0.194352,0.205512,0.192944,0.268734,0.264133,0.254225,0.162182,0.238889
1227,0.187627,0.185096,0.21359,0.194352,0.205512,0.192944,0.268734,0.264133,0.254225,0.162182,0.238889
1228,0.187627,0.185096,0.21359,0.194352,0.205512,0.192944,0.268734,0.264133,0.254225,0.164284,0.238889
1229,0.187627,0.185096,0.21359,0.194352,0.205512,0.192944,0.268734,0.267346,0.254225,0.164284,0.238889
1230,0.187627,0.185096,0.21359,0.194352,0.205512,0.192944,0.268734,0.266178,0.254225,0.164284,0.238889
1231,0.187627,0.183098,0.21359,0.194352,0.205512,0.192944,0.268734,0.266178,0.254225,0.164284,0.238889
1232,0.187627,0.183098,0.21359,0.194352,0.205512,0.192944,0.268734,0.265583,0.254225,0.164284,0.238889
1233,0.187627,0.183098,0.21359,0.194352,0.205512,0.192944,0.268734,0.265583,0.254225,0.165478,0.238889
1234,0.187627,0.183098,0.21359,0.194352,0.205512,0.195979,0.268734,0.265583,0.254225,0.165478,0.238889
1235,0.187627,0.183098,0.21359,0.194352,0.205512,0.193979,0.268734,0.265583,0.254225,0.165478,0.238889
1236,0.187627,0.183098,0.21359,0.194352,0.205512,0.193979,0.268734,0.265583,0.258546,0.165478,0.238889
1237,0.187627,0.183098,0.21359,0.194352,0.205512,0.193979,0.268734,0.265583,0.261298,0.165478,0.238889
1238,0.187627,0.183098,0.21359,0.194352,0.205512,0.193979,0.268734,0.265583,0.259418,0.165478,0.238889
1239,0.187627,0.183098,0.21359,0.194352,0.205512,0.193979,0.268734,0.265583,0.259319,0.165478,0.238889
1240,0.187627,0.183098,0.21359,0.194352,0.205512,0.193979,0.268734,0.265583,0.258321,0.165478,0.238889
1241,0.187627,0.183098,0.21359,0.194352,0.205512,0.193979,0.268734,0.265583,0.258321,0.165478,0.234169
1242,0.187627,0.183098,0.21359,0.194352,0.208139,0.193979,0.268734,0.265583,0.258321,0.165478,0.234169
1243,0.187627,0.183098,0.21359,0.194352,0.213048,0.193979,0.268734,0.265583,0.258321,0.165478,0.234169
1244,0.187627,0.183098,0.21359,0.194352,0.211372,0.193979,0.268734,0.265583,0.258321,0.165478,0.234169
1245,0.187627,0.183098,0.21359,0.194352,0.210703,0.193979,0.268734,0.265583,0.258321,0.165478,0.234169
1246,0.187627,0.183098,0.21359,0.194352,0.210703,0.193979,0.268734,0.265583,0.258321,0.169229,0.234169
1247,0.187627,0.183098,0.21359,0.194352,0.210703,0.193979,0.268734,0.265583,0.258321,0.17621,0.234169
1248,0.187627,0.183098,0.21359,0.194352,0.210703,0.193979,0.268734,0.265583,0.258321,0.176176,0.234169
1249,0.187627,0.183098,0.21359,0.194352,0.210703,0.193979,0.268734,0.265583,0.258321,0.17799,0.234169
1250,0.187627,0.183098,0.21359,0.194352,0.210703,0.193979,0.268734,0.265583,0.258321,0.17599,0.234169
1251,0.184861,0.183098,0.21359,0.194352,0.210703,0.193979,0.268734,0.265583,0.258321,0.17599,0.234169
1252,0.184861,0.183098,0.21359,0.194352,0.210703,0.193979,0.266954,0.265583,0.258321,0.17599,0.234169
1253,0.184861,0.183098,0.21359,0.194352,0.210703,0.193979,0.266954,0.269128,0.258321,0.17599,0.234169
1254,0.184861,0.183098,0.21359,0.194352,0.210703,0.193979,0.266954,0.267321,0.258321,0.17599,0.234169
1255,0.184861,0.183098,0.216514,0.194352,0.210703,0.193979,0.266954,0.267321,0.258321,0.17599,0.234169
1256,0.184861,0.183098,0.215159,0.194352,0.210703,0.193979,0.266954,0.267321,0.258321,0.17599,0.234169
1257,0.184861,0.183098,0.215159,0.194352,0.210703,0.193979,0.266954,0.259997,0.258321,0.17599,0.234169
1258,0.184861,0.183098,0.215159,0.194352,0.210703,0.193979,0.266954,0.259997,0.256501,0.17599,0.234169
1259,0.184861,0.183098,0.215159,0.194352,0.210703,0.193979,0.266954,0.259997,0.256501,0.177112,0.234169
1260,0.184861,0.183098,0.215159,0.193329,0.210703,0.193979,0.266954,0.259997,0.256501,0.177112,0.234169
1261,0.184861,0.183098,0.215159,0.193329,0.209815,0.193979,0.266954,0.259997,0.256501,0.177112,0.234169
1262,0.184861,0.183098,0.215159,0.193329,0.209815,0.197599,0.266954,0.259997,0.256501,0.177112,0.234169
1263,0.184861,0.183098,0.215159,0.193329,0.209815,0.197765,0.266954,0.259997,0.256501,0.177112,0.234169
1264,0.184861,0.183098,0.215159,0.193329,0.209815,0.195917,0.266954,0.259997,0.256501,0.177112,0.234169
1265,0.184861,0.183098,0.213505,0.193329,0.209815,0.195917,0.266954,0.259997,0.256501,0.177112,0.234169
1266,0.184861,0.183098,0.213505,0.193329,0.209815,0.195917,0.266954,0.259997,0.256501,0.175166,0.234169
1267,0.184861,0.18311,0.213505,0.193329,0.209815,0.195917,0.266954,0.259997,0.256501,0.175166,0.234169
1268,0.184861,0.18311,0.213505,0.193329,0.209815,0.195917,0.270008,0.259997,0.256501,0.175166,0.234169
1269,0.184861,0.18311,0.213505,0.193329,0.209815,0.195917,0.268526,0.259997,0.256501,0.175166,0.234169
1270,0.184861,0.18311,0.213505,0.193329,0.209815,0.195917,0.268592,0.259997,0.256501,0.175166,0.234169
1271,0.184861,0.18311,0.213505,0.193329,0.209815,0.195917,0.268592,0.259997,0.25629,0.175166,0.234169
1272,0.184861,0.18311,0.213505,0.193329,0.214016,0.195917,0.268592,0.259997,0.25629,0.175166,0.234169
1273,0.184861,0.18311,0.213505,0.193329,0.212979,0.195917,0.268592,0.259997,0.25629,0.175166,0.234169
1274,0.184861,0.18311,0.213505,0.193329,0.214763,0.195917,0.268592,0.259997,0.25629,0.175166,0.234169
1275,0.184861,0.18311,0.213505,0.193329,0.215084,0.195917,0.268592,0.259997,0.25629,0.175166,0.234169
1276,0.184861,0.18311,0.213505,0.1915,0.215084,0.195917,0.268592,0.259997,0.25629,0.175166,0.234169
1277,0.184861,0.18311,0.213505,0.1915,0.215084,0.195917,0.268079,0.259997,0.25629,0.175166,0.234169
1278,0.184861,0.183309,0.213505,0.1915,0.215084,0.195917,0.268079,0.259997,0.25629,0.175166,0.234169
1279,0.183331,0.183309,0.213505,0.1915,0.215084,0.195917,0.268079,0.259997,0.25629,0.175166,0.234169
1280,0.183331,0.183309,0.213505,0.1915,0.215084,0.195917,0.268079,0.259997,0.25451,0.175166,0.234169
1281,0.183331,0.183309,0.212393,0.1915,0.215084,0.195917,0.268079,0.259997,0.25451,0.175166,0.234169
1282,0.183331,0.183309,0.212393,0.1915,0.213181,0.195917,0.268079,0.259997,0.25451,0.175166,0.234169
1283,0.183331,0.183309,0.212393,0.1915,0.213181,0.195917,0.268079,0.259997,0.25451,0.175166,0.236546
1284,0.183331,0.183309,0.212393,0.1915,0.213181,0.195917,0.268079,0.259997,0.25451,0.175166,0.237178
1285,0.183331,0.183309,0.212393,0.1915,0.213181,0.195917,0.268079,0.259997,0.25451,0.175166,0.236382
1286,0.183331,0.183309,0.212393,0.1915,0.213181,0.189013,0.268079,0.259997,0.25451,0.175166,0.236382
1287,0.183331,0.183309,0.212393,0.1915,0.213181,0.189013,0.26636,0.259997,0.25451,0.175166,0.236382
1288,0.183331,0.183309,0.212393,0.1915,0.213181,0.189013,0.26636,0.259997,0.25451,0.17771,0.236382
1289,0.183331,0.183309,0.212393,0.1915,0.213181,0.189013,0.26636,0.259997,0.25451,0.183392,0.236382
1290,0.183331,0.183309,0.212393,0.1915,0.213181,0.189013,0.26636,0.259997,0.25451,0.184003,0.236382
1291,0.183331,0.183309,0.212393,0.1915,0.213181,0.189013,0.26636,0.259997,0.25451,0.182066,0.236382
1292,0.183331,0.188339,0.212393,0.1915,0.213181,0.189013,0.26636,0.259997,0.25451,0.182066,0.236382
1293,0.183331,0.195962,0.212393,0.1915,0.213181,0.189013,0.26636,0.259997,0.25451,0.182066,0.236382
1294,0.183331,0.196316,0.212393,0.1915,0.213181,0.189013,0.26636,0.259997,0.25451,0.182066,0.236382
1295,0.183331,0.206261,0.212393,0.1915,0.213181,0.189013,0.26636,0.259997,0.25451,0.182066,0.236382
1296,0.183331,0.207797,0.212393,0.1915,0.213181,0.189013,0.26636,0.259997,0.25451,0.182066,0.236382
1297,0.183331,0.213803,0.212393,0.1915,0.213181,0.189013,0.26636,0.259997,0.25451,0.182066,0.236382
1298,0.183331,0.218525,0.212393,0.1915,0.213181,0.189013,0.26636,0.259997,0.25451,0.182066,0.236382
1299,0.183331,0.216142,0.212393,0.1915,0.213181,0.189013,0.26636,0.259997,0.25451,0.182066,0.236382
1300,0.183331,0.217892,0.212393,0.1915,0.213181,0.189013,0.26636,0.259997,0.25451,0.182066,0.236382
1301,0.183331,0.216146,0.212393,0.1915,0.213181,0.189013,0.26636,0.259997,0.25451,0.182066,0.236382
1302,0.183331,0.221533,0.212393,0.1915,0.213181,0.189013,0.26636,0.259997,0.25451,0.182066,0.236382
1303,0.183331,0.219206,0.212393,0.1915,0.213181,0.189013,0.26636,0.259997,0.25451,0.182066,0.236382
1304,0.183331,0.217889,0.212393,0.1915,0.213181,0.189013,0.26636,0.259997,0.25451,0.182066,0.236382
1305,0.183331,0.216894,0.212393,0.1915,0.213181,0.189013,0.26636,0.259997,0.25451,0.182066,0.236382
1306,0.183331,0.218299,0.212393,0.1915,0.213181,0.189013,0.26636,0.259997,0.25451,0.182066,0.236382
1307,0.183331,0.216388,0.212393,0.1915,0.213181,0.189013,0.26636,0.259997,0.25451,0.182066,0.236382
1308,0.183331,0.217539,0.212393,0.1915,0.213181,0.189013,0.26636,0.259997,0.25451,0.182066,0.236382
1309,0.183331,0.224747,0.212393,0.1915,0.213181,0.189013,0.26636,0.259997,0.25451,0.182066,0.236382
1310,0.183331,0.221643,0.212393,0.1915,0.213181,0.189013,0.26636,0.259997,0.25451,0.182066,0.236382
1311,0.183331,0.22969,0.212393,0.1915,0.213181,0.189013,0.26636,0.259997,0.25451,0.182066,0.236382
1312,0.183331,0.227415,0.212393,0.1915,0.213181,0.189013,0.26636,0.259997,0.25451,0.182066,0.236382
1313,0.183331,0.225471,0.212393,0.1915,0.213181,0.189013,0.26636,0.259997,0.25451,0.182066,0.236382
1314,0.183331,0.223814,0.212393,0.1915,0.213181,0.189013,0.26636,0.259997,0.25451,0.182066,0.236382
1315,0.183331,0.221541,0.212393,0.1915,0.213181,0.189013,0.26636,0.259997,0.25451,0.182066,0.236382
1316,0.183331,0.221541,0.212393,0.1915,0.213181,0.189013,0.26636,0.259997,0.25451,0.182066,0.242
1317,0.183331,0.221541,0.212393,0.1915,0.213181,0.189013,0.26636,0.259997,0.25451,0.182066,0.240139
1318,0.183331,0.221541,0.212393,0.1915,0.213181,0.189013,0.26636,0.259997,0.25451,0.182066,0.238319
1319,0.183331,0.221541,0.212393,0.1915,0.213181,0.189013,0.26636,0.259997,0.25451,0.179565,0.238319
1320,0.183331,0.221541,0.210774,0.1915,0.213181,0.189013,0.26636,0.259997,0.25451,0.179565,0.238319
1321,0.183331,0.221541,0.210774,0.190165,0.213181,0.189013,0.26636,0.259997,0.25451,0.179565,0.238319
1322,0.183331,0.221541,0.210774,0.190165,0.213181,0.189013,0.26636,0.259997,0.255728,0.179565,0.238319
1323,0.183331,0.221541,0.210774,0.190165,0.213181,0.189013,0.26636,0.259997,0.255618,0.179565,0.238319
1324,0.181441,0.221541,0.210774,0.190165,0.213181,0.189013,0.26636,0.259997,0.255618,0.179565,0.238319
1325,0.181441,0.221541,0.210774,0.190165,0.213181,0.189013,0.263256,0.259997,0.255618,0.179565,0.238319
1326,0.181441,0.221541,0.210774,0.190165,0.21225,0.189013,0.263256,0.259997,0.255618,0.179565,0.238319
1327,0.181441,0.221541,0.210774,0.190165,0.21225,0.189013,0.263256,0.259997,0.255618,0.179565,0.238133
1328,0.181441,0.221541,0.210774,0.190165,0.21225,0.189013,0.263256,0.259219,0.255618,0.179565,0.238133
1329,0.181441,0.221541,0.210774,0.190165,0.21225,0.189013,0.263256,0.259219,0.251296,0.179565,0.238133
1330,0.181441,0.224262,0.210774,0.190165,0.21225,0.189013,0.263256,0.259219,0.251296,0.179565,0.238133
1331,0.181441,0.228072,0.210774,0.190165,0.21225,0.189013,0.263256,0.259219,0.251296,0.179565,0.238133
1332,0.181441,0.226202,0.210774,0.190165,0.21225,0.189013,0.263256,0.259219,0.251296,0.179565,0.238133
1333,0.181441,0.225806,0.210774,0.190165,0.21225,0.189013,0.263256,0.259219,0.251296,0.179565,0.238133
1334,0.181441,0.225806,0.210774,0.190165,0.21225,0.189013,0.263256,0.259219,0.251296,0.179565,0.242209
1335,0.181441,0.225806,0.210774,0.190165,0.21225,0.189013,0.263256,0.259219,0.251296,0.179565,0.240716
1336,0.181441,0.225806,0.210774,0.190165,0.21225,0.189013,0.263256,0.259219,0.251296,0.179565,0.240062
1337,0.181441,0.225806,0.210774,0.190165,0.21225,0.189013,0.263256,0.257514,0.251296,0.179565,0.240062
1338,0.181441,0.225347,0.210774,0.190165,0.21225,0.189013,0.263256,0.257514,0.251296,0.179565,0.240062
1339,0.181441,0.225347,0.210774,0.191873,0.21225,0.189013,0.263256,0.257514,0.251296,0.179565,0.240062
1340,0.181441,0.225347,0.210925,0.191873,0.21225,0.189013,0.263256,0.257514,0.251296,0.179565,0.240062
1341,0.181441,0.225347,0.210925,0.191873,0.217088,0.189013,0.263256,0.257514,0.251296,0.179565,0.240062
1342,0.181441,0.225347,0.210925,0.191873,0.216263,0.189013,0.263256,0.257514,0.251296,0.179565,0.240062
1343,0.181441,0.225347,0.210925,0.191873,0.22188,0.189013,0.263256,0.257514,0.251296,0.179565,0.240062
1344,0.181441,0.225347,0.210925,0.191873,0.224178,0.189013,0.263256,0.257514,0.251296,0.179565,0.240062
1345,0.181441,0.225347,0.210925,0.191873,0.222401,0.189013,0.263256,0.257514,0.251296,0.179565,0.240062
1346,0.181441,0.225347,0.210925,0.191873,0.220548,0.189013,0.263256,0.257514,0.251296,0.179565,0.240062
1347,0.181441,0.225347,0.210925,0.191783,0.220548,0.189013,0.263256,0.257514,0.251296,0.179565,0.240062
1348,0.181441,0.225347,0.210925,0.191783,0.218725,0.189013,0.263256,0.257514,0.251296,0.179565,0.240062
1349,0.181441,0.225347,0.210925,0.191783,0.218725,0.189013,0.263256,0.257514,0.251296,0.177498,0.240062
1350,0.174517,0.225347,0.210925,0.191783,0.218725,0.189013,0.263256,0.257514,0.251296,0.177498,0.240062
1351,0.174517,0.225347,0.210925,0.191783,0.218725,0.189013,0.263256,0.257514,0.251296,0.177498,0.240123
1352,0.174517,0.225347,0.21003,0.191783,0.218725,0.189013,0.263256,0.257514,0.251296,0.177498,0.240123
1353,0.174517,0.222875,0.21003,0.191783,0.218725,0.189013,0.263256,0.257514,0.251296,0.177498,0.240123
1354,0.174517,0.222875,0.21003,0.191783,0.218725,0.189013,0.26159,0.257514,0.251296,0.177498,0.240123
1355,0.174517,0.222875,0.21003,0.189939,0.218725,0.189013,0.26159,0.257514,0.251296,0.177498,0.240123
1356,0.174517,0.222875,0.21003,0.189939,0.218725,0.189013,0.26159,0.257514,0.251296,0.177498,0.236223
1357,0.174517,0.222875,0.21003,0.189939,0.218725,0.189013,0.26159,0.256655,0.251296,0.177498,0.236223
1358,0.174517,0.222875,0.21003,0.189939,0.218725,0.18804,0.26159,0.256655,0.251296,0.177498,0.236223
1359,0.174517,0.222875,0.21003,0.189939,0.218725,0.18804,0.26159,0.256655,0.256063,0.177498,0.236223
1360,0.174517,0.222875,0.21003,0.189939,0.218725,0.18804,0.26159,0.256655,0.256837,0.177498,0.236223
1361,0.174517,0.222875,0.21003,0.189939,0.218725,0.18804,0.26159,0.256655,0.254178,0.177498,0.236223
1362,0.174517,0.222875,0.21003,0.189939,0.218725,0.18804,0.26159,0.256655,0.258558,0.177498,0.236223
1363,0.174517,0.222875,0.21003,0.189939,0.218725,0.18804,0.26159,0.256655,0.258012,0.177498,0.236223
1364,0.174517,0.222875,0.21003,0.189939,0.218725,0.18804,0.26159,0.256655,0.257155,0.177498,0.236223
1365,0.174517,0.222875,0.2085,0.189939,0.218725,0.18804,0.26159,0.256655,0.257155,0.177498,0.236223
1366,0.174517,0.222875,0.2085,0.189939,0.218725,0.18804,0.26159,0.256655,0.260924,0.177498,0.236223
1367,0.174517,0.222875,0.2085,0.189939,0.218725,0.18804,0.26159,0.256655,0.25924,0.177498,0.236223
1368,0.174517,0.222875,0.2085,0.189939,0.218725,0.18804,0.26159,0.256655,0.256345,0.177498,0.236223
1369,0.174517,0.222875,0.2085,0.189939,0.216976,0.18804,0.26159,0.256655,0.256345,0.177498,0.236223
1370,0.174517,0.222875,0.2085,0.189939,0.216976,0.18804,0.258366,0.256655,0.256345,0.177498,0.236223
1371,0.174517,0.222875,0.2085,0.189939,0.216976,0.18804,0.258366,0.254988,0.256345,0.177498,0.236223
1372,0.174517,0.222875,0.2085,0.189939,0.216976,0.18804,0.258366,0.254988,0.256345,0.184172,0.236223
1373,0.174517,0.222875,0.2085,0.189939,0.216976,0.18804,0.258366,0.254988,0.256345,0.179684,0.236223
1374,0.174517,0.223563,0.2085,0.189939,0.216976,0.18804,0.258366,0.254988,0.256345,0.179684,0.236223
1375,0.174517,0.223563,0.2085,0.197258,0.216976,0.18804,0.258366,0.254988,0.256345,0.179684,0.236223
1376,0.174517,0.223563,0.2085,0.200879,0.216976,0.18804,0.258366,0.254988,0.256345,0.179684,0.236223
1377,0.174517,0.223563,0.2085,0.203751,0.216976,0.18804,0.258366,0.254988,0.256345,0.179684,0.236223
1378,0.174517,0.223563,0.2085,0.204567,0.216976,0.18804,0.258366,0.254988,0.256345,0.179684,0.236223
1379,0.174517,0.223563,0.2085,0.207104,0.216976,0.18804,0.258366,0.254988,0.256345,0.179684,0.236223
1380,0.174517,0.223563,0.2085,0.205013,0.216976,0.18804,0.258366,0.254988,0.256345,0.179684,0.236223
1381,0.174517,0.223563,0.2085,0.207294,0.216976,0.18804,0.258366,0.254988,0.256345,0.179684,0.236223
1382,0.174517,0.223563,0.2085,0.205443,0.216976,0.18804,0.258366,0.254988,0.256345,0.179684,0.236223
1383,0.174517,0.223563,0.2085,0.204089,0.216976,0.18804,0.258366,0.254988,0.256345,0.179684,0.236223
1384,0.174517,0.223563,0.2085,0.204089,0.216976,0.191595,0.258366,0.254988,0.256345,0.179684,0.236223
1385,0.174517,0.223563,0.2085,0.204089,0.216976,0.18977,0.258366,0.254988,0.256345,0.179684,0.236223
1386,0.174517,0.224806,0.2085,0.204089,0.216976,0.18977,0.258366,0.254988,0.256345,0.179684,0.236223
1387,0.174517,0.2255,0.2085,0.204089,0.216976,0.18977,0.258366,0.254988,0.256345,0.179684,0.236223
1388,0.174517,0.2255,0.2085,0.204089,0.216976,0.18977,0.258366,0.254988,0.256345,0.182779,0.236223
1389,0.174517,0.2255,0.2085,0.204089,0.216976,0.18977,0.258366,0.254988,0.256345,0.187185,0.236223
1390,0.174517,0.2255,0.2085,0.204089,0.216976,0.18977,0.258366,0.254988,0.256345,0.183215,0.236223
1391,0.174517,0.2255,0.2085,0.203427,0.216976,0.18977,0.258366,0.254988,0.256345,0.183215,0.236223
1392,0.174517,0.223363,0.2085,0.203427,0.216976,0.18977,0.258366,0.254988,0.256345,0.183215,0.236223
1393,0.174517,0.223363,0.206481,0.203427,0.216976,0.18977,0.258366,0.254988,0.256345,0.183215,0.236223
1394,0.174517,0.223363,0.206481,0.203427,0.216976,0.18977,0.258366,0.255189,0.256345,0.183215,0.236223
1395,0.174517,0.223363,0.206481,0.203427,0.217933,0.18977,0.258366,0.255189,0.256345,0.183215,0.236223
1396,0.174517,0.223363,0.206481,0.203427,0.217933,0.18977,0.258366,0.255189,0.256345,0.183215,0.235816
1397,0.174517,0.223363,0.206481,0.203427,0.217933,0.188369,0.258366,0.255189,0.256345,0.183215,0.235816
1398,0.174517,0.223363,0.206481,0.203427,0.220499,0.188369,0.258366,0.255189,0.256345,0.183215,0.235816
1399,0.174517,0.223363,0.206481,0.203427,0.220627,0.188369,0.258366,0.255189,0.256345,0.183215,0.235816
1400,0.174517,0.223363,0.206481,0.203427,0.220627,0.188369,0.258366,0.255189,0.255319,0.183215,0.235816
1401,0.174517,0.223363,0.206481,0.203427,0.218925,0.188369,0.258366,0.255189,0.255319,0.183215,0.235816
1402,0.174517,0.223363,0.206481,0.203427,0.218925,0.188369,0.258366,0.259782,0.255319,0.183215,0.235816
1403,0.174517,0.223363,0.206481,0.203427,0.218925,0.188369,0.258366,0.258127,0.255319,0.183215,0.235816
1404,0.174517,0.223363,0.206481,0.203427,0.218925,0.188369,0.258366,0.262553,0.255319,0.183215,0.235816
1405,0.174517,0.223363,0.206481,0.203427,0.218925,0.188369,0.258366,0.261376,0.255319,0.183215,0.235816
1406,0.174517,0.223363,0.206481,0.203427,0.218925,0.188369,0.258366,0.262088,0.255319,0.183215,0.235816
1407,0.174517,0.223363,0.206481,0.203427,0.218925,0.188369,0.258366,0.261919,0.255319,0.183215,0.235816
1408,0.174517,0.223363,0.206481,0.203427,0.218925,0.188369,0.258366,0.259846,0.255319,0.183215,0.235816
1409,0.174517,0.223363,0.206481,0.203427,0.218925,0.188369,0.256752,0.259846,0.255319,0.183215,0.235816
1410,0.174517,0.223363,0.206481,0.203427,0.218925,0.188369,0.256752,0.259846,0.255319,0.181436,0.235816
1411,0.174517,0.223363,0.206481,0.209179,0.218925,0.188369,0.256752,0.259846,0.255319,0.181436,0.235816
1412,0.174517,0.223363,0.206481,0.207375,0.218925,0.188369,0.256752,0.259846,0.255319,0.181436,0.235816
1413,0.174517,0.223363,0.206481,0.20749,0.218925,0.188369,0.256752,0.259846,0.255319,0.181436,0.235816
1414,0.174517,0.223363,0.206481,0.20749,0.218925,0.188369,0.256752,0.259846,0.255319,0.181436,0.234102
1415,0.174517,0.223363,0.206481,0.207443,0.218925,0.188369,0.256752,0.259846,0.255319,0.181436,0.234102
1416,0.174517,0.223363,0.206481,0.207443,0.218925,0.188369,0.256752,0.259846,0.254628,0.181436,0.234102
1417,0.174599,0.223363,0.206481,0.207443,0.218925,0.188369,0.256752,0.259846,0.254628,0.181436,0.234102
1418,0.174599,0.223363,0.206481,0.207443,0.218925,0.188369,0.256752,0.258286,0.254628,0.181436,0.234102
1419,0.174599,0.221793,0.206481,0.207443,0.218925,0.188369,0.256752,0.258286,0.254628,0.181436,0.234102
1420,0.174599,0.221793,0.20817,0.207443,0.218925,0.188369,0.256752,0.258286,0.254628,0.181436,0.234102
1421,0.174599,0.221793,0.202077,0.207443,0.218925,0.188369,0.256752,0.258286,0.254628,0.181436,0.234102
1422,0.174599,0.221793,0.202077,0.207443,0.218925,0.184503,0.256752,0.258286,0.254628,0.181436,0.234102
1423,0.174599,0.221793,0.202077,0.207443,0.21694,0.184503,0.256752,0.258286,0.254628,0.181436,0.234102
1424,0.174599,0.221793,0.202077,0.205345,0.21694,0.184503,0.256752,0.258286,0.254628,0.181436,0.234102
1425,0.174599,0.221793,0.202077,0.205345,0.21694,0.184503,0.255184,0.258286,0.254628,0.181436,0.234102
1426,0.174599,0.221793,0.202077,0.205345,0.21694,0.184503,0.255184,0.258286,0.252733,0.181436,0.234102
1427,0.179034,0.221793,0.202077,0.205345,0.21694,0.184503,0.255184,0.258286,0.252733,0.181436,0.234102
1428,0.176568,0.221793,0.202077,0.205345,0.21694,0.184503,0.255184,0.258286,0.252733,0.181436,0.234102
1429,0.176568,0.221793,0.202077,0.205345,0.21694,0.184503,0.255184,0.258286,0.252733,0.181436,0.23338
1430,0.176568,0.221793,0.202077,0.205345,0.21694,0.184503,0.255184,0.258286,0.252733,0.178324,0.23338
1431,0.176568,0.221793,0.202077,0.205345,0.21694,0.184503,0.255184,0.256712,0.252733,0.178324,0.23338
1432,0.176568,0.222613,0.202077,0.205345,0.21694,0.184503,0.255184,0.256712,0.252733,0.178324,0.23338
1433,0.174837,0.222613,0.202077,0.205345,0.21694,0.184503,0.255184,0.256712,0.252733,0.178324,0.23338
1434,0.174837,0.226789,0.202077,0.205345,0.21694,0.184503,0.255184,0.256712,0.252733,0.178324,0.23338
1435,0.174837,0.229921,0.202077,0.205345,0.21694,0.184503,0.255184,0.256712,0.252733,0.178324,0.23338
1436,0.174837,0.228205,0.202077,0.205345,0.21694,0.184503,0.255184,0.256712,0.252733,0.178324,0.23338
1437,0.174837,0.226514,0.202077,0.205345,0.21694,0.184503,0.255184,0.256712,0.252733,0.178324,0.23338
1438,0.174837,0.226514,0.202077,0.205345,0.21694,0.184503,0.254057,0.256712,0.252733,0.178324,0.23338
1439,0.174837,0.226514,0.202077,0.205345,0.21694,0.184503,0.254057,0.256712,0.252733,0.178324,0.23599
1440,0.174837,0.226514,0.202077,0.205345,0.21694,0.184503,0.254057,0.256712,0.252733,0.178324,0.234436
1441,0.174837,0.226514,0.202077,0.205345,0.21693,0.184503,0.254057,0.256712,0.252733,0.178324,0.234436
1442,0.174837,0.226514,0.202077,0.205345,0.21693,0.184503,0.254057,0.256712,0.256058,0.178324,0.234436
1443,0.174837,0.226514,0.202077,0.205345,0.21693,0.184503,0.254057,0.256712,0.254467,0.178324,0.234436
1444,0.174837,0.226514,0.202077,0.205345,0.21693,0.184503,0.254057,0.256712,0.253276,0.178324,0.234436
1445,0.174837,0.226514,0.202077,0.205471,0.21693,0.184503,0.254057,0.256712,0.253276,0.178324,0.234436
1446,0.174837,0.226822,0.202077,0.205471,0.21693,0.184503,0.254057,0.256712,0.253276,0.178324,0.234436
1447,0.174837,0.226822,0.202077,0.205471,0.21693,0.184503,0.254057,0.255204,0.253276,0.178324,0.234436
1448,0.174837,0.226822,0.202077,0.205471,0.21693,0.184503,0.254057,0.255204,0.253276,0.178324,0.23329
1449,0.174837,0.226822,0.202077,0.205471,0.218058,0.184503,0.254057,0.255204,0.253276,0.178324,0.23329
1450,0.174837,0.225196,0.202077,0.205471,0.218058,0.184503,0.254057,0.255204,0.253276,0.178324,0.23329
1451,0.174837,0.225196,0.202077,0.205471,0.21663,0.184503,0.254057,0.255204,0.253276,0.178324,0.23329
1452,0.174837,0.225196,0.202077,0.205471,0.21663,0.184503,0.252819,0.255204,0.253276,0.178324,0.23329
1453,0.174837,0.225196,0.202077,0.204187,0.21663,0.184503,0.252819,0.255204,0.253276,0.178324,0.23329
1454,0.174837,0.225196,0.202077,0.204187,0.21663,0.186923,0.252819,0.255204,0.253276,0.178324,0.23329
1455,0.174837,0.225196,0.202077,0.204187,0.21663,0.187746,0.252819,0.255204,0.253276,0.178324,0.23329
1456,0.174837,0.225196,0.202077,0.204187,0.21663,0.189187,0.252819,0.255204,0.253276,0.178324,0.23329
1457,0.174837,0.225196,0.202077,0.204187,0.21663,0.189187,0.252819,0.255204,0.256385,0.178324,0.23329
1458,0.174837,0.225196,0.202077,0.204187,0.21663,0.189187,0.252819,0.255204,0.254964,0.178324,0.23329
1459,0.174837,0.225196,0.202077,0.204187,0.21663,0.200472,0.252819,0.255204,0.254964,0.178324,0.23329
1460,0.174837,0.225196,0.202077,0.204187,0.21663,0.198683,0.252819,0.255204,0.254964,0.178324,0.23329
1461,0.174837,0.225196,0.202077,0.204187,0.21663,0.20046,0.252819,0.255204,0.254964,0.178324,0.23329
1462,0.174837,0.225196,0.202077,0.204187,0.21663,0.198864,0.252819,0.255204,0.254964,0.178324,0.23329
1463,0.174837,0.225196,0.202077,0.204187,0.21663,0.200685,0.252819,0.255204,0.254964,0.178324,0.23329
1464,0.174837,0.225196,0.202077,0.204187,0.21663,0.207502,0.252819,0.255204,0.254964,0.178324,0.23329
1465,0.174837,0.225196,0.202077,0.204187,0.21663,0.211783,0.252819,0.255204,0.254964,0.178324,0.23329
1466,0.174837,0.225196,0.202077,0.204187,0.21663,0.212201,0.252819,0.255204,0.254964,0.178324,0.23329
1467,0.174837,0.225196,0.202077,0.204187,0.21663,0.215965,0.252819,0.255204,0.254964,0.178324,0.23329
1468,0.174837,0.225196,0.202077,0.204187,0.21663,0.215002,0.252819,0.255204,0.254964,0.178324,0.23329
1469,0.174837,0.225196,0.202077,0.204187,0.21663,0.214104,0.252819,0.255204,0.254964,0.178324,0.23329
1470,0.174837,0.225196,0.202077,0.204187,0.21663,0.21819,0.252819,0.255204,0.254964,0.178324,0.23329
1471,0.174837,0.225196,0.202077,0.204187,0.21663,0.211087,0.252819,0.255204,0.254964,0.178324,0.23329
1472,0.174837,0.225196,0.202077,0.204187,0.21663,0.206973,0.252819,0.255204,0.254964,0.178324,0.23329
1473,0.174837,0.225196,0.202077,0.204187,0.21663,0.206973,0.252819,0.255204,0.254924,0.178324,0.23329
1474,0.180251,0.225196,0.202077,0.204187,0.21663,0.206973,0.252819,0.255204,0.254924,0.178324,0.23329
1475,0.184067,0.225196,0.202077,0.204187,0.21663,0.206973,0.252819,0.255204,0.254924,0.178324,0.23329
1476,0.182314,0.225196,0.202077,0.204187,0.21663,0.206973,0.252819,0.255204,0.254924,0.178324,0.23329
1477,0.180569,0.225196,0.202077,0.204187,0.21663,0.206973,0.252819,0.255204,0.254924,0.178324,0.23329
1478,0.180569,0.225196,0.202077,0.204187,0.21663,0.206973,0.252819,0.255204,0.254924,0.176626,0.23329
1479,0.180569,0.225196,0.202077,0.204187,0.21663,0.206973,0.252819,0.255204,0.254924,0.176626,0.232391
1480,0.180569,0.225196,0.202077,0.204187,0.21663,0.206973,0.252819,0.254415,0.254924,0.176626,0.232391
1481,0.180569,0.225196,0.202077,0.204187,0.21663,0.206973,0.252819,0.254415,0.253388,0.176626,0.232391
1482,0.180569,0.225196,0.205376,0.204187,0.21663,0.206973,0.252819,0.254415,0.253388,0.176626,0.232391
1483,0.180569,0.225196,0.20372,0.204187,0.21663,0.206973,0.252819,0.254415,0.253388,0.176626,0.232391
1484,0.180569,0.225196,0.20372,0.204187,0.21663,0.206973,0.251621,0.254415,0.253388,0.176626,0.232391
1485,0.180569,0.225196,0.20372,0.204187,0.214661,0.206973,0.251621,0.254415,0.253388,0.176626,0.232391
1486,0.180211,0.225196,0.20372,0.204187,0.214661,0.206973,0.251621,0.254415,0.253388,0.176626,0.232391
1487,0.180211,0.223565,0.20372,0.204187,0.214661,0.206973,0.251621,0.254415,0.253388,0.176626,0.232391
1488,0.180211,0.223565,0.20372,0.208096,0.214661,0.206973,0.251621,0.254415,0.253388,0.176626,0.232391
1489,0.180211,0.223565,0.20372,0.205677,0.214661,0.206973,0.251621,0.254415,0.253388,0.176626,0.232391
1490,0.180211,0.223565,0.201758,0.205677,0.214661,0.206973,0.251621,0.254415,0.253388,0.176626,0.232391
1491,0.180211,0.223565,0.201758,0.205677,0.214661,0.206973,0.251621,0.25874,0.253388,0.176626,0.232391
1492,0.180211,0.223565,0.201758,0.205677,0.214661,0.206973,0.251621,0.261235,0.253388,0.176626,0.232391
1493,0.180211,0.223565,0.201758,0.205677,0.214661,0.206973,0.251621,0.264539,0.253388,0.176626,0.232391
1494,0.180211,0.223565,0.201758,0.205677,0.214661,0.206973,0.251621,0.262983,0.253388,0.176626,0.232391
1495,0.180211,0.223565,0.201758,0.205677,0.214661,0.206973,0.251621,0.261597,0.253388,0.176626,0.232391
1496,0.180211,0.223565,0.201758,0.205677,0.214661,0.206973,0.251621,0.257671,0.253388,0.176626,0.232391
1497,0.180211,0.223565,0.201758,0.205677,0.214661,0.206973,0.251621,0.257671,0.253388,0.176626,0.232329
1498,0.180211,0.223565,0.201758,0.204764,0.214661,0.206973,0.251621,0.257671,0.253388,0.176626,0.232329
1499,0.180211,0.223565,0.201758,0.204764,0.214661,0.206855,0.251621,0.257671,0.253388,0.176626,0.232329
1500,0.180211,0.223565,0.201758,0.204764,0.214661,0.206855,0.252711,0.257671,0.253388,0.176626,0.232329
1501,0.180211,0.223565,0.201758,0.204764,0.214661,0.206855,0.253312,0.257671,0.253388,0.176626,0.232329
1502,0.180211,0.223565,0.201758,0.204764,0.214661,0.206855,0.253312,0.257671,0.251407,0.176626,0.232329
1503,0.180211,0.223565,0.201758,0.204764,0.214661,0.206855,0.250621,0.257671,0.251407,0.176626,0.232329
1504,0.185003,0.223565,0.201758,0.204764,0.214661,0.206855,0.250621,0.257671,0.251407,0.176626,0.232329
1505,0.184152,0.223565,0.201758,0.204764,0.214661,0.206855,0.250621,0.257671,0.251407,0.176626,0.232329
1506,0.190125,0.223565,0.201758,0.204764,0.214661,0.206855,0.250621,0.257671,0.251407,0.176626,0.232329
1507,0.193858,0.223565,0.201758,0.204764,0.214661,0.206855,0.250621,0.257671,0.251407,0.176626,0.232329
1508,0.189932,0.223565,0.201758,0.204764,0.214661,0.206855,0.250621,0.257671,0.251407,0.176626,0.232329
1509,0.193538,0.223565,0.201758,0.204764,0.214661,0.206855,0.250621,0.257671,0.251407,0.176626,0.232329
1510,0.188866,0.223565,0.201758,0.204764,0.214661,0.206855,0.250621,0.257671,0.251407,0.176626,0.232329
1511,0.188866,0.223565,0.201758,0.204764,0.214661,0.206855,0.250621,0.257671,0.251407,0.176626,0.233759
1512,0.188866,0.223565,0.201758,0.204764,0.214661,0.206855,0.250621,0.257671,0.251407,0.176626,0.237382
1513,0.188866,0.223565,0.201758,0.204764,0.214661,0.206855,0.250621,0.257671,0.251407,0.176626,0.235779
1514,0.188866,0.223565,0.201758,0.204764,0.214661,0.206855,0.250621,0.257671,0.251407,0.176626,0.235712
1515,0.188866,0.223565,0.201758,0.204764,0.214661,0.206855,0.250621,0.257671,0.251407,0.173382,0.235712
1516,0.188866,0.223565,0.201758,0.204764,0.214661,0.206855,0.250621,0.257941,0.251407,0.173382,0.235712
1517,0.188866,0.222487,0.201758,0.204764,0.214661,0.206855,0.250621,0.257941,0.251407,0.173382,0.235712
1518,0.188866,0.222487,0.201758,0.204764,0.214661,0.206855,0.250621,0.257941,0.251407,0.173382,0.237579
1519,0.188866,0.222487,0.201758,0.204764,0.214661,0.206855,0.250621,0.257941,0.251407,0.173382,0.234956
1520,0.188866,0.222487,0.201758,0.204764,0.214661,0.205234,0.250621,0.257941,0.251407,0.173382,0.234956
1521,0.188866,0.222487,0.201758,0.204764,0.218179,0.205234,0.250621,0.257941,0.251407,0.173382,0.234956
1522,0.188866,0.222487,0.201758,0.204764,0.216539,0.205234,0.250621,0.257941,0.251407,0.173382,0.234956
1523,0.188866,0.222487,0.201758,0.204764,0.216539,0.205234,0.250621,0.259447,0.251407,0.173382,0.234956
1524,0.188866,0.222487,0.201758,0.204764,0.216539,0.205234,0.250621,0.260022,0.251407,0.173382,0.234956
1525,0.188866,0.222487,0.201758,0.204764,0.216539,0.205234,0.250621,0.259719,0.251407,0.173382,0.234956
1526,0.188866,0.222487,0.201758,0.203126,0.216539,0.205234,0.250621,0.259719,0.251407,0.173382,0.234956
1527,0.188866,0.222487,0.201758,0.203126,0.209938,0.205234,0.250621,0.259719,0.251407,0.173382,0.234956
1528,0.188866,0.222487,0.200118,0.203126,0.209938,0.205234,0.250621,0.259719,0.251407,0.173382,0.234956
1529,0.188866,0.222487,0.200118,0.203126,0.209938,0.205234,0.250621,0.258728,0.251407,0.173382,0.234956
1530,0.188866,0.222487,0.200118,0.203126,0.209938,0.205234,0.250621,0.258728,0.25029,0.173382,0.234956
1531,0.18819,0.222487,0.200118,0.203126,0.209938,0.205234,0.250621,0.258728,0.25029,0.173382,0.234956
1532,0.18819,0.22307,0.200118,0.203126,0.209938,0.205234,0.250621,0.258728,0.25029,0.173382,0.234956
1533,0.18819,0.22307,0.200118,0.203126,0.209938,0.205234,0.249129,0.258728,0.25029,0.173382,0.234956
1534,0.18819,0.216441,0.200118,0.203126,0.209938,0.205234,0.249129,0.258728,0.25029,0.173382,0.234956
1535,0.18819,0.216441,0.200118,0.203126,0.209938,0.205234,0.249129,0.258728,0.25029,0.173382,0.236205
1536,0.18819,0.216441,0.200118,0.203126,0.209938,0.205234,0.249129,0.258728,0.25029,0.173382,0.236478
1537,0.18819,0.216441,0.200118,0.203126,0.209938,0.205234,0.249129,0.257274,0.25029,0.173382,0.236478
1538,0.18819,0.216441,0.200118,0.203126,0.209938,0.203618,0.249129,0.257274,0.25029,0.173382,0.236478
1539,0.18819,0.216441,0.200118,0.203126,0.209938,0.203618,0.249129,0.257274,0.25029,0.173382,0.235818
1540,0.18819,0.216441,0.200118,0.203126,0.209938,0.203618,0.249129,0.257274,0.250664,0.173382,0.235818
1541,0.18819,0.216441,0.200118,0.207386,0.209938,0.203618,0.249129,0.257274,0.250664,0.173382,0.235818
1542,0.18819,0.216441,0.200118,0.207989,0.209938,0.203618,0.249129,0.257274,0.250664,0.173382,0.235818
1543,0.18819,0.216441,0.200118,0.208859,0.209938,0.203618,0.249129,0.257274,0.250664,0.173382,0.235818
1544,0.18819,0.216441,0.200118,0.207146,0.209938,0.203618,0.249129,0.257274,0.250664,0.173382,0.235818
1545,0.18819,0.216441,0.202067,0.207146,0.209938,0.203618,0.249129,0.257274,0.250664,0.173382,0.235818
1546,0.18819,0.216441,0.200158,0.207146,0.209938,0.203618,0.249129,0.257274,0.250664,0.173382,0.235818
1547,0.18819,0.216441,0.200158,0.207146,0.209938,0.203618,0.249129,0.257274,0.250664,0.168681,0.235818
1548,0.186567,0.216441,0.200158,0.207146,0.209938,0.203618,0.249129,0.257274,0.250664,0.168681,0.235818
1549,0.186567,0.216441,0.200158,0.207146,0.209938,0.203618,0.249129,0.257274,0.249339,0.168681,0.235818
1550,0.186567,0.216441,0.200158,0.207146,0.209938,0.203618,0.250618,0.257274,0.249339,0.168681,0.235818
1551,0.186567,0.216441,0.200158,0.207146,0.209938,0.203618,0.255577,0.257274,0.249339,0.168681,0.235818
1552,0.186567,0.216441,0.200158,0.207146,0.209938,0.203618,0.257144,0.257274,0.249339,0.168681,0.235818
1553,0.186567,0.216441,0.200158,0.207146,0.209938,0.203618,0.260079,0.257274,0.249339,0.168681,0.235818
1554,0.186567,0.216441,0.200158,0.207146,0.209938,0.203618,0.260683,0.257274,0.249339,0.168681,0.235818
1555,0.186567,0.216441,0.200158,0.207146,0.209938,0.203618,0.259185,0.257274,0.249339,0.168681,0.235818
1556,0.186567,0.216441,0.200158,0.207146,0.209938,0.203618,0.260074,0.257274,0.249339,0.168681,0.235818
1557,0.186567,0.216441,0.200158,0.207146,0.209938,0.203618,0.259376,0.257274,0.249339,0.168681,0.235818
1558,0.186567,0.216441,0.200158,0.207146,0.209938,0.203618,0.260147,0.257274,0.249339,0.168681,0.235818
1559,0.186567,0.216441,0.200158,0.207146,0.209938,0.203618,0.260471,0.257274,0.249339,0.168681,0.235818
1560,0.186567,0.216441,0.200158,0.207146,0.209938,0.203618,0.259016,0.257274,0.249339,0.168681,0.235818
1561,0.186567,0.216441,0.200158,0.207146,0.209938,0.203618,0.259128,0.257274,0.249339,0.168681,0.235818
1562,0.186567,0.216441,0.200158,0.207146,0.209938,0.203618,0.259458,0.257274,0.249339,0.168681,0.235818
1563,0.186567,0.216441,0.200158,0.207146,0.209938,0.203618,0.259458,0.257274,0.249339,0.168681,0.237602
1564,0.186567,0.216441,0.200158,0.207146,0.209938,0.203618,0.259458,0.257274,0.249339,0.168681,0.23536
1565,0.186567,0.216441,0.200158,0.207035,0.209938,0.203618,0.259458,0.257274,0.249339,0.168681,0.23536
1566,0.186567,0.216441,0.200158,0.207035,0.209938,0.203618,0.259458,0.257218,0.249339,0.168681,0.23536
1567,0.186567,0.216441,0.200158,0.207035,0.209938,0.203618,0.259841,0.257218,0.249339,0.168681,0.23536
1568,0.186567,0.216441,0.200158,0.207035,0.209938,0.203618,0.258421,0.257218,0.249339,0.168681,0.23536
1569,0.186567,0.216441,0.200158,0.207035,0.209938,0.20688,0.258421,0.257218,0.249339,0.168681,0.23536
1570,0.186567,0.216441,0.200158,0.207035,0.209938,0.209929,0.258421,0.257218,0.249339,0.168681,0.23536
1571,0.186567,0.216441,0.200158,0.207035,0.209938,0.207882,0.258421,0.257218,0.249339,0.168681,0.23536
1572,0.186567,0.216441,0.200158,0.207035,0.209938,0.206295,0.258421,0.257218,0.249339,0.168681,0.23536
1573,0.186567,0.216441,0.200158,0.207035,0.209938,0.206295,0.258421,0.254767,0.249339,0.168681,0.23536
1574,0.186567,0.216441,0.200158,0.207035,0.209938,0.206295,0.258421,0.254767,0.248782,0.168681,0.23536
1575,0.186567,0.216441,0.200158,0.205454,0.209938,0.206295,0.258421,0.254767,0.248782,0.168681,0.23536
1576,0.186567,0.216441,0.198604,0.205454,0.209938,0.206295,0.258421,0.254767,0.248782,0.168681,0.23536
1577,0.184973,0.216441,0.198604,0.205454,0.209938,0.206295,0.258421,0.254767,0.248782,0.168681,0.23536
1578,0.184973,0.216441,0.198604,0.205454,0.209938,0.206295,0.258421,0.254767,0.248782,0.168681,0.234156
1579,0.184973,0.216441,0.198604,0.205454,0.209938,0.206295,0.258421,0.254767,0.247267,0.168681,0.234156
1580,0.184973,0.216441,0.198604,0.205454,0.209938,0.206295,0.257016,0.254767,0.247267,0.168681,0.234156
1581,0.184973,0.216441,0.198604,0.205454,0.209938,0.207053,0.257016,0.254767,0.247267,0.168681,0.234156
1582,0.184973,0.216441,0.198604,0.205454,0.213658,0.207053,0.257016,0.254767,0.247267,0.168681,0.234156
1583,0.184973,0.216441,0.198604,0.205454,0.219781,0.207053,0.257016,0.254767,0.247267,0.168681,0.234156
1584,0.184973,0.216441,0.198604,0.205454,0.219856,0.207053,0.257016,0.254767,0.247267,0.168681,0.234156
1585,0.184973,0.216441,0.198604,0.205454,0.22028,0.207053,0.257016,0.254767,0.247267,0.168681,0.234156
1586,0.184973,0.216441,0.198604,0.205454,0.218709,0.207053,0.257016,0.254767,0.247267,0.168681,0.234156
1587,0.184973,0.216441,0.198604,0.205454,0.220345,0.207053,0.257016,0.254767,0.247267,0.168681,0.234156
1588,0.184973,0.216441,0.198604,0.205454,0.218721,0.207053,0.257016,0.254767,0.247267,0.168681,0.234156
1589,0.184973,0.216441,0.198604,0.205454,0.218817,0.207053,0.257016,0.254767,0.247267,0.168681,0.234156
1590,0.184973,0.216441,0.198604,0.205454,0.218817,0.209401,0.257016,0.254767,0.247267,0.168681,0.234156
1591,0.184973,0.216441,0.198604,0.205454,0.218817,0.211236,0.257016,0.254767,0.247267,0.168681,0.234156
1592,0.184973,0.216441,0.198604,0.205454,0.218817,0.20765,0.257016,0.254767,0.247267,0.168681,0.234156
1593,0.184973,0.216441,0.198604,0.205454,0.217398,0.20765,0.257016,0.254767,0.247267,0.168681,0.234156
1594,0.184973,0.216441,0.198604,0.205454,0.217398,0.20765,0.257016,0.256156,0.247267,0.168681,0.234156
1595,0.184973,0.216441,0.198604,0.205454,0.217398,0.20765,0.257016,0.255855,0.247267,0.168681,0.234156
1596,0.184973,0.216441,0.198604,0.203828,0.217398,0.20765,0.257016,0.255855,0.247267,0.168681,0.234156
1597,0.184973,0.216441,0.197044,0.203828,0.217398,0.20765,0.257016,0.255855,0.247267,0.168681,0.234156
1598,0.184973,0.216441,0.197044,0.203828,0.217398,0.20765,0.257016,0.255855,0.247267,0.168681,0.236848
1599,0.184973,0.216441,0.197044,0.203828,0.217398,0.20765,0.257016,0.255855,0.247267,0.168681,0.239593
1600,0.184973,0.216441,0.197044,0.203828,0.217398,0.20765,0.257016,0.255855,0.247267,0.168681,0.240425
1601,0.184973,0.216441,0.197044,0.203828,0.217398,0.20765,0.257016,0.255855,0.247267,0.168681,0.241748
1602,0.184973,0.216441,0.197044,0.203828,0.217398,0.20765,0.257016,0.255855,0.247267,0.168681,0.240441
1603,0.184973,0.216441,0.197044,0.203828,0.217398,0.20765,0.257016,0.255855,0.247267,0.168681,0.239371
1604,0.184973,0.216441,0.197044,0.203828,0.217398,0.20765,0.257016,0.255633,0.247267,0.168681,0.239371
1605,0.184973,0.216441,0.197044,0.203828,0.217398,0.20765,0.257016,0.255633,0.247267,0.168681,0.240657
1606,0.184973,0.216441,0.197044,0.203828,0.217398,0.20765,0.257016,0.255633,0.247267,0.168681,0.240615
1607,0.184973,0.216441,0.197044,0.203828,0.217398,0.20765,0.255627,0.255633,0.247267,0.168681,0.240615
1608,0.184973,0.216441,0.197044,0.203828,0.217398,0.20765,0.255627,0.255633,0.249284,0.168681,0.240615
1609,0.184973,0.216441,0.197044,0.203828,0.217398,0.20765,0.255627,0.255633,0.247718,0.168681,0.240615
1610,0.183405,0.216441,0.197044,0.203828,0.217398,0.20765,0.255627,0.255633,0.247718,0.168681,0.240615
1611,0.183405,0.216441,0.197044,0.203828,0.217398,0.20765,0.255627,0.255633,0.247718,0.166366,0.240615
1612,0.183405,0.216452,0.197044,0.203828,0.217398,0.20765,0.255627,0.255633,0.247718,0.166366,0.240615
1613,0.183405,0.216452,0.197044,0.203828,0.217398,0.20765,0.255627,0.255633,0.247718,0.166366,0.239407
1614,0.183405,0.216452,0.197044,0.203828,0.217398,0.20765,0.255627,0.256311,0.247718,0.166366,0.239407
1615,0.183405,0.216452,0.197044,0.203828,0.217398,0.20765,0.255627,0.253064,0.247718,0.166366,0.239407
1616,0.183405,0.216452,0.197044,0.203828,0.217398,0.20765,0.255627,0.253064,0.249121,0.166366,0.239407
1617,0.183405,0.216452,0.197044,0.203828,0.217398,0.20765,0.255627,0.253064,0.249028,0.166366,0.239407
1618,0.183405,0.222574,0.197044,0.203828,0.217398,0.20765,0.255627,0.253064,0.249028,0.166366,0.239407
1619,0.183405,0.221887,0.197044,0.203828,0.217398,0.20765,0.255627,0.253064,0.249028,0.166366,0.239407
1620,0.183405,0.224026,0.197044,0.203828,0.217398,0.20765,0.255627,0.253064,0.249028,0.166366,0.239407
1621,0.183405,0.223069,0.197044,0.203828,0.217398,0.20765,0.255627,0.253064,0.249028,0.166366,0.239407
1622,0.183405,0.223536,0.197044,0.203828,0.217398,0.20765,0.255627,0.253064,0.249028,0.166366,0.239407
1623,0.183405,0.223005,0.197044,0.203828,0.217398,0.20765,0.255627,0.253064,0.249028,0.166366,0.239407
1624,0.183405,0.223195,0.197044,0.203828,0.217398,0.20765,0.255627,0.253064,0.249028,0.166366,0.239407
1625,0.183405,0.223195,0.197044,0.203828,0.218859,0.20765,0.255627,0.253064,0.249028,0.166366,0.239407
1626,0.183405,0.223195,0.197044,0.203828,0.22539,0.20765,0.255627,0.253064,0.249028,0.166366,0.239407
1627,0.183405,0.223195,0.197044,0.203828,0.224745,0.20765,0.255627,0.253064,0.249028,0.166366,0.239407
1628,0.183405,0.223195,0.197044,0.203828,0.222692,0.20765,0.255627,0.253064,0.249028,0.166366,0.239407
1629,0.183405,0.223195,0.197044,0.203828,0.221668,0.20765,0.255627,0.253064,0.249028,0.166366,0.239407
1630,0.183405,0.223195,0.197044,0.203828,0.221668,0.20765,0.255627,0.253064,0.247666,0.166366,0.239407
1631,0.183405,0.223195,0.197044,0.203828,0.221668,0.210564,0.255627,0.253064,0.247666,0.166366,0.239407
1632,0.183405,0.223195,0.197044,0.203828,0.221668,0.209027,0.255627,0.253064,0.247666,0.166366,0.239407
1633,0.183405,0.223195,0.197044,0.209607,0.221668,0.209027,0.255627,0.253064,0.247666,0.166366,0.239407
1634,0.183405,0.223195,0.197044,0.211913,0.221668,0.209027,0.255627,0.253064,0.247666,0.166366,0.239407
1635,0.183405,0.223195,0.197044,0.21137,0.221668,0.209027,0.255627,0.253064,0.247666,0.166366,0.239407
1636,0.183405,0.223195,0.197044,0.209731,0.221668,0.209027,0.255627,0.253064,0.247666,0.166366,0.239407
1637,0.183405,0.223195,0.197044,0.207986,0.221668,0.209027,0.255627,0.253064,0.247666,0.166366,0.239407
1638,0.183405,0.223195,0.197044,0.207986,0.221668,0.209027,0.254906,0.253064,0.247666,0.166366,0.239407
1639,0.183405,0.223195,0.193731,0.207986,0.221668,0.209027,0.254906,0.253064,0.247666,0.166366,0.239407
1640,0.183405,0.221707,0.193731,0.207986,0.221668,0.209027,0.254906,0.253064,0.247666,0.166366,0.239407
1641,0.183405,0.221707,0.193731,0.207986,0.221668,0.209027,0.254906,0.253064,0.247666,0.166366,0.239595
1642,0.183405,0.221707,0.193731,0.207986,0.225213,0.209027,0.254906,0.253064,0.247666,0.166366,0.239595
1643,0.183405,0.221707,0.193731,0.207986,0.230295,0.209027,0.254906,0.253064,0.247666,0.166366,0.239595
1644,0.183405,0.221707,0.193731,0.207986,0.229718,0.209027,0.254906,0.253064,0.247666,0.166366,0.239595
1645,0.183405,0.221707,0.193731,0.207986,0.231686,0.209027,0.254906,0.253064,0.247666,0.166366,0.239595
1646,0.183405,0.221707,0.193731,0.207986,0.230172,0.209027,0.254906,0.253064,0.247666,0.166366,0.239595
1647,0.183405,0.221707,0.193731,0.207986,0.235504,0.209027,0.254906,0.253064,0.247666,0.166366,0.239595
1648,0.183405,0.221707,0.193731,0.207986,0.234782,0.209027,0.254906,0.253064,0.247666,0.166366,0.239595
1649,0.183405,0.221707,0.193731,0.207986,0.235522,0.209027,0.254906,0.253064,0.247666,0.166366,0.239595
1650,0.183405,0.221707,0.193731,0.207986,0.238555,0.209027,0.254906,0.253064,0.247666,0.166366,0.239595
1651,0.183405,0.221707,0.193731,0.207986,0.236763,0.209027,0.254906,0.253064,0.247666,0.166366,0.239595
1652,0.183405,0.221707,0.193731,0.207986,0.236245,0.209027,0.254906,0.253064,0.247666,0.166366,0.239595
1653,0.183405,0.221707,0.193731,0.207986,0.236132,0.209027,0.254906,0.253064,0.247666,0.166366,0.239595
1654,0.183405,0.221707,0.193731,0.207986,0.239598,0.209027,0.254906,0.253064,0.247666,0.166366,0.239595
1655,0.183405,0.221707,0.193731,0.207986,0.24383,0.209027,0.254906,0.253064,0.247666,0.166366,0.239595
1656,0.183405,0.221707,0.193731,0.207986,0.242334,0.209027,0.254906,0.253064,0.247666,0.166366,0.239595
1657,0.183405,0.221707,0.193731,0.207986,0.240857,0.209027,0.254906,0.253064,0.247666,0.166366,0.239595
1658,0.183405,0.221707,0.193731,0.207986,0.245464,0.209027,0.254906,0.253064,0.247666,0.166366,0.239595
1659,0.183405,0.221707,0.193731,0.207986,0.24575,0.209027,0.254906,0.253064,0.247666,0.166366,0.239595
1660,0.183405,0.221707,0.193731,0.207986,0.244279,0.209027,0.254906,0.253064,0.247666,0.166366,0.239595
1661,0.183405,0.221707,0.193731,0.207986,0.242827,0.209027,0.254906,0.253064,0.247666,0.166366,0.239595
1662,0.183405,0.221707,0.193731,0.207986,0.24269,0.209027,0.254906,0.253064,0.247666,0.166366,0.239595
1663,0.183405,0.221707,0.193731,0.207986,0.242298,0.209027,0.254906,0.253064,0.247666,0.166366,0.239595
1664,0.183405,0.221707,0.193731,0.207986,0.242298,0.21109,0.254906,0.253064,0.247666,0.166366,0.239595
1665,0.183405,0.221707,0.193731,0.207986,0.242298,0.21031,0.254906,0.253064,0.247666,0.166366,0.239595
1666,0.194216,0.221707,0.193731,0.207986,0.242298,0.21031,0.254906,0.253064,0.247666,0.166366,0.239595
1667,0.198107,0.221707,0.193731,0.207986,0.242298,0.21031,0.254906,0.253064,0.247666,0.166366,0.239595
1668,0.201429,0.221707,0.193731,0.207986,0.242298,0.21031,0.254906,0.253064,0.247666,0.166366,0.239595
1669,0.200034,0.221707,0.193731,0.207986,0.242298,0.21031,0.254906,0.253064,0.247666,0.166366,0.239595
1670,0.201268,0.221707,0.193731,0.207986,0.242298,0.21031,0.254906,0.253064,0.247666,0.166366,0.239595
1671,0.199594,0.221707,0.193731,0.207986,0.242298,0.21031,0.254906,0.253064,0.247666,0.166366,0.239595
1672,0.210153,0.221707,0.193731,0.207986,0.242298,0.21031,0.254906,0.253064,0.247666,0.166366,0.239595
1673,0.208485,0.221707,0.193731,0.207986,0.242298,0.21031,0.254906,0.253064,0.247666,0.166366,0.239595
1674,0.207569,0.221707,0.193731,0.207986,0.242298,0.21031,0.254906,0.253064,0.247666,0.166366,0.239595
1675,0.210993,0.221707,0.193731,0.207986,0.242298,0.21031,0.254906,0.253064,0.247666,0.166366,0.239595
1676,0.209954,0.221707,0.193731,0.207986,0.242298,0.21031,0.254906,0.253064,0.247666,0.166366,0.239595
1677,0.208339,0.221707,0.193731,0.207986,0.242298,0.21031,0.254906,0.253064,0.247666,0.166366,0.239595
1678,0.206788,0.221707,0.193731,0.207986,0.242298,0.21031,0.254906,0.253064,0.247666,0.166366,0.239595
1679,0.205222,0.221707,0.193731,0.207986,0.242298,0.21031,0.254906,0.253064,0.247666,0.166366,0.239595
1680,0.204746,0.221707,0.193731,0.207986,0.242298,0.21031,0.254906,0.253064,0.247666,0.166366,0.239595
1681,0.207174,0.221707,0.193731,0.207986,0.242298,0.21031,0.254906,0.253064,0.247666,0.166366,0.239595
1682,0.205917,0.221707,0.193731,0.207986,0.242298,0.21031,0.254906,0.253064,0.247666,0.166366,0.239595
1683,0.205917,0.221707,0.193731,0.207986,0.247105,0.21031,0.254906,0.253064,0.247666,0.166366,0.239595
1684,0.205917,0.221707,0.193731,0.207986,0.25133,0.21031,0.254906,0.253064,0.247666,0.166366,0.239595
1685,0.205917,0.221707,0.193731,0.207986,0.251116,0.21031,0.254906,0.253064,0.247666,0.166366,0.239595
1686,0.205917,0.221707,0.193731,0.207986,0.251243,0.21031,0.254906,0.253064,0.247666,0.166366,0.239595
1687,0.205917,0.221707,0.193731,0.207986,0.250662,0.21031,0.254906,0.253064,0.247666,0.166366,0.239595
1688,0.205917,0.221707,0.193731,0.207986,0.252742,0.21031,0.254906,0.253064,0.247666,0.166366,0.239595
1689,0.205917,0.221707,0.193731,0.207986,0.254214,0.21031,0.254906,0.253064,0.247666,0.166366,0.239595
1690,0.205917,0.221707,0.193731,0.207986,0.252808,0.21031,0.254906,0.253064,0.247666,0.166366,0.239595
1691,0.205917,0.221707,0.193731,0.207986,0.253594,0.21031,0.254906,0.253064,0.247666,0.166366,0.239595
1692,0.205917,0.221707,0.193731,0.207986,0.25229,0.21031,0.254906,0.253064,0.247666,0.166366,0.239595
1693,0.205917,0.221707,0.193731,0.207986,0.2536,0.21031,0.254906,0.253064,0.247666,0.166366,0.239595
1694,0.205917,0.221707,0.193731,0.207986,0.253628,0.21031,0.254906,0.253064,0.247666,0.166366,0.239595
1695,0.205917,0.221707,0.193731,0.207986,0.254335,0.21031,0.254906,0.253064,0.247666,0.166366,0.239595
1696,0.205917,0.221707,0.193731,0.207986,0.252938,0.21031,0.254906,0.253064,0.247666,0.166366,0.239595
1697,0.205917,0.221707,0.193731,0.207986,0.252938,0.21031,0.254906,0.253064,0.247666,0.166366,0.244445
1698,0.205917,0.221707,0.193731,0.207986,0.252938,0.21031,0.254906,0.253064,0.247666,0.166366,0.243966
1699,0.205917,0.221707,0.193731,0.207986,0.252938,0.21031,0.254906,0.253064,0.247666,0.166366,0.242531
1700,0.205917,0.221707,0.193731,0.207986,0.252938,0.21031,0.254906,0.253064,0.247666,0.166366,0.244807
1701,0.205917,0.221707,0.193731,0.207986,0.252938,0.21031,0.254906,0.253064,0.247666,0.166366,0.243453
1702,0.211075,0.221707,0.193731,0.207986,0.252938,0.21031,0.254906,0.253064,0.247666,0.166366,0.243453
1703,0.209534,0.221707,0.193731,0.207986,0.252938,0.21031,0.254906,0.253064,0.247666,0.166366,0.243453
1704,0.209441,0.221707,0.193731,0.207986,0.252938,0.21031,0.254906,0.253064,0.247666,0.166366,0.243453
1705,0.20877,0.221707,0.193731,0.207986,0.252938,0.21031,0.254906,0.253064,0.247666,0.166366,0.243453
1706,0.20877,0.221707,0.193731,0.207986,0.252938,0.21031,0.256316,0.253064,0.247666,0.166366,0.243453
1707,0.20877,0.221707,0.193731,0.207986,0.252938,0.21031,0.256707,0.253064,0.247666,0.166366,0.243453
1708,0.20877,0.221707,0.193731,0.207986,0.252938,0.21031,0.25549,0.253064,0.247666,0.166366,0.243453
1709,0.20877,0.221707,0.193731,0.207986,0.252938,0.21031,0.25549,0.253064,0.247894,0.166366,0.243453
1710,0.20877,0.221707,0.193731,0.207986,0.252938,0.21031,0.25549,0.253064,0.247894,0.166366,0.244058
1711,0.20877,0.221707,0.193731,0.207986,0.252938,0.21031,0.25549,0.253064,0.247894,0.162252,0.244058
1712,0.20877,0.221707,0.193731,0.206966,0.252938,0.21031,0.25549,0.253064,0.247894,0.162252,0.244058
1713,0.20877,0.221707,0.193731,0.206966,0.252938,0.208808,0.25549,0.253064,0.247894,0.162252,0.244058
1714,0.20877,0.221707,0.193731,0.206966,0.252938,0.208808,0.25549,0.253064,0.247894,0.162252,0.243486
1715,0.20877,0.221707,0.193731,0.206966,0.251736,0.208808,0.25549,0.253064,0.247894,0.162252,0.243486
1716,0.20877,0.221707,0.193731,0.206966,0.251736,0.208808,0.25549,0.253064,0.250761,0.162252,0.243486
1717,0.20877,0.221707,0.193731,0.206966,0.251736,0.208808,0.25549,0.253064,0.250689,0.162252,0.243486
1718,0.20877,0.221707,0.193731,0.206966,0.251736,0.208808,0.25549,0.253064,0.249404,0.162252,0.243486
1719,0.20877,0.22451,0.193731,0.206966,0.251736,0.208808,0.25549,0.253064,0.249404,0.162252,0.243486
1720,0.20877,0.230612,0.193731,0.206966,0.251736,0.208808,0.25549,0.253064,0.249404,0.162252,0.243486
1721,0.20877,0.230337,0.193731,0.206966,0.251736,0.208808,0.25549,0.253064,0.249404,0.162252,0.243486
1722,0.20877,0.227505,0.193731,0.206966,0.251736,0.208808,0.25549,0.253064,0.249404,0.162252,0.243486
1723,0.20877,0.227744,0.193731,0.206966,0.251736,0.208808,0.25549,0.253064,0.249404,0.162252,0.243486
1724,0.20877,0.227997,0.193731,0.206966,0.251736,0.208808,0.25549,0.253064,0.249404,0.162252,0.243486
1725,0.20877,0.232313,0.193731,0.206966,0.251736,0.208808,0.25549,0.253064,0.249404,0.162252,0.243486
1726,0.20877,0.2307,0.193731,0.206966,0.251736,0.208808,0.25549,0.253064,0.249404,0.162252,0.243486
1727,0.20877,0.229262,0.193731,0.206966,0.251736,0.208808,0.25549,0.253064,0.249404,0.162252,0.243486
1728,0.20877,0.229262,0.193731,0.206966,0.251736,0.208808,0.25549,0.25403,0.249404,0.162252,0.243486
1729,0.20877,0.229262,0.193731,0.206966,0.251736,0.208808,0.25549,0.254276,0.249404,0.162252,0.243486
1730,0.20877,0.229262,0.193731,0.206966,0.251736,0.208808,0.25549,0.252924,0.249404,0.162252,0.243486
1731,0.20877,0.229262,0.193731,0.206966,0.251736,0.208808,0.25549,0.252924,0.250133,0.162252,0.243486
1732,0.20877,0.229262,0.193731,0.206966,0.251736,0.208808,0.258017,0.252924,0.250133,0.162252,0.243486
1733,0.20877,0.229262,0.193731,0.206966,0.251736,0.208808,0.259218,0.252924,0.250133,0.162252,0.243486
1734,0.20877,0.229262,0.193731,0.206966,0.251736,0.208808,0.260376,0.252924,0.250133,0.162252,0.243486
1735,0.20877,0.229262,0.193731,0.206966,0.251736,0.208808,0.259299,0.252924,0.250133,0.162252,0.243486
1736,0.20877,0.229262,0.193731,0.206966,0.251736,0.208808,0.257237,0.252924,0.250133,0.162252,0.243486
1737,0.20877,0.229262,0.193731,0.206966,0.251736,0.208808,0.257237,0.252924,0.249163,0.162252,0.243486
1738,0.207279,0.229262,0.193731,0.206966,0.251736,0.208808,0.257237,0.252924,0.249163,0.162252,0.243486
1739,0.207279,0.229262,0.193731,0.206966,0.251736,0.208808,0.257237,0.252924,0.249163,0.162252,0.242095
1740,0.207279,0.229262,0.193731,0.205509,0.251736,0.208808,0.257237,0.252924,0.249163,0.162252,0.242095
1741,0.207279,0.229262,0.193731,0.205509,0.251946,0.208808,0.257237,0.252924,0.249163,0.162252,0.242095
1742,0.207279,0.227915,0.193731,0.205509,0.251946,0.208808,0.257237,0.252924,0.249163,0.162252,0.242095
1743,0.207279,0.227915,0.193731,0.205509,0.251946,0.207327,0.257237,0.252924,0.249163,0.162252,0.242095
1744,0.207279,0.227915,0.193731,0.205509,0.252374,0.207327,0.257237,0.252924,0.249163,0.162252,0.242095
1745,0.207279,0.227915,0.193671,0.205509,0.252374,0.207327,0.257237,0.252924,0.249163,0.162252,0.242095
1746,0.207279,0.227915,0.193671,0.205509,0.251025,0.207327,0.257237,0.252924,0.249163,0.162252,0.242095
1747,0.207279,0.227915,0.193671,0.205509,0.251025,0.207327,0.257237,0.252924,0.24812,0.162252,0.242095
1748,0.207279,0.227915,0.193671,0.205509,0.251025,0.207327,0.257237,0.256643,0.24812,0.162252,0.242095
1749,0.207279,0.227915,0.193671,0.205509,0.251025,0.207327,0.257237,0.256467,0.24812,0.162252,0.242095
1750,0.207279,0.227915,0.193671,0.205509,0.251025,0.207327,0.257237,0.256114,0.24812,0.162252,0.242095
1751,0.207279,0.227915,0.193671,0.205509,0.251025,0.207327,0.257237,0.253766,0.24812,0.162252,0.242095
1752,0.207279,0.227915,0.193671,0.205509,0.251025,0.207327,0.255918,0.253766,0.24812,0.162252,0.242095
1753,0.207279,0.227915,0.193671,0.205509,0.251025,0.207327,0.255918,0.253766,0.24812,0.162252,0.240719
1754,0.207279,0.227915,0.192812,0.205509,0.251025,0.207327,0.255918,0.253766,0.24812,0.162252,0.240719
1755,0.207564,0.227915,0.192812,0.205509,0.251025,0.207327,0.255918,0.253766,0.24812,0.162252,0.240719
1756,0.207564,0.230752,0.192812,0.205509,0.251025,0.207327,0.255918,0.253766,0.24812,0.162252,0.240719
1757,0.207564,0.229313,0.192812,0.205509,0.251025,0.207327,0.255918,0.253766,0.24812,0.162252,0.240719
1758,0.207564,0.229313,0.192812,0.205699,0.251025,0.207327,0.255918,0.253766,0.24812,0.162252,0.240719
1759,0.208482,0.229313,0.192812,0.205699,0.251025,0.207327,0.255918,0.253766,0.24812,0.162252,0.240719
1760,0.208482,0.229313,0.192812,0.205699,0.251025,0.207327,0.255918,0.253766,0.246779,0.162252,0.240719
1761,0.208482,0.228039,0.192812,0.205699,0.251025,0.207327,0.255918,0.253766,0.246779,0.162252,0.240719
1762,0.208482,0.228039,0.192812,0.205699,0.249376,0.207327,0.255918,0.253766,0.246779,0.162252,0.240719
1763,0.210205,0.228039,0.192812,0.205699,0.249376,0.207327,0.255918,0.253766,0.246779,0.162252,0.240719
1764,0.209633,0.228039,0.192812,0.205699,0.249376,0.207327,0.255918,0.253766,0.246779,0.162252,0.240719
1765,0.209633,0.228039,0.192812,0.205699,0.249376,0.212932,0.255918,0.253766,0.246779,0.162252,0.240719
1766,0.209633,0.228039,0.192812,0.205699,0.249376,0.213236,0.255918,0.253766,0.246779,0.162252,0.240719
1767,0.209633,0.228039,0.192812,0.205699,0.249376,0.217472,0.255918,0.253766,0.246779,0.162252,0.240719
1768,0.209633,0.228039,0.192812,0.205699,0.249376,0.216183,0.255918,0.253766,0.246779,0.162252,0.240719
1769,0.209633,0.228039,0.192812,0.205699,0.249376,0.214702,0.255918,0.253766,0.246779,0.162252,0.240719
1770,0.209633,0.228039,0.192812,0.205699,0.249376,0.213757,0.255918,0.253766,0.246779,0.162252,0.240719
1771,0.209633,0.228039,0.192812,0.205699,0.249376,0.213757,0.255918,0.254112,0.246779,0.162252,0.240719
1772,0.209633,0.228039,0.192812,0.205699,0.249376,0.213757,0.254612,0.254112,0.246779,0.162252,0.240719
1773,0.209633,0.228039,0.192812,0.205699,0.249376,0.212864,0.254612,0.254112,0.246779,0.162252,0.240719
1774,0.209633,0.228039,0.192812,0.205699,0.249376,0.212864,0.254612,0.254112,0.246779,0.166575,0.240719
1775,0.209633,0.228039,0.192812,0.205699,0.249376,0.212864,0.254612,0.254112,0.246779,0.165074,0.240719
1776,0.209633,0.228039,0.192812,0.204297,0.249376,0.212864,0.254612,0.254112,0.246779,0.165074,0.240719
1777,0.209633,0.228039,0.192812,0.204297,0.249376,0.212864,0.254612,0.253015,0.246779,0.165074,0.240719
1778,0.209633,0.228039,0.192812,0.204297,0.249376,0.212864,0.254612,0.253015,0.246779,0.165074,0.239201
1779,0.209633,0.228039,0.192812,0.204297,0.249376,0.212864,0.254612,0.253015,0.246779,0.167084,0.239201
1780,0.209633,0.228039,0.192812,0.204297,0.249376,0.212864,0.254612,0.253015,0.246779,0.174258,0.239201
1781,0.209633,0.228039,0.192812,0.204297,0.249376,0.212864,0.254612,0.253015,0.246779,0.176966,0.239201
1782,0.209633,0.228039,0.192812,0.204297,0.249376,0.212864,0.254612,0.253015,0.246779,0.179294,0.239201
1783,0.209633,0.228039,0.192812,0.204297,0.249376,0.212864,0.254612,0.253015,0.246779,0.178982,0.239201
1784,0.209633,0.228039,0.192812,0.204297,0.249376,0.212864,0.254612,0.253015,0.246779,0.17584,0.239201
1785,0.209633,0.228039,0.192812,0.204297,0.249376,0.212864,0.254612,0.253015,0.246779,0.182286,0.239201
1786,0.209633,0.228039,0.192812,0.204297,0.249376,0.212864,0.254612,0.253015,0.246779,0.18362,0.239201
1787,0.209633,0.228039,0.192812,0.204297,0.249376,0.212864,0.254612,0.253015,0.246779,0.18209,0.239201
1788,0.209633,0.228039,0.192812,0.204297,0.249376,0.212864,0.254612,0.253015,0.246779,0.180585,0.239201
1789,0.209633,0.228039,0.192812,0.204297,0.249376,0.212864,0.254612,0.253015,0.246779,0.179105,0.239201
1790,0.209633,0.228039,0.192296,0.204297,0.249376,0.212864,0.254612,0.253015,0.246779,0.179105,0.239201
1791,0.209747,0.228039,0.192296,0.204297,0.249376,0.212864,0.254612,0.253015,0.246779,0.179105,0.239201
1792,0.209747,0.228039,0.192296,0.204297,0.249376,0.212864,0.254612,0.253015,0.245549,0.179105,0.239201
1793,0.209747,0.23198,0.192296,0.204297,0.249376,0.212864,0.254612,0.253015,0.245549,0.179105,0.239201
1794,0.209747,0.230781,0.192296,0.204297,0.249376,0.212864,0.254612,0.253015,0.245549,0.179105,0.239201
1795,0.209747,0.231258,0.192296,0.204297,0.249376,0.212864,0.254612,0.253015,0.245549,0.179105,0.239201
1796,0.209747,0.229913,0.192296,0.204297,0.249376,0.212864,0.254612,0.253015,0.245549,0.179105,0.239201
1797,0.207663,0.229913,0.192296,0.204297,0.249376,0.212864,0.254612,0.253015,0.245549,0.179105,0.239201
1798,0.207663,0.229913,0.192296,0.204297,0.249376,0.212864,0.253349,0.253015,0.245549,0.179105,0.239201
1799,0.207663,0.229913,0.192296,0.204297,0.249376,0.216955,0.253349,0.253015,0.245549,0.179105,0.239201
1800,0.207663,0.229913,0.192296,0.204297,0.249376,0.215984,0.253349,0.253015,0.245549,0.179105,0.239201
1801,0.207663,0.229913,0.192296,0.204297,0.249376,0.219354,0.253349,0.253015,0.245549,0.179105,0.239201
1802,0.207663,0.229913,0.192296,0.204297,0.249376,0.218121,0.253349,0.253015,0.245549,0.179105,0.239201
1803,0.207663,0.229913,0.192296,0.204297,0.249376,0.218463,0.253349,0.253015,0.245549,0.179105,0.239201
1804,0.207663,0.229913,0.192296,0.204297,0.249376,0.215176,0.253349,0.253015,0.245549,0.179105,0.239201
1805,0.207663,0.229913,0.192296,0.204297,0.249737,0.215176,0.253349,0.253015,0.245549,0.179105,0.239201
1806,0.207663,0.229913,0.192296,0.204297,0.249737,0.215176,0.253349,0.253773,0.245549,0.179105,0.239201
1807,0.207663,0.229913,0.192296,0.204297,0.249737,0.215176,0.253349,0.253144,0.245549,0.179105,0.239201
1808,0.207663,0.229913,0.192296,0.204297,0.251875,0.215176,0.253349,0.253144,0.245549,0.179105,0.239201
1809,0.207663,0.229913,0.192296,0.204297,0.254387,0.215176,0.253349,0.253144,0.245549,0.179105,0.239201
1810,0.207663,0.229913,0.192296,0.204297,0.256777,0.215176,0.253349,0.253144,0.245549,0.179105,0.239201
1811,0.207663,0.229913,0.192296,0.204297,0.255429,0.215176,0.253349,0.253144,0.245549,0.179105,0.239201
1812,0.207663,0.229913,0.192296,0.204297,0.25357,0.215176,0.253349,0.253144,0.245549,0.179105,0.239201
1813,0.207663,0.229913,0.192296,0.204297,0.254546,0.215176,0.253349,0.253144,0.245549,0.179105,0.239201
1814,0.207663,0.229913,0.192296,0.204297,0.253427,0.215176,0.253349,0.253144,0.245549,0.179105,0.239201
1815,0.207663,0.229913,0.192728,0.204297,0.253427,0.215176,0.253349,0.253144,0.245549,0.179105,0.239201
1816,0.207663,0.229913,0.192728,0.203447,0.253427,0.215176,0.253349,0.253144,0.245549,0.179105,0.239201
1817,0.207663,0.229913,0.192728,0.203447,0.253427,0.215176,0.253349,0.253144,0.245549,0.179105,0.238298
1818,0.207663,0.229913,0.194685,0.203447,0.253427,0.215176,0.253349,0.253144,0.245549,0.179105,0.238298
1819,0.207663,0.229913,0.193232,0.203447,0.253427,0.215176,0.253349,0.253144,0.245549,0.179105,0.238298
1820,0.207663,0.229913,0.193232,0.203447,0.253427,0.215176,0.253349,0.251666,0.245549,0.179105,0.238298
1821,0.207663,0.229913,0.193232,0.203447,0.253427,0.215176,0.253349,0.251666,0.245549,0.180179,0.238298
1822,0.207663,0.228911,0.193232,0.203447,0.253427,0.215176,0.253349,0.251666,0.245549,0.180179,0.238298
1823,0.207663,0.228911,0.193232,0.203447,0.253427,0.215176,0.253349,0.251666,0.24722,0.180179,0.238298
1824,0.207663,0.228911,0.193232,0.203447,0.253427,0.215176,0.253349,0.251666,0.246086,0.180179,0.238298
1825,0.207663,0.228911,0.193232,0.203447,0.253427,0.215176,0.253349,0.251666,0.246086,0.182582,0.238298
1826,0.207663,0.228911,0.193232,0.203447,0.253427,0.215176,0.253349,0.251666,0.246086,0.180387,0.238298
1827,0.207663,0.228911,0.193232,0.203447,0.254333,0.215176,0.253349,0.251666,0.246086,0.180387,0.238298
1828,0.207663,0.228911,0.193232,0.203447,0.257782,0.215176,0.253349,0.251666,0.246086,0.180387,0.238298
1829,0.207663,0.228911,0.193232,0.203447,0.257166,0.215176,0.253349,0.251666,0.246086,0.180387,0.238298
1830,0.207663,0.228911,0.193232,0.203447,0.258639,0.215176,0.253349,0.251666,0.246086,0.180387,0.238298
1831,0.207663,0.228911,0.193232,0.203447,0.25719,0.215176,0.253349,0.251666,0.246086,0.180387,0.238298
1832,0.207663,0.228911,0.193232,0.203447,0.255844,0.215176,0.253349,0.251666,0.246086,0.180387,0.238298
1833,0.207663,0.228911,0.193232,0.203447,0.255844,0.215176,0.255877,0.251666,0.246086,0.180387,0.238298
1834,0.207663,0.228911,0.193232,0.203447,0.255844,0.215176,0.256197,0.251666,0.246086,0.180387,0.238298
1835,0.207663,0.228911,0.193232,0.203447,0.255844,0.215176,0.254916,0.251666,0.246086,0.180387,0.238298
1836,0.207663,0.228911,0.193232,0.203447,0.255844,0.215176,0.256465,0.251666,0.246086,0.180387,0.238298
1837,0.207663,0.228911,0.193232,0.203447,0.255844,0.215176,0.261043,0.251666,0.246086,0.180387,0.238298
1838,0.207663,0.228911,0.193232,0.203447,0.255844,0.215176,0.261591,0.251666,0.246086,0.180387,0.238298
1839,0.207663,0.228911,0.193232,0.203447,0.255844,0.215176,0.260352,0.251666,0.246086,0.180387,0.238298
1840,0.207663,0.228911,0.193232,0.203447,0.255844,0.215176,0.26335,0.251666,0.246086,0.180387,0.238298
1841,0.207663,0.228911,0.193232,0.203447,0.255844,0.215176,0.264179,0.251666,0.246086,0.180387,0.238298
1842,0.207663,0.228911,0.193232,0.203447,0.255844,0.215176,0.263249,0.251666,0.246086,0.180387,0.238298
1843,0.207663,0.228911,0.193232,0.203447,0.255844,0.215176,0.265367,0.251666,0.246086,0.180387,0.238298
1844,0.207663,0.228911,0.193232,0.203447,0.255844,0.215176,0.265662,0.251666,0.246086,0.180387,0.238298
1845,0.207663,0.228911,0.193232,0.203447,0.255844,0.215176,0.266647,0.251666,0.246086,0.180387,0.238298
1846,0.207663,0.228911,0.193232,0.203447,0.255844,0.215176,0.265594,0.251666,0.246086,0.180387,0.238298
1847,0.207663,0.228911,0.193232,0.203447,0.255844,0.215176,0.266981,0.251666,0.246086,0.180387,0.238298
1848,0.207663,0.228911,0.193232,0.203447,0.255844,0.215176,0.268615,0.251666,0.246086,0.180387,0.238298
1849,0.207663,0.228911,0.193232,0.203447,0.255844,0.215176,0.266971,0.251666,0.246086,0.180387,0.238298
1850,0.207663,0.228911,0.193232,0.203447,0.255844,0.215176,0.270444,0.251666,0.246086,0.180387,0.238298
1851,0.207663,0.228911,0.193232,0.203447,0.255844,0.215176,0.272548,0.251666,0.246086,0.180387,0.238298
1852,0.207663,0.228911,0.193232,0.203447,0.255844,0.215176,0.272234,0.251666,0.246086,0.180387,0.238298
1853,0.207663,0.228911,0.193232,0.203447,0.255844,0.215176,0.272467,0.251666,0.246086,0.180387,0.238298
1854,0.207663,0.228911,0.193232,0.203447,0.255844,0.215176,0.2729,0.251666,0.246086,0.180387,0.238298
1855,0.207663,0.228911,0.193232,0.203447,0.255844,0.215176,0.271659,0.251666,0.246086,0.180387,0.238298
1856,0.207663,0.228911,0.193232,0.203447,0.255844,0.215176,0.270716,0.251666,0.246086,0.180387,0.238298
1857,0.207663,0.228911,0.193232,0.203447,0.255844,0.215176,0.269525,0.251666,0.246086,0.180387,0.238298
1858,0.207663,0.228911,0.193232,0.203447,0.255844,0.215176,0.271238,0.251666,0.246086,0.180387,0.238298
1859,0.207663,0.228911,0.193232,0.203447,0.255844,0.215176,0.269127,0.251666,0.246086,0.180387,0.238298
1860,0.207663,0.228911,0.193232,0.203447,0.255844,0.215176,0.269127,0.251666,0.246086,0.180387,0.241982
1861,0.207663,0.228911,0.193232,0.203447,0.255844,0.215176,0.269127,0.251666,0.246086,0.180387,0.236899
1862,0.207663,0.228911,0.193232,0.203447,0.255844,0.215176,0.269127,0.251666,0.245997,0.180387,0.236899
1863,0.207663,0.228911,0.193232,0.20326,0.255844,0.215176,0.269127,0.251666,0.245997,0.180387,0.236899
1864,0.206331,0.228911,0.193232,0.20326,0.255844,0.215176,0.269127,0.251666,0.245997,0.180387,0.236899
1865,0.206331,0.228911,0.194196,0.20326,0.255844,0.215176,0.269127,0.251666,0.245997,0.180387,0.236899
1866,0.206331,0.228911,0.194196,0.20326,0.255844,0.215176,0.268261,0.251666,0.245997,0.180387,0.236899
1867,0.206331,0.227536,0.194196,0.20326,0.255844,0.215176,0.268261,0.251666,0.245997,0.180387,0.236899
1868,0.206331,0.227536,0.194196,0.20326,0.255844,0.215176,0.268261,0.251666,0.244702,0.180387,0.236899
1869,0.206331,0.227536,0.194196,0.20326,0.256982,0.215176,0.268261,0.251666,0.244702,0.180387,0.236899
1870,0.206331,0.227536,0.194196,0.20326,0.257733,0.215176,0.268261,0.251666,0.244702,0.180387,0.236899
1871,0.206331,0.227536,0.194196,0.20326,0.256533,0.215176,0.268261,0.251666,0.244702,0.180387,0.236899
1872,0.206331,0.227536,0.195779,0.20326,0.256533,0.215176,0.268261,0.251666,0.244702,0.180387,0.236899
1873,0.206331,0.227536,0.198671,0.20326,0.256533,0.215176,0.268261,0.251666,0.244702,0.180387,0.236899
1874,0.206331,0.227536,0.199312,0.20326,0.256533,0.215176,0.268261,0.251666,0.244702,0.180387,0.236899
1875,0.206331,0.227536,0.201985,0.20326,0.256533,0.215176,0.268261,0.251666,0.244702,0.180387,0.236899
1876,0.206331,0.227536,0.204327,0.20326,0.256533,0.215176,0.268261,0.251666,0.244702,0.180387,0.236899
1877,0.206331,0.227536,0.209145,0.20326,0.256533,0.215176,0.268261,0.251666,0.244702,0.180387,0.236899
1878,0.206331,0.227536,0.209871,0.20326,0.256533,0.215176,0.268261,0.251666,0.244702,0.180387,0.236899
1879,0.206331,0.227536,0.209976,0.20326,0.256533,0.215176,0.268261,0.251666,0.244702,0.180387,0.236899
1880,0.206331,0.227536,0.208026,0.20326,0.256533,0.215176,0.268261,0.251666,0.244702,0.180387,0.236899
1881,0.206331,0.227536,0.208006,0.20326,0.256533,0.215176,0.268261,0.251666,0.244702,0.180387,0.236899
1882,0.206331,0.227536,0.206643,0.20326,0.256533,0.215176,0.268261,0.251666,0.244702,0.180387,0.236899
1883,0.206331,0.227536,0.206643,0.20326,0.256533,0.215176,0.268261,0.251361,0.244702,0.180387,0.236899
1884,0.206331,0.227536,0.206643,0.20326,0.256533,0.216749,0.268261,0.251361,0.244702,0.180387,0.236899
1885,0.206331,0.227536,0.206643,0.20326,0.256533,0.215359,0.268261,0.251361,0.244702,0.180387,0.236899
1886,0.206331,0.227536,0.204844,0.20326,0.256533,0.215359,0.268261,0.251361,0.244702,0.180387,0.236899
1887,0.206331,0.227536,0.204844,0.202046,0.256533,0.215359,0.268261,0.251361,0.244702,0.180387,0.236899
1888,0.206331,0.227536,0.204844,0.202046,0.256533,0.215359,0.268261,0.251361,0.244702,0.179958,0.236899
1889,0.206331,0.227536,0.204844,0.202046,0.256533,0.215359,0.268261,0.250393,0.244702,0.179958,0.236899
1890,0.206331,0.227536,0.204844,0.202046,0.256533,0.215359,0.270478,0.250393,0.244702,0.179958,0.236899
1891,0.206331,0.227536,0.204844,0.202046,0.256533,0.215359,0.269332,0.250393,0.244702,0.179958,0.236899
1892,0.206331,0.227536,0.204844,0.202046,0.25542,0.215359,0.269332,0.250393,0.244702,0.179958,0.236899
1893,0.206331,0.227536,0.204844,0.202046,0.25542,0.215359,0.26815,0.250393,0.244702,0.179958,0.236899
1894,0.208798,0.227536,0.204844,0.202046,0.25542,0.215359,0.26815,0.250393,0.244702,0.179958,0.236899
1895,0.207397,0.227536,0.204844,0.202046,0.25542,0.215359,0.26815,0.250393,0.244702,0.179958,0.236899
1896,0.207397,0.227536,0.204844,0.202046,0.25542,0.215359,0.26815,0.250393,0.245294,0.179958,0.236899
1897,0.207397,0.227536,0.204844,0.202046,0.25542,0.215359,0.26815,0.250393,0.245294,0.179958,0.235591
1898,0.207397,0.227536,0.204844,0.202046,0.25542,0.212634,0.26815,0.250393,0.245294,0.179958,0.235591
1899,0.207397,0.227536,0.204844,0.202046,0.25542,0.212634,0.26815,0.250393,0.245661,0.179958,0.235591
1900,0.207397,0.22694,0.204844,0.202046,0.25542,0.212634,0.26815,0.250393,0.245661,0.179958,0.235591
1901,0.207397,0.22694,0.204844,0.202046,0.25542,0.212634,0.26815,0.250393,0.245661,0.188416,0.235591
1902,0.207397,0.22694,0.204844,0.202046,0.25542,0.212634,0.26815,0.250393,0.245661,0.186312,0.235591
1903,0.207397,0.22694,0.204844,0.202046,0.25542,0.212634,0.26815,0.250393,0.245661,0.185802,0.235591
1904,0.207397,0.22694,0.204844,0.202046,0.25542,0.212634,0.26815,0.250393,0.245661,0.180969,0.235591
1905,0.207397,0.22694,0.204844,0.202046,0.25542,0.212634,0.26815,0.250393,0.246442,0.180969,0.235591
1906,0.207397,0.22694,0.204844,0.202046,0.25542,0.212634,0.26815,0.250393,0.249478,0.180969,0.235591
1907,0.207397,0.22694,0.204844,0.202046,0.25542,0.212634,0.26815,0.250393,0.248458,0.180969,0.235591
1908,0.207397,0.22694,0.204844,0.202046,0.25542,0.212634,0.26815,0.250393,0.248187,0.180969,0.235591
1909,0.207397,0.22694,0.204844,0.200653,0.25542,0.212634,0.26815,0.250393,0.248187,0.180969,0.235591
1910,0.207397,0.22694,0.204844,0.200653,0.25542,0.212634,0.26815,0.251174,0.248187,0.180969,0.235591
1911,0.207397,0.22694,0.204844,0.200653,0.25542,0.212634,0.26815,0.254001,0.248187,0.180969,0.235591
1912,0.207397,0.22694,0.204844,0.200653,0.25542,0.212634,0.26815,0.253174,0.248187,0.180969,0.235591
1913,0.207397,0.22694,0.204844,0.200653,0.25542,0.212634,0.26815,0.250731,0.248187,0.180969,0.235591
1914,0.211166,0.22694,0.204844,0.200653,0.25542,0.212634,0.26815,0.250731,0.248187,0.180969,0.235591
1915,0.209942,0.22694,0.204844,0.200653,0.25542,0.212634,0.26815,0.250731,0.248187,0.180969,0.235591
1916,0.212446,0.22694,0.204844,0.200653,0.25542,0.212634,0.26815,0.250731,0.248187,0.180969,0.235591
1917,0.211057,0.22694,0.204844,0.200653,0.25542,0.212634,0.26815,0.250731,0.248187,0.180969,0.235591
1918,0.211057,0.22694,0.204844,0.200653,0.25542,0.212634,0.26815,0.250731,0.247757,0.180969,0.235591
1919,0.211057,0.22694,0.204844,0.200653,0.254488,0.212634,0.26815,0.250731,0.247757,0.180969,0.235591
1920,0.211057,0.22694,0.204844,0.200653,0.254488,0.212634,0.270264,0.250731,0.247757,0.180969,0.235591
1921,0.211057,0.22694,0.204844,0.200653,0.254488,0.212634,0.271006,0.250731,0.247757,0.180969,0.235591
1922,0.211057,0.22694,0.204844,0.200653,0.254488,0.212634,0.270095,0.250731,0.247757,0.180969,0.235591
1923,0.211057,0.22694,0.204844,0.200653,0.254488,0.212634,0.27037,0.250731,0.247757,0.180969,0.235591
1924,0.211057,0.22694,0.204844,0.200653,0.254488,0.212634,0.270664,0.250731,0.247757,0.180969,0.235591
1925,0.211057,0.22694,0.20639,0.200653,0.254488,0.212634,0.270664,0.250731,0.247757,0.180969,0.235591
1926,0.211057,0.22694,0.205301,0.200653,0.254488,0.212634,0.270664,0.250731,0.247757,0.180969,0.235591
1927,0.212179,0.22694,0.205301,0.200653,0.254488,0.212634,0.270664,0.250731,0.247757,0.180969,0.235591
1928,0.212625,0.22694,0.205301,0.200653,0.254488,0.212634,0.270664,0.250731,0.247757,0.180969,0.235591
1929,0.212625,0.22694,0.205301,0.200653,0.254488,0.212634,0.269507,0.250731,0.247757,0.180969,0.235591
1930,0.212625,0.225515,0.205301,0.200653,0.254488,0.212634,0.269507,0.250731,0.247757,0.180969,0.235591
1931,0.211598,0.225515,0.205301,0.200653,0.254488,0.212634,0.269507,0.250731,0.247757,0.180969,0.235591
1932,0.211598,0.225515,0.205301,0.200653,0.254488,0.212634,0.269507,0.250731,0.251438,0.180969,0.235591
1933,0.211598,0.225515,0.205301,0.200653,0.254488,0.212634,0.269507,0.250731,0.251453,0.180969,0.235591
1934,0.211598,0.225515,0.205301,0.200653,0.254488,0.212634,0.269507,0.250731,0.250287,0.180969,0.235591
1935,0.211598,0.225515,0.205301,0.200653,0.254488,0.212634,0.269507,0.250731,0.251111,0.180969,0.235591
1936,0.211598,0.225515,0.205301,0.200653,0.254488,0.212634,0.269507,0.250731,0.250933,0.180969,0.235591
1937,0.211598,0.225515,0.205301,0.200653,0.254488,0.212634,0.269507,0.250731,0.250933,0.180969,0.234296
1938,0.211598,0.225515,0.205301,0.200653,0.254488,0.212634,0.269507,0.250731,0.250488,0.180969,0.234296
1939,0.211598,0.225515,0.205301,0.200653,0.252916,0.212634,0.269507,0.250731,0.250488,0.180969,0.234296
1940,0.211598,0.225515,0.203756,0.200653,0.252916,0.212634,0.269507,0.250731,0.250488,0.180969,0.234296
1941,0.211598,0.225515,0.203756,0.200653,0.252916,0.212634,0.271347,0.250731,0.250488,0.180969,0.234296
1942,0.211598,0.225515,0.203756,0.200653,0.252916,0.212634,0.270197,0.250731,0.250488,0.180969,0.234296
1943,0.211598,0.225515,0.203756,0.200653,0.252916,0.212634,0.270197,0.249502,0.250488,0.180969,0.234296
1944,0.211598,0.225515,0.203756,0.203146,0.252916,0.212634,0.270197,0.249502,0.250488,0.180969,0.234296
1945,0.211598,0.225515,0.203756,0.202027,0.252916,0.212634,0.270197,0.249502,0.250488,0.180969,0.234296
1946,0.211598,0.225515,0.203756,0.202027,0.252916,0.212634,0.270197,0.249502,0.251163,0.180969,0.234296
1947,0.211598,0.225515,0.203756,0.202027,0.252916,0.212634,0.270197,0.249502,0.249938,0.180969,0.234296
1948,0.211598,0.225515,0.203756,0.202027,0.252916,0.212634,0.273114,0.249502,0.249938,0.180969,0.234296
1949,0.211598,0.225515,0.203756,0.202027,0.252916,0.212634,0.27025,0.249502,0.249938,0.180969,0.234296
1950,0.211598,0.225515,0.203756,0.202027,0.252916,0.211198,0.27025,0.249502,0.249938,0.180969,0.234296
1951,0.21025,0.225515,0.203756,0.202027,0.252916,0.211198,0.27025,0.249502,0.249938,0.180969,0.234296
1952,0.21025,0.224204,0.203756,0.202027,0.252916,0.211198,0.27025,0.249502,0.249938,0.180969,0.234296
1953,0.21025,0.224204,0.203756,0.203116,0.252916,0.211198,0.27025,0.249502,0.249938,0.180969,0.234296
1954,0.21025,0.224204,0.203756,0.206429,0.252916,0.211198,0.27025,0.249502,0.249938,0.180969,0.234296
1955,0.21025,0.224204,0.203756,0.205053,0.252916,0.211198,0.27025,0.249502,0.249938,0.180969,0.234296
1956,0.21025,0.224204,0.203756,0.20753,0.252916,0.211198,0.27025,0.249502,0.249938,0.180969,0.234296
1957,0.21025,0.224204,0.203756,0.207497,0.252916,0.211198,0.27025,0.249502,0.249938,0.180969,0.234296
1958,0.21025,0.224204,0.203756,0.206633,0.252916,0.211198,0.27025,0.249502,0.249938,0.180969,0.234296
1959,0.21025,0.224204,0.203756,0.206633,0.252916,0.211198,0.27025,0.249502,0.249938,0.180969,0.234476
1960,0.21025,0.224204,0.203756,0.206633,0.252916,0.211198,0.269877,0.249502,0.249938,0.180969,0.234476
1961,0.21025,0.224204,0.203756,0.206633,0.252916,0.211198,0.269877,0.249502,0.249938,0.186446,0.234476
1962,0.21025,0.224204,0.203756,0.206633,0.252916,0.211198,0.269877,0.249502,0.249938,0.189485,0.234476
1963,0.21025,0.224204,0.203756,0.206633,0.252916,0.211198,0.269877,0.249502,0.249938,0.188465,0.234476
1964,0.21025,0.224204,0.203756,0.206633,0.252916,0.211198,0.269877,0.249502,0.249938,0.186871,0.234476
1965,0.21025,0.224204,0.203756,0.206633,0.252916,0.211198,0.269877,0.249502,0.249938,0.187605,0.234476
1966,0.21025,0.224204,0.203756,0.206633,0.252916,0.211198,0.269877,0.249502,0.249938,0.194207,0.234476
1967,0.21025,0.224204,0.203756,0.206633,0.252916,0.211198,0.269877,0.249502,0.249938,0.193691,0.234476
1968,0.21025,0.224204,0.203756,0.206633,0.252916,0.211198,0.269877,0.249502,0.249938,0.196704,0.234476
1969,0.21025,0.224204,0.203756,0.206633,0.252916,0.211198,0.269877,0.249502,0.249938,0.197001,0.234476
1970,0.21025,0.224204,0.203756,0.206633,0.252916,0.211198,0.269877,0.249502,0.249938,0.196036,0.234476
1971,0.21025,0.224204,0.203756,0.206633,0.252916,0.211198,0.269877,0.249502,0.249938,0.195423,0.234476
1972,0.21025,0.224204,0.203756,0.206633,0.252916,0.211198,0.269877,0.249502,0.249938,0.198934,0.234476
1973,0.21025,0.224204,0.203756,0.206633,0.252916,0.211198,0.269877,0.249502,0.249938,0.202561,0.234476
1974,0.21025,0.224204,0.203756,0.206633,0.252916,0.211198,0.269877,0.249502,0.249938,0.209769,0.234476
1975,0.21025,0.224204,0.203756,0.206633,0.252916,0.211198,0.269877,0.249502,0.249938,0.208258,0.234476
1976,0.21025,0.224204,0.203756,0.206633,0.252916,0.211198,0.269877,0.249502,0.249938,0.209781,0.234476
1977,0.21025,0.224204,0.203756,0.206633,0.252916,0.211198,0.269877,0.249502,0.249938,0.212635,0.234476
1978,0.21025,0.224204,0.203756,0.206633,0.252916,0.211198,0.269877,0.249502,0.249938,0.213795,0.234476
1979,0.21025,0.224204,0.203756,0.206633,0.252916,0.211198,0.269877,0.249502,0.249938,0.211808,0.234476
1980,0.21025,0.224204,0.203756,0.206633,0.252916,0.211198,0.269877,0.249502,0.249938,0.212588,0.234476
1981,0.21025,0.224204,0.203756,0.206633,0.252916,0.211198,0.269877,0.249502,0.249938,0.21118,0.234476
1982,0.21025,0.224204,0.203756,0.206633,0.252916,0.211198,0.269877,0.249502,0.249938,0.215285,0.234476
1983,0.21025,0.224204,0.203756,0.206633,0.252916,0.211198,0.269877,0.249502,0.249938,0.217876,0.234476
1984,0.21025,0.224204,0.203756,0.206633,0.252916,0.211198,0.269877,0.249502,0.249938,0.216226,0.234476
1985,0.21025,0.224204,0.203756,0.206633,0.252916,0.211198,0.269877,0.249502,0.249938,0.215857,0.234476
1986,0.21025,0.224204,0.203756,0.206633,0.252916,0.211198,0.269877,0.249502,0.249938,0.214585,0.234476
1987,0.21025,0.224204,0.203756,0.206633,0.252916,0.211198,0.269877,0.249502,0.249938,0.214425,0.234476
1988,0.21025,0.224204,0.203756,0.206633,0.252916,0.211198,0.269877,0.249502,0.249938,0.213355,0.234476
1989,0.21025,0.224204,0.203756,0.206633,0.252916,0.211198,0.269877,0.249502,0.249938,0.21907,0.234476
1990,0.21025,0.224204,0.203756,0.206633,0.252916,0.211198,0.269877,0.249502,0.249938,0.219895,0.234476
1991,0.21025,0.224204,0.203756,0.206633,0.252916,0.211198,0.269877,0.249502,0.249938,0.218529,0.234476
1992,0.21025,0.224204,0.203756,0.206633,0.252916,0.211198,0.269877,0.249502,0.249938,0.217482,0.234476
1993,0.21025,0.224204,0.203756,0.206633,0.252916,0.211198,0.269877,0.249502,0.249938,0.220521,0.234476
1994,0.21025,0.224204,0.203756,0.206633,0.252916,0.211198,0.269877,0.249502,0.249938,0.220362,0.234476
1995,0.21025,0.224204,0.203756,0.206633,0.252916,0.211198,0.269877,0.249502,0.249938,0.21937,0.234476
1996,0.21025,0.224204,0.203756,0.206633,0.252916,0.211198,0.269877,0.249502,0.249938,0.220048,0.234476
1997,0.21025,0.224204,0.203756,0.206633,0.252916,0.211198,0.269877,0.249502,0.249938,0.220048,0.233202
1998,0.21025,0.224204,0.203756,0.206633,0.252916,0.211198,0.269877,0.249502,0.249938,0.217804,0.233202
1999,0.21025,0.224204,0.203756,0.206633,0.251676,0.211198,0.269877,0.249502,0.249938,0.217804,0.233202
2000,0.21025,0.224204,0.203756,0.206633,0.251676,0.211198,0.269877,0.248789,0.249938,0.217804,0.233202
2001,0.21025,0.224204,0.203756,0.206633,0.251676,0.211198,0.269877,0.248789,0.249409,0.217804,0.233202
2002,0.21025,0.224204,0.202407,0.206633,0.251676,0.211198,0.269877,0.248789,0.249409,0.217804,0.233202
2003,0.21025,0.224204,0.202407,0.206633,0.251676,0.211198,0.268798,0.248789,0.249409,0.217804,0.233202
2004,0.21025,0.224204,0.202407,0.205378,0.251676,0.211198,0.268798,0.248789,0.249409,0.217804,0.233202
2005,0.21025,0.225623,0.202407,0.205378,0.251676,0.211198,0.268798,0.248789,0.249409,0.217804,0.233202
2006,0.21025,0.229617,0.202407,0.205378,0.251676,0.211198,0.268798,0.248789,0.249409,0.217804,0.233202
2007,0.21025,0.228543,0.202407,0.205378,0.251676,0.211198,0.268798,0.248789,0.249409,0.217804,0.233202
2008,0.21025,0.227998,0.202407,0.205378,0.251676,0.211198,0.268798,0.248789,0.249409,0.217804,0.233202
2009,0.21025,0.229843,0.202407,0.205378,0.251676,0.211198,0.268798,0.248789,0.249409,0.217804,0.233202
2010,0.21025,0.228699,0.202407,0.205378,0.251676,0.211198,0.268798,0.248789,0.249409,0.217804,0.233202
2011,0.209597,0.228699,0.202407,0.205378,0.251676,0.211198,0.268798,0.248789,0.249409,0.217804,0.233202
2012,0.209597,0.228699,0.202407,0.205378,0.251676,0.214383,0.268798,0.248789,0.249409,0.217804,0.233202
2013,0.209597,0.228699,0.202407,0.205378,0.251676,0.213581,0.268798,0.248789,0.249409,0.217804,0.233202
2014,0.209597,0.228699,0.202407,0.205378,0.251676,0.212196,0.268798,0.248789,0.249409,0.217804,0.233202
2015,0.209597,0.228699,0.202407,0.205378,0.251676,0.212196,0.268798,0.247701,0.249409,0.217804,0.233202
2016,0.209597,0.228699,0.202407,0.205378,0.251676,0.212196,0.268798,0.247701,0.248306,0.217804,0.233202
2017,0.209597,0.227689,0.202407,0.205378,0.251676,0.212196,0.268798,0.247701,0.248306,0.217804,0.233202
2018,0.209597,0.227689,0.202407,0.205378,0.250483,0.212196,0.268798,0.247701,0.248306,0.217804,0.233202
2019,0.209597,0.227689,0.202407,0.205378,0.250483,0.212196,0.268798,0.247701,0.248306,0.217804,0.232814
2020,0.209597,0.227689,0.202407,0.205378,0.250483,0.212196,0.269731,0.247701,0.248306,0.217804,0.232814
2021,0.209597,0.227689,0.202407,0.205378,0.250483,0.212196,0.268677,0.247701,0.248306,0.217804,0.232814
2022,0.205765,0.227689,0.202407,0.205378,0.250483,0.212196,0.268677,0.247701,0.248306,0.217804,0.232814
2023,0.205765,0.227689,0.198888,0.205378,0.250483,0.212196,0.268677,0.247701,0.248306,0.217804,0.232814
2024,0.205765,0.227689,0.198888,0.207828,0.250483,0.212196,0.268677,0.247701,0.248306,0.217804,0.232814
2025,0.205765,0.227689,0.198888,0.207791,0.250483,0.212196,0.268677,0.247701,0.248306,0.217804,0.232814
2026,0.205765,0.227689,0.198888,0.208012,0.250483,0.212196,0.268677,0.247701,0.248306,0.217804,0.232814
2027,0.205765,0.227689,0.198888,0.208012,0.250483,0.212196,0.268677,0.247701,0.248306,0.216454,0.232814
2028,0.205765,0.227689,0.198888,0.208012,0.250483,0.214662,0.268677,0.247701,0.248306,0.216454,0.232814
2029,0.205765,0.227689,0.198888,0.208012,0.250483,0.218493,0.268677,0.247701,0.248306,0.216454,0.232814
2030,0.205765,0.227689,0.198888,0.208012,0.250483,0.220885,0.268677,0.247701,0.248306,0.216454,0.232814
2031,0.205765,0.227689,0.198888,0.208012,0.250483,0.226935,0.268677,0.247701,0.248306,0.216454,0.232814
2032,0.205765,0.227689,0.198888,0.208012,0.250483,0.228771,0.268677,0.247701,0.248306,0.216454,0.232814
2033,0.205765,0.227689,0.198888,0.208012,0.250483,0.231422,0.268677,0.247701,0.248306,0.216454,0.232814
2034,0.205765,0.227689,0.198888,0.208012,0.250483,0.230079,0.268677,0.247701,0.248306,0.216454,0.232814
2035,0.205765,0.227689,0.198888,0.208012,0.250483,0.229578,0.268677,0.247701,0.248306,0.216454,0.232814
2036,0.205765,0.227689,0.198888,0.208012,0.250483,0.230694,0.268677,0.247701,0.248306,0.216454,0.232814
2037,0.205765,0.227689,0.198888,0.208012,0.250483,0.232275,0.268677,0.247701,0.248306,0.216454,0.232814
2038,0.205765,0.227689,0.198888,0.208012,0.250483,0.231459,0.268677,0.247701,0.248306,0.216454,0.232814
2039,0.205765,0.227689,0.198888,0.208012,0.250483,0.230121,0.268677,0.247701,0.248306,0.216454,0.232814
2040,0.205765,0.227689,0.198888,0.208012,0.250483,0.233008,0.268677,0.247701,0.248306,0.216454,0.232814
2041,0.205765,0.227689,0.198888,0.208012,0.250483,0.229334,0.268677,0.247701,0.248306,0.216454,0.232814
2042,0.205765,0.227689,0.198888,0.208012,0.250483,0.229011,0.268677,0.247701,0.248306,0.216454,0.232814
2043,0.205765,0.227689,0.198888,0.208012,0.250483,0.229187,0.268677,0.247701,0.248306,0.216454,0.232814
2044,0.205765,0.227689,0.198888,0.208012,0.250483,0.22918,0.268677,0.247701,0.248306,0.216454,0.232814
2045,0.205765,0.227689,0.198888,0.208012,0.250483,0.227767,0.268677,0.247701,0.248306,0.216454,0.232814
2046,0.205765,0.227689,0.198888,0.208012,0.250483,0.227767,0.268677,0.247701,0.248306,0.216454,0.231676
2047,0.205765,0.227689,0.198888,0.208012,0.250483,0.227767,0.268677,0.247366,0.248306,0.216454,0.231676
2048,0.205765,0.227689,0.198888,0.208012,0.250483,0.227767,0.268677,0.247366,0.246455,0.216454,0.231676
2049,0.205765,0.227689,0.198888,0.208012,0.250483,0.227767,0.267397,0.247366,0.246455,0.216454,0.231676
2050,0.205765,0.227689,0.198888,0.207732,0.250483,0.227767,0.267397,0.247366,0.246455,0.216454,0.231676
2051,0.205765,0.227689,0.198888,0.207732,0.250483,0.226826,0.267397,0.247366,0.246455,0.216454,0.231676
2052,0.205765,0.226536,0.198888,0.207732,0.250483,0.226826,0.267397,0.247366,0.246455,0.216454,0.231676
2053,0.205765,0.226536,0.198888,0.207732,0.248197,0.226826,0.267397,0.247366,0.246455,0.216454,0.231676
2054,0.205765,0.226536,0.198888,0.207732,0.248197,0.226826,0.267397,0.24617,0.246455,0.216454,0.231676
2055,0.205765,0.226536,0.198888,0.205113,0.248197,0.226826,0.267397,0.24617,0.246455,0.216454,0.231676
2056,0.205765,0.226536,0.198888,0.205113,0.248197,0.226826,0.267397,0.24617,0.246455,0.216454,0.231017
2057,0.205765,0.226536,0.198888,0.205113,0.248197,0.226826,0.266977,0.24617,0.246455,0.216454,0.231017
2058,0.205765,0.226536,0.198888,0.205113,0.248197,0.225623,0.266977,0.24617,0.246455,0.216454,0.231017
2059,0.205765,0.226536,0.198888,0.205113,0.248197,0.225623,0.266977,0.24617,0.246455,0.215256,0.231017
2060,0.205765,0.224816,0.198888,0.205113,0.248197,0.225623,0.266977,0.24617,0.246455,0.215256,0.231017
2061,0.205765,0.224816,0.198888,0.205113,0.248197,0.225623,0.266977,0.24617,0.245276,0.215256,0.231017
2062,0.205765,0.224816,0.198888,0.205113,0.248197,0.225623,0.270941,0.24617,0.245276,0.215256,0.231017
2063,0.205765,0.224816,0.198888,0.205113,0.248197,0.225623,0.269662,0.24617,0.245276,0.215256,0.231017
2064,0.205765,0.224816,0.198888,0.205113,0.248197,0.225623,0.269213,0.24617,0.245276,0.215256,0.231017
2065,0.205765,0.224816,0.198888,0.205113,0.248197,0.225623,0.269498,0.24617,0.245276,0.215256,0.231017
2066,0.205765,0.224816,0.198888,0.205113,0.248197,0.225623,0.269515,0.24617,0.245276,0.215256,0.231017
2067,0.205765,0.224816,0.198888,0.205113,0.248197,0.225623,0.26681,0.24617,0.245276,0.215256,0.231017
2068,0.205765,0.224816,0.198888,0.205113,0.248197,0.225623,0.26681,0.248014,0.245276,0.215256,0.231017
2069,0.205765,0.224816,0.198888,0.205113,0.248197,0.225623,0.26681,0.246833,0.245276,0.215256,0.231017
2070,0.205765,0.224816,0.198888,0.205113,0.248197,0.225623,0.26681,0.246833,0.245276,0.215256,0.229997
2071,0.205765,0.224816,0.198888,0.205113,0.250433,0.225623,0.26681,0.246833,0.245276,0.215256,0.229997
2072,0.205765,0.224816,0.198888,0.205113,0.248091,0.225623,0.26681,0.246833,0.245276,0.215256,0.229997
2073,0.205765,0.224816,0.198888,0.205113,0.248091,0.225623,0.26681,0.246189,0.245276,0.215256,0.229997
2074,0.205765,0.224816,0.198888,0.205113,0.248091,0.224732,0.26681,0.246189,0.245276,0.215256,0.229997
2075,0.205765,0.224816,0.198888,0.205113,0.248091,0.224732,0.26681,0.246189,0.245276,0.214746,0.229997
2076,0.205765,0.224816,0.203639,0.205113,0.248091,0.224732,0.26681,0.246189,0.245276,0.214746,0.229997
2077,0.205765,0.224816,0.202483,0.205113,0.248091,0.224732,0.26681,0.246189,0.245276,0.214746,0.229997
2078,0.205765,0.224816,0.205706,0.205113,0.248091,0.224732,0.26681,0.246189,0.245276,0.214746,0.229997
2079,0.205765,0.224816,0.204795,0.205113,0.248091,0.224732,0.26681,0.246189,0.245276,0.214746,0.229997
2080,0.205765,0.224816,0.20349,0.205113,0.248091,0.224732,0.26681,0.246189,0.245276,0.214746,0.229997
2081,0.204491,0.224816,0.20349,0.205113,0.248091,0.224732,0.26681,0.246189,0.245276,0.214746,0.229997
2082,0.204491,0.224816,0.20349,0.205113,0.248091,0.224732,0.26681,0.246189,0.244108,0.214746,0.229997
2083,0.204491,0.224816,0.20878,0.205113,0.248091,0.224732,0.26681,0.246189,0.244108,0.214746,0.229997
2084,0.204491,0.224816,0.207467,0.205113,0.248091,0.224732,0.26681,0.246189,0.244108,0.214746,0.229997
2085,0.204491,0.224816,0.20508,0.205113,0.248091,0.224732,0.26681,0.246189,0.244108,0.214746,0.229997
2086,0.204491,0.224245,0.20508,0.205113,0.248091,0.224732,0.26681,0.246189,0.244108,0.214746,0.229997
2087,0.204491,0.224245,0.20508,0.205113,0.247493,0.224732,0.26681,0.246189,0.244108,0.214746,0.229997
2088,0.204491,0.224245,0.20508,0.205113,0.247493,0.224732,0.26681,0.246222,0.244108,0.214746,0.229997
2089,0.204491,0.224245,0.20508,0.204581,0.247493,0.224732,0.26681,0.246222,0.244108,0.214746,0.229997
2090,0.204491,0.224245,0.20508,0.204581,0.247493,0.224732,0.26681,0.246222,0.244108,0.214746,0.229503
2091,0.204491,0.224245,0.20508,0.204581,0.247493,0.224732,0.26681,0.246584,0.244108,0.214746,0.229503
2092,0.204491,0.224245,0.20508,0.204581,0.247493,0.224732,0.26681,0.246584,0.244108,0.21349,0.229503
2093,0.204491,0.224245,0.20508,0.204581,0.247493,0.223504,0.26681,0.246584,0.244108,0.21349,0.229503
2094,0.204491,0.224245,0.20508,0.204581,0.247493,0.223504,0.26681,0.246065,0.244108,0.21349,0.229503
2095,0.204491,0.224245,0.202612,0.204581,0.247493,0.223504,0.26681,0.246065,0.244108,0.21349,0.229503
2096,0.204491,0.224245,0.202612,0.204581,0.246412,0.223504,0.26681,0.246065,0.244108,0.21349,0.229503
2097,0.204491,0.224245,0.202612,0.204581,0.246412,0.223504,0.264241,0.246065,0.244108,0.21349,0.229503
2098,0.204491,0.223014,0.202612,0.204581,0.246412,0.223504,0.264241,0.246065,0.244108,0.21349,0.229503
2099,0.204491,0.223014,0.202612,0.204581,0.246412,0.223504,0.264241,0.246065,0.24109,0.21349,0.229503
2100,0.204491,0.223014,0.202612,0.204581,0.246412,0.223504,0.264241,0.246065,0.24109,0.21349,0.230521
2101,0.204491,0.223014,0.202612,0.204581,0.246412,0.223504,0.264241,0.246065,0.24109,0.21349,0.229439
2102,0.204491,0.223014,0.202612,0.20022,0.246412,0.223504,0.264241,0.246065,0.24109,0.21349,0.229439
2103,0.203256,0.223014,0.202612,0.20022,0.246412,0.223504,0.264241,0.246065,0.24109,0.21349,0.229439
2104,0.203256,0.223014,0.202612,0.20022,0.246412,0.223504,0.264241,0.244193,0.24109,0.21349,0.229439
2105,0.203256,0.223014,0.202612,0.20022,0.246412,0.221645,0.264241,0.244193,0.24109,0.21349,0.229439
2106,0.203256,0.223014,0.202612,0.20022,0.246412,0.221645,0.264241,0.244193,0.24109,0.212695,0.229439
2107,0.203256,0.223014,0.202612,0.20022,0.245277,0.221645,0.264241,0.244193,0.24109,0.212695,0.229439
2108,0.203256,0.223014,0.202612,0.20022,0.245277,0.221645,0.264241,0.244193,0.24109,0.212695,0.236152
2109,0.203256,0.223014,0.202612,0.20022,0.245277,0.221645,0.264241,0.244193,0.24109,0.212695,0.235737
2110,0.203256,0.223014,0.202612,0.20022,0.245277,0.221645,0.264241,0.244193,0.24109,0.212695,0.23443
2111,0.203256,0.223014,0.202612,0.20022,0.245277,0.221645,0.264241,0.244193,0.24109,0.212695,0.23437
2112,0.203256,0.223014,0.202612,0.20022,0.245277,0.221645,0.264241,0.244193,0.24109,0.212695,0.233151
2113,0.203256,0.223014,0.202612,0.20022,0.245277,0.221645,0.264241,0.244193,0.24109,0.212695,0.231967
2114,0.203256,0.222519,0.202612,0.20022,0.245277,0.221645,0.264241,0.244193,0.24109,0.212695,0.231967
2115,0.202002,0.222519,0.202612,0.20022,0.245277,0.221645,0.264241,0.244193,0.24109,0.212695,0.231967
2116,0.202002,0.222519,0.202612,0.20022,0.245277,0.221645,0.265382,0.244193,0.24109,0.212695,0.231967
2117,0.202002,0.222519,0.202612,0.20022,0.245277,0.221645,0.264333,0.244193,0.24109,0.212695,0.231967
2118,0.202002,0.222519,0.202612,0.20022,0.245277,0.221645,0.264333,0.244193,0.24109,0.213681,0.231967
2119,0.202002,0.222519,0.202612,0.20022,0.245277,0.221645,0.264333,0.244193,0.24109,0.210659,0.231967
2120,0.202002,0.222519,0.202612,0.20022,0.245277,0.221645,0.264333,0.242765,0.24109,0.210659,0.231967
2121,0.202002,0.222519,0.199708,0.20022,0.245277,0.221645,0.264333,0.242765,0.24109,0.210659,0.231967
2122,0.202002,0.224261,0.199708,0.20022,0.245277,0.221645,0.264333,0.242765,0.24109,0.210659,0.231967
2123,0.202002,0.230724,0.199708,0.20022,0.245277,0.221645,0.264333,0.242765,0.24109,0.210659,0.231967
2124,0.202002,0.229529,0.199708,0.20022,0.245277,0.221645,0.264333,0.242765,0.24109,0.210659,0.231967
2125,0.202002,0.227244,0.199708,0.20022,0.245277,0.221645,0.264333,0.242765,0.24109,0.210659,0.231967
2126,0.202002,0.226568,0.199708,0.20022,0.245277,0.221645,0.264333,0.242765,0.24109,0.210659,0.231967
2127,0.202002,0.225378,0.199708,0.20022,0.245277,0.221645,0.264333,0.242765,0.24109,0.210659,0.231967
2128,0.202002,0.225378,0.199708,0.20022,0.247129,0.221645,0.264333,0.242765,0.24109,0.210659,0.231967
2129,0.202002,0.225378,0.199708,0.20022,0.246001,0.221645,0.264333,0.242765,0.24109,0.210659,0.231967
2130,0.202002,0.225378,0.199708,0.20022,0.246001,0.221645,0.264333,0.242765,0.24109,0.210659,0.234072
2131,0.202002,0.225378,0.199708,0.20022,0.246001,0.221645,0.264333,0.242765,0.24109,0.210659,0.232896
2132,0.202002,0.225378,0.199708,0.20022,0.246001,0.221645,0.264333,0.242765,0.243835,0.210659,0.232896
2133,0.202002,0.225378,0.199708,0.20022,0.246001,0.221645,0.264333,0.242765,0.242976,0.210659,0.232896
2134,0.202002,0.225378,0.199708,0.20022,0.246001,0.221645,0.264333,0.242765,0.241544,0.210659,0.232896
2135,0.202002,0.225378,0.199708,0.20022,0.242855,0.221645,0.264333,0.242765,0.241544,0.210659,0.232896
2136,0.202002,0.225378,0.199708,0.20022,0.242855,0.221645,0.26867,0.242765,0.241544,0.210659,0.232896
2137,0.202002,0.225378,0.199708,0.20022,0.242855,0.221645,0.268558,0.242765,0.241544,0.210659,0.232896
2138,0.202002,0.225378,0.199708,0.20022,0.242855,0.221645,0.268016,0.242765,0.241544,0.210659,0.232896
2139,0.202002,0.225378,0.199708,0.20022,0.242855,0.221645,0.267046,0.242765,0.241544,0.210659,0.232896
2140,0.202002,0.225378,0.199708,0.20022,0.242855,0.221645,0.2668,0.242765,0.241544,0.210659,0.232896
2141,0.202002,0.225378,0.199708,0.20022,0.242855,0.221645,0.265641,0.242765,0.241544,0.210659,0.232896
2142,0.202002,0.225378,0.199708,0.20022,0.242855,0.221645,0.265641,0.242765,0.241544,0.210659,0.231731
2143,0.202002,0.225378,0.199708,0.20022,0.242855,0.219466,0.265641,0.242765,0.241544,0.210659,0.231731
2144,0.200762,0.225378,0.199708,0.20022,0.242855,0.219466,0.265641,0.242765,0.241544,0.210659,0.231731
2145,0.200762,0.224812,0.199708,0.20022,0.242855,0.219466,0.265641,0.242765,0.241544,0.210659,0.231731
2146,0.200762,0.224812,0.199708,0.20022,0.242855,0.219466,0.265641,0.242765,0.244694,0.210659,0.231731
2147,0.200762,0.224812,0.199708,0.20022,0.242855,0.219466,0.265641,0.242765,0.243806,0.210659,0.231731
2148,0.200762,0.224812,0.199708,0.20022,0.242855,0.219466,0.265641,0.242765,0.243558,0.210659,0.231731
2149,0.200762,0.224812,0.199708,0.20022,0.242855,0.219466,0.265641,0.242765,0.242506,0.210659,0.231731
2150,0.200762,0.224812,0.199708,0.20022,0.242855,0.219466,0.265641,0.24177,0.242506,0.210659,0.231731
2151,0.200762,0.224812,0.199708,0.20022,0.242855,0.219466,0.264905,0.24177,0.242506,0.210659,0.231731
2152,0.200762,0.224812,0.199708,0.200476,0.242855,0.219466,0.264905,0.24177,0.242506,0.210659,0.231731
2153,0.200762,0.224812,0.199708,0.200476,0.242855,0.219466,0.264905,0.24177,0.242506,0.210659,0.230578
2154,0.200762,0.223641,0.199708,0.200476,0.242855,0.219466,0.264905,0.24177,0.242506,0.210659,0.230578
2155,0.200762,0.223641,0.199708,0.199766,0.242855,0.219466,0.264905,0.24177,0.242506,0.210659,0.230578
2156,0.200762,0.223641,0.199708,0.199766,0.242855,0.219466,0.26389,0.24177,0.242506,0.210659,0.230578
2157,0.200762,0.223641,0.199708,0.199766,0.242855,0.219466,0.26389,0.24177,0.241398,0.210659,0.230578
2158,0.200762,0.223641,0.199708,0.199766,0.242855,0.219466,0.26389,0.240661,0.241398,0.210659,0.230578
2159,0.200762,0.223641,0.199708,0.199766,0.242855,0.219466,0.26389,0.240661,0.241398,0.209055,0.230578
2160,0.201429,0.223641,0.199708,0.199766,0.242855,0.219466,0.26389,0.240661,0.241398,0.209055,0.230578
2161,0.201429,0.223641,0.198468,0.199766,0.242855,0.219466,0.26389,0.240661,0.241398,0.209055,0.230578
2162,0.201429,0.223641,0.198468,0.199766,0.242855,0.219701,0.26389,0.240661,0.241398,0.209055,0.230578
2163,0.200208,0.223641,0.198468,0.199766,0.242855,0.219701,0.26389,0.240661,0.241398,0.209055,0.230578
2164,0.200208,0.223641,0.198468,0.199766,0.243932,0.219701,0.26389,0.240661,0.241398,0.209055,0.230578
2165,0.200208,0.223641,0.198468,0.199766,0.244616,0.219701,0.26389,0.240661,0.241398,0.209055,0.230578
2166,0.200208,0.223641,0.198468,0.199766,0.24352,0.219701,0.26389,0.240661,0.241398,0.209055,0.230578
2167,0.200208,0.223641,0.198468,0.199766,0.24352,0.219401,0.26389,0.240661,0.241398,0.209055,0.230578
2168,0.200208,0.223641,0.198468,0.199766,0.24352,0.219401,0.26389,0.240661,0.241398,0.209055,0.229182
2169,0.200208,0.223641,0.198468,0.1982,0.24352,0.219401,0.26389,0.240661,0.241398,0.209055,0.229182
2170,0.200208,0.225284,0.198468,0.1982,0.24352,0.219401,0.26389,0.240661,0.241398,0.209055,0.229182
2171,0.200208,0.224122,0.198468,0.1982,0.24352,0.219401,0.26389,0.240661,0.241398,0.209055,0.229182
2172,0.200208,0.224122,0.198468,0.1982,0.24352,0.219401,0.262736,0.240661,0.241398,0.209055,0.229182
2173,0.200208,0.224122,0.198468,0.1982,0.24352,0.219401,0.262736,0.240661,0.242163,0.209055,0.229182
2174,0.200208,0.224122,0.198468,0.1982,0.24352,0.219401,0.262736,0.240661,0.241332,0.209055,0.229182
2175,0.200208,0.224122,0.198468,0.1982,0.24352,0.219401,0.262736,0.238804,0.241332,0.209055,0.229182
2176,0.200208,0.224122,0.198468,0.1982,0.24352,0.224666,0.262736,0.238804,0.241332,0.209055,0.229182
2177,0.200208,0.224122,0.198468,0.1982,0.24352,0.222045,0.262736,0.238804,0.241332,0.209055,0.229182
2178,0.200208,0.224122,0.198468,0.1982,0.24352,0.225359,0.262736,0.238804,0.241332,0.209055,0.229182
2179,0.200208,0.224122,0.198468,0.1982,0.24352,0.224449,0.262736,0.238804,0.241332,0.209055,0.229182
2180,0.200208,0.224122,0.198468,0.1982,0.24352,0.22328,0.262736,0.238804,0.241332,0.209055,0.229182
2181,0.200208,0.224122,0.198468,0.1982,0.24352,0.224954,0.262736,0.238804,0.241332,0.209055,0.229182
2182,0.200208,0.224122,0.198468,0.1982,0.24352,0.224575,0.262736,0.238804,0.241332,0.209055,0.229182
2183,0.200208,0.224122,0.198468,0.1982,0.242432,0.224575,0.262736,0.238804,0.241332,0.209055,0.229182
2184,0.200208,0.224122,0.198468,0.1982,0.242432,0.225352,0.262736,0.238804,0.241332,0.209055,0.229182
2185,0.200208,0.224122,0.198468,0.1982,0.242432,0.224553,0.262736,0.238804,0.241332,0.209055,0.229182
2186,0.200208,0.225318,0.198468,0.1982,0.242432,0.224553,0.262736,0.238804,0.241332,0.209055,0.229182
2187,0.200208,0.225332,0.198468,0.1982,0.242432,0.224553,0.262736,0.238804,0.241332,0.209055,0.229182
2188,0.200208,0.225332,0.197258,0.1982,0.242432,0.224553,0.262736,0.238804,0.241332,0.209055,0.229182
2189,0.199002,0.225332,0.197258,0.1982,0.242432,0.224553,0.262736,0.238804,0.241332,0.209055,0.229182
2190,0.199002,0.225332,0.197258,0.1982,0.242432,0.224553,0.262736,0.238804,0.241332,0.208187,0.229182
2191,0.199002,0.228685,0.197258,0.1982,0.242432,0.224553,0.262736,0.238804,0.241332,0.208187,0.229182
2192,0.199002,0.228679,0.197258,0.1982,0.242432,0.224553,0.262736,0.238804,0.241332,0.208187,0.229182
2193,0.199002,0.227554,0.197258,0.1982,0.242432,0.224553,0.262736,0.238804,0.241332,0.208187,0.229182
2194,0.199002,0.227739,0.197258,0.1982,0.242432,0.224553,0.262736,0.238804,0.241332,0.208187,0.229182
2195,0.199002,0.227739,0.197258,0.1982,0.242432,0.224553,0.262736,0.238804,0.241893,0.208187,0.229182
2196,0.199002,0.227739,0.197258,0.1982,0.242432,0.224553,0.262736,0.238804,0.241893,0.208187,0.227529
2197,0.199002,0.227739,0.197258,0.1982,0.242432,0.224553,0.262736,0.238804,0.244297,0.208187,0.227529
2198,0.199002,0.227739,0.197258,0.1982,0.242432,0.224553,0.262736,0.238804,0.245803,0.208187,0.227529
2199,0.199002,0.227739,0.197258,0.1982,0.242432,0.224553,0.262736,0.238804,0.24471,0.208187,0.227529
2200,0.199002,0.227739,0.197258,0.1982,0.242432,0.224553,0.262736,0.238804,0.243803,0.208187,0.227529
2201,0.199002,0.226606,0.197258,0.1982,0.242432,0.224553,0.262736,0.238804,0.243803,0.208187,0.227529
2202,0.199002,0.226606,0.197258,0.1982,0.242432,0.224553,0.261737,0.238804,0.243803,0.208187,0.227529
2203,0.199002,0.226606,0.197258,0.1982,0.242432,0.222818,0.261737,0.238804,0.243803,0.208187,0.227529
2204,0.199002,0.226606,0.197258,0.1982,0.242432,0.222818,0.261737,0.238804,0.244186,0.208187,0.227529
2205,0.199002,0.226606,0.197258,0.1982,0.242432,0.222818,0.261737,0.238804,0.244376,0.208187,0.227529
2206,0.199002,0.226606,0.197258,0.1982,0.242334,0.222818,0.261737,0.238804,0.244376,0.208187,0.227529
2207,0.199002,0.226606,0.197258,0.196995,0.242334,0.222818,0.261737,0.238804,0.244376,0.208187,0.227529
2208,0.199002,0.226606,0.197258,0.196995,0.242334,0.222818,0.261737,0.238804,0.244048,0.208187,0.227529
2209,0.199002,0.226606,0.197258,0.196995,0.242334,0.222818,0.261737,0.238804,0.244048,0.207282,0.227529
2210,0.199002,0.226606,0.197258,0.196995,0.242334,0.222818,0.261737,0.237718,0.244048,0.207282,0.227529
2211,0.199002,0.226606,0.197258,0.196995,0.241262,0.222818,0.261737,0.237718,0.244048,0.207282,0.227529
2212,0.199002,0.226606,0.197258,0.196995,0.241262,0.222818,0.260746,0.237718,0.244048,0.207282,0.227529
2213,0.199002,0.226606,0.19647,0.196995,0.241262,0.222818,0.260746,0.237718,0.244048,0.207282,0.227529
2214,0.202422,0.226606,0.19647,0.196995,0.241262,0.222818,0.260746,0.237718,0.244048,0.207282,0.227529
2215,0.201217,0.226606,0.19647,0.196995,0.241262,0.222818,0.260746,0.237718,0.244048,0.207282,0.227529
2216,0.200026,0.226606,0.19647,0.196995,0.241262,0.222818,0.260746,0.237718,0.244048,0.207282,0.227529
2217,0.200026,0.225432,0.19647,0.196995,0.241262,0.222818,0.260746,0.237718,0.244048,0.207282,0.227529
2218,0.200026,0.225432,0.19647,0.196995,0.241262,0.222818,0.260746,0.237718,0.243549,0.207282,0.227529
2219,0.200026,0.225432,0.19647,0.196995,0.241262,0.222818,0.260746,0.237718,0.243549,0.207282,0.227045
2220,0.200026,0.225432,0.19647,0.194435,0.241262,0.222818,0.260746,0.237718,0.243549,0.207282,0.227045
2221,0.200026,0.225432,0.19647,0.194435,0.241262,0.224809,0.260746,0.237718,0.243549,0.207282,0.227045
2222,0.200026,0.225432,0.19647,0.194435,0.241262,0.223909,0.260746,0.237718,0.243549,0.207282,0.227045
2223,0.200026,0.225432,0.19647,0.194435,0.241262,0.223909,0.260746,0.237718,0.242494,0.207282,0.227045
2224,0.200026,0.225432,0.19647,0.194435,0.240199,0.223909,0.260746,0.237718,0.242494,0.207282,0.227045
2225,0.200026,0.225432,0.19647,0.194435,0.240199,0.223909,0.260746,0.236952,0.242494,0.207282,0.227045
2226,0.200026,0.225432,0.19647,0.194435,0.240199,0.223909,0.260746,0.236952,0.242494,0.206117,0.227045
2227,0.200026,0.225432,0.19647,0.194435,0.240199,0.223909,0.262784,0.236952,0.242494,0.206117,0.227045
2228,0.200026,0.225432,0.19647,0.194435,0.240199,0.223909,0.264685,0.236952,0.242494,0.206117,0.227045
2229,0.200026,0.225432,0.19647,0.194435,0.240199,0.223909,0.263543,0.236952,0.242494,0.206117,0.227045
2230,0.200026,0.225432,0.19647,0.194435,0.240199,0.223909,0.264434,0.236952,0.242494,0.206117,0.227045
2231,0.200026,0.225432,0.19647,0.194435,0.240199,0.223909,0.266895,0.236952,0.242494,0.206117,0.227045
2232,0.200026,0.225432,0.19647,0.194435,0.240199,0.223909,0.266837,0.236952,0.242494,0.206117,0.227045
2233,0.200026,0.225432,0.19647,0.194435,0.240199,0.223909,0.266412,0.236952,0.242494,0.206117,0.227045
2234,0.200026,0.225432,0.19647,0.194435,0.240199,0.223909,0.26794,0.236952,0.242494,0.206117,0.227045
2235,0.200026,0.225432,0.19647,0.194435,0.240199,0.223909,0.267283,0.236952,0.242494,0.206117,0.227045
2236,0.200026,0.225432,0.19647,0.194435,0.240199,0.223909,0.267912,0.236952,0.242494,0.206117,0.227045
2237,0.200026,0.225432,0.19647,0.194435,0.240199,0.223909,0.269099,0.236952,0.242494,0.206117,0.227045
2238,0.200026,0.225432,0.19647,0.194435,0.240199,0.223909,0.269891,0.236952,0.242494,0.206117,0.227045
2239,0.200026,0.225432,0.19647,0.194435,0.240199,0.223909,0.272054,0.236952,0.242494,0.206117,0.227045
2240,0.200026,0.225432,0.19647,0.194435,0.240199,0.223909,0.273143,0.236952,0.242494,0.206117,0.227045
2241,0.200026,0.225432,0.19647,0.194435,0.240199,0.223909,0.272082,0.236952,0.242494,0.206117,0.227045
2242,0.200026,0.225432,0.19647,0.194435,0.240199,0.223909,0.271584,0.236952,0.242494,0.206117,0.227045
2243,0.200026,0.225432,0.19647,0.194435,0.240199,0.223909,0.271554,0.236952,0.242494,0.206117,0.227045
2244,0.200026,0.225432,0.19647,0.194435,0.240199,0.223909,0.271586,0.236952,0.242494,0.206117,0.227045
2245,0.200026,0.225432,0.19647,0.194435,0.240199,0.223909,0.270854,0.236952,0.242494,0.206117,0.227045
2246,0.200026,0.225432,0.19647,0.194435,0.240199,0.223909,0.270567,0.236952,0.242494,0.206117,0.227045
2247,0.200026,0.225432,0.19647,0.194435,0.240199,0.223909,0.269618,0.236952,0.242494,0.206117,0.227045
2248,0.200026,0.225432,0.19647,0.194435,0.240199,0.222879,0.269618,0.236952,0.242494,0.206117,0.227045
2249,0.200026,0.225432,0.19647,0.194435,0.240199,0.222879,0.26875,0.236952,0.242494,0.206117,0.227045
2250,0.200026,0.225432,0.195346,0.194435,0.240199,0.222879,0.26875,0.236952,0.242494,0.206117,0.227045
2251,0.202034,0.225432,0.195346,0.194435,0.240199,0.222879,0.26875,0.236952,0.242494,0.206117,0.227045
2252,0.204232,0.225432,0.195346,0.194435,0.240199,0.222879,0.26875,0.236952,0.242494,0.206117,0.227045
2253,0.204287,0.225432,0.195346,0.194435,0.240199,0.222879,0.26875,0.236952,0.242494,0.206117,0.227045
2254,0.204279,0.225432,0.195346,0.194435,0.240199,0.222879,0.26875,0.236952,0.242494,0.206117,0.227045
2255,0.20488,0.225432,0.195346,0.194435,0.240199,0.222879,0.26875,0.236952,0.242494,0.206117,0.227045
2256,0.20414,0.225432,0.195346,0.194435,0.240199,0.222879,0.26875,0.236952,0.242494,0.206117,0.227045
2257,0.20414,0.225432,0.195346,0.194435,0.240199,0.222879,0.26875,0.236952,0.242494,0.206117,0.225532
2258,0.20414,0.227164,0.195346,0.194435,0.240199,0.222879,0.26875,0.236952,0.242494,0.206117,0.225532
2259,0.20414,0.225728,0.195346,0.194435,0.240199,0.222879,0.26875,0.236952,0.242494,0.206117,0.225532
2260,0.20414,0.225728,0.195346,0.194435,0.240199,0.222879,0.26875,0.23623,0.242494,0.206117,0.225532
2261,0.203992,0.225728,0.195346,0.194435,0.240199,0.222879,0.26875,0.23623,0.242494,0.206117,0.225532
2262,0.203992,0.225728,0.195346,0.194435,0.240199,0.222879,0.269446,0.23623,0.242494,0.206117,0.225532
2263,0.203992,0.225728,0.195346,0.194435,0.240199,0.222879,0.268769,0.23623,0.242494,0.206117,0.225532
2264,0.203992,0.225728,0.195346,0.194435,0.240199,0.222879,0.268769,0.23623,0.241449,0.206117,0.225532
2265,0.203992,0.225728,0.195346,0.194435,0.239146,0.222879,0.268769,0.23623,0.241449,0.206117,0.225532
2266,0.203992,0.225773,0.195346,0.194435,0.239146,0.222879,0.268769,0.23623,0.241449,0.206117,0.225532
2267,0.203992,0.225773,0.195346,0.194435,0.239146,0.221803,0.268769,0.23623,0.241449,0.206117,0.225532
2268,0.203992,0.225773,0.195346,0.194435,0.239146,0.221803,0.268769,0.23623,0.241449,0.205417,0.225532
2269,0.203992,0.225773,0.194283,0.194435,0.239146,0.221803,0.268769,0.23623,0.241449,0.205417,0.225532
2270,0.203992,0.225773,0.194283,0.194435,0.239146,0.221803,0.268181,0.23623,0.241449,0.205417,0.225532
2271,0.203992,0.227257,0.194283,0.194435,0.239146,0.221803,0.268181,0.23623,0.241449,0.205417,0.225532
2272,0.203992,0.227355,0.194283,0.194435,0.239146,0.221803,0.268181,0.23623,0.241449,0.205417,0.225532
2273,0.203992,0.225088,0.194283,0.194435,0.239146,0.221803,0.268181,0.23623,0.241449,0.205417,0.225532
2274,0.200767,0.225088,0.194283,0.194435,0.239146,0.221803,0.268181,0.23623,0.241449,0.205417,0.225532
2275,0.200767,0.225088,0.194283,0.194435,0.239146,0.221803,0.268181,0.23623,0.241449,0.205417,0.224489
2276,0.200767,0.225088,0.194283,0.194435,0.239146,0.221803,0.268181,0.238068,0.241449,0.205417,0.224489
2277,0.200767,0.225088,0.194283,0.194435,0.239146,0.221803,0.268181,0.237447,0.241449,0.205417,0.224489
2278,0.200767,0.225088,0.194283,0.194435,0.239146,0.221803,0.268181,0.238635,0.241449,0.205417,0.224489
2279,0.200767,0.225088,0.194283,0.194435,0.239146,0.221803,0.268181,0.236656,0.241449,0.205417,0.224489
2280,0.200767,0.225088,0.194283,0.195894,0.239146,0.221803,0.268181,0.236656,0.241449,0.205417,0.224489
2281,0.200767,0.225088,0.194283,0.194775,0.239146,0.221803,0.268181,0.236656,0.241449,0.205417,0.224489
2282,0.200767,0.225088,0.194283,0.194775,0.239146,0.221803,0.268181,0.236656,0.237636,0.205417,0.224489
2283,0.200767,0.225088,0.194283,0.194775,0.239028,0.221803,0.268181,0.236656,0.237636,0.205417,0.224489
2284,0.200767,0.225088,0.194283,0.194775,0.239028,0.221803,0.267256,0.236656,0.237636,0.205417,0.224489
2285,0.200767,0.225088,0.194283,0.194775,0.239028,0.221803,0.267256,0.236656,0.237636,0.210403,0.224489
2286,0.200767,0.225088,0.194283,0.194775,0.239028,0.221803,0.267256,0.236656,0.237636,0.208338,0.224489
2287,0.200767,0.225088,0.194283,0.194775,0.239028,0.221803,0.267256,0.236656,0.237636,0.207193,0.224489
2288,0.200767,0.225088,0.194283,0.194775,0.239028,0.220705,0.267256,0.236656,0.237636,0.207193,0.224489
2289,0.200767,0.225088,0.194283,0.194775,0.238045,0.220705,0.267256,0.236656,0.237636,0.207193,0.224489
2290,0.200767,0.225088,0.194283,0.194775,0.238045,0.220705,0.267256,0.236656,0.237636,0.204475,0.224489
2291,0.200767,0.225088,0.193539,0.194775,0.238045,0.220705,0.267256,0.236656,0.237636,0.204475,0.224489
2292,0.200767,0.225088,0.193539,0.194775,0.238045,0.220705,0.267256,0.236656,0.237636,0.204475,0.223465
2293,0.200767,0.225088,0.193539,0.194775,0.238045,0.220705,0.267256,0.235787,0.237636,0.204475,0.223465
2294,0.200767,0.225088,0.193539,0.196063,0.238045,0.220705,0.267256,0.235787,0.237636,0.204475,0.223465
2295,0.200767,0.225088,0.193539,0.196448,0.238045,0.220705,0.267256,0.235787,0.237636,0.204475,0.223465
2296,0.200767,0.225088,0.193539,0.196448,0.238045,0.220705,0.270221,0.235787,0.237636,0.204475,0.223465
2297,0.200767,0.225088,0.193539,0.196448,0.238045,0.220705,0.269296,0.235787,0.237636,0.204475,0.223465
2298,0.200767,0.225088,0.193539,0.196448,0.238045,0.220705,0.269721,0.235787,0.237636,0.204475,0.223465
2299,0.200767,0.225088,0.193539,0.196448,0.238045,0.220705,0.269849,0.235787,0.237636,0.204475,0.223465
2300,0.200767,0.225088,0.193539,0.196448,0.238045,0.220705,0.269771,0.235787,0.237636,0.204475,0.223465
2301,0.200767,0.225088,0.193539,0.196448,0.238045,0.220705,0.268498,0.235787,0.237636,0.204475,0.223465
2302,0.200767,0.225088,0.193539,0.195272,0.238045,0.220705,0.268498,0.235787,0.237636,0.204475,0.223465
2303,0.200767,0.229298,0.193539,0.195272,0.238045,0.220705,0.268498,0.235787,0.237636,0.204475,0.223465
2304,0.200767,0.228206,0.193539,0.195272,0.238045,0.220705,0.268498,0.235787,0.237636,0.204475,0.223465
2305,0.200767,0.227795,0.193539,0.195272,0.238045,0.220705,0.268498,0.235787,0.237636,0.204475,0.223465
2306,0.200767,0.22672,0.193539,0.195272,0.238045,0.220705,0.268498,0.235787,0.237636,0.204475,0.223465
2307,0.200767,0.22672,0.193539,0.195272,0.238045,0.220212,0.268498,0.235787,0.237636,0.204475,0.223465
2308,0.200767,0.22672,0.193539,0.195272,0.237015,0.220212,0.268498,0.235787,0.237636,0.204475,0.223465
2309,0.200767,0.22672,0.193539,0.195272,0.237015,0.220212,0.268054,0.235787,0.237636,0.204475,0.223465
2310,0.200767,0.22672,0.195392,0.195272,0.237015,0.220212,0.268054,0.235787,0.237636,0.204475,0.223465
2311,0.200767,0.22672,0.195317,0.195272,0.237015,0.220212,0.268054,0.235787,0.237636,0.204475,0.223465
2312,0.200767,0.22672,0.194554,0.195272,0.237015,0.220212,0.268054,0.235787,0.237636,0.204475,0.223465
2313,0.200767,0.230754,0.194554,0.195272,0.237015,0.220212,0.268054,0.235787,0.237636,0.204475,0.223465
2314,0.200767,0.230561,0.194554,0.195272,0.237015,0.220212,0.268054,0.235787,0.237636,0.204475,0.223465
2315,0.200767,0.231091,0.194554,0.195272,0.237015,0.220212,0.268054,0.235787,0.237636,0.204475,0.223465
2316,0.200767,0.227483,0.194554,0.195272,0.237015,0.220212,0.268054,0.235787,0.237636,0.204475,0.223465
2317,0.200767,0.227483,0.194554,0.195272,0.237015,0.220212,0.268054,0.235787,0.237636,0.204475,0.222548
2318,0.200767,0.227483,0.194554,0.195272,0.237015,0.220212,0.268054,0.239172,0.237636,0.204475,0.222548
2319,0.200767,0.227483,0.194554,0.195272,0.237015,0.220212,0.268054,0.239089,0.237636,0.204475,0.222548
2320,0.200767,0.227483,0.194554,0.195272,0.237015,0.220212,0.268054,0.239703,0.237636,0.204475,0.222548
2321,0.200767,0.227483,0.194554,0.195272,0.237015,0.220212,0.268054,0.23976,0.237636,0.204475,0.222548
2322,0.200767,0.227483,0.194554,0.195272,0.237015,0.220212,0.268054,0.238726,0.237636,0.204475,0.222548
2323,0.200767,0.227483,0.194554,0.195272,0.237015,0.220212,0.268054,0.237692,0.237636,0.204475,0.222548
2324,0.20398,0.227483,0.194554,0.195272,0.237015,0.220212,0.268054,0.237692,0.237636,0.204475,0.222548
2325,0.208868,0.227483,0.194554,0.195272,0.237015,0.220212,0.268054,0.237692,0.237636,0.204475,0.222548
2326,0.207799,0.227483,0.194554,0.195272,0.237015,0.220212,0.268054,0.237692,0.237636,0.204475,0.222548
2327,0.206651,0.227483,0.194554,0.195272,0.237015,0.220212,0.268054,0.237692,0.237636,0.204475,0.222548
2328,0.206307,0.227483,0.194554,0.195272,0.237015,0.220212,0.268054,0.237692,0.237636,0.204475,0.222548
2329,0.205205,0.227483,0.194554,0.195272,0.237015,0.220212,0.268054,0.237692,0.237636,0.204475,0.222548
2330,0.205205,0.227483,0.194554,0.195272,0.237015,0.220035,0.268054,0.237692,0.237636,0.204475,0.222548
2331,0.205205,0.227483,0.194554,0.195272,0.237015,0.220035,0.266675,0.237692,0.237636,0.204475,0.222548
2332,0.205205,0.227483,0.194554,0.195588,0.237015,0.220035,0.266675,0.237692,0.237636,0.204475,0.222548
2333,0.20409,0.227483,0.194554,0.195588,0.237015,0.220035,0.266675,0.237692,0.237636,0.204475,0.222548
2334,0.20409,0.227483,0.194554,0.195588,0.236387,0.220035,0.266675,0.237692,0.237636,0.204475,0.222548
2335,0.20409,0.227483,0.194554,0.194325,0.236387,0.220035,0.266675,0.237692,0.237636,0.204475,0.222548
2336,0.20409,0.227483,0.194554,0.194325,0.236387,0.223828,0.266675,0.237692,0.237636,0.204475,0.222548
2337,0.20409,0.227483,0.194554,0.194325,0.236387,0.222741,0.266675,0.237692,0.237636,0.204475,0.222548
2338,0.20409,0.227483,0.194554,0.194325,0.236387,0.221696,0.266675,0.237692,0.237636,0.204475,0.222548
2339,0.20409,0.227483,0.193682,0.194325,0.236387,0.221696,0.266675,0.237692,0.237636,0.204475,0.222548
2340,0.20409,0.227483,0.193682,0.194325,0.236387,0.221696,0.266675,0.236676,0.237636,0.204475,0.222548
2341,0.20409,0.227483,0.193682,0.194325,0.236387,0.221696,0.266675,0.236676,0.236648,0.204475,0.222548
2342,0.20409,0.227483,0.193682,0.194325,0.236387,0.221696,0.266675,0.236676,0.236648,0.204475,0.221577
2343,0.20409,0.227483,0.193682,0.194325,0.236387,0.221696,0.266675,0.236676,0.236648,0.203364,0.221577
2344,0.20409,0.228921,0.193682,0.194325,0.236387,0.221696,0.266675,0.236676,0.236648,0.203364,0.221577
2345,0.20409,0.231094,0.193682,0.194325,0.236387,0.221696,0.266675,0.236676,0.236648,0.203364,0.221577
2346,0.20409,0.229068,0.193682,0.194325,0.236387,0.221696,0.266675,0.236676,0.236648,0.203364,0.221577
2347,0.20409,0.229068,0.193682,0.194325,0.236387,0.222273,0.266675,0.236676,0.236648,0.203364,0.221577
2348,0.20409,0.229068,0.193682,0.194325,0.236387,0.221207,0.266675,0.236676,0.236648,0.203364,0.221577
2349,0.20409,0.230261,0.193682,0.194325,0.236387,0.221207,0.266675,0.236676,0.236648,0.203364,0.221577
2350,0.20409,0.232128,0.193682,0.194325,0.236387,0.221207,0.266675,0.236676,0.236648,0.203364,0.221577
2351,0.20409,0.23594,0.193682,0.194325,0.236387,0.221207,0.266675,0.236676,0.236648,0.203364,0.221577
2352,0.20409,0.234843,0.193682,0.194325,0.236387,0.221207,0.266675,0.236676,0.236648,0.203364,0.221577
2353,0.20409,0.233981,0.193682,0.194325,0.236387,0.221207,0.266675,0.236676,0.236648,0.203364,0.221577
2354,0.20409,0.232972,0.193682,0.194325,0.236387,0.221207,0.266675,0.236676,0.236648,0.203364,0.221577
2355,0.20409,0.232094,0.193682,0.194325,0.236387,0.221207,0.266675,0.236676,0.236648,0.203364,0.221577
2356,0.20409,0.232094,0.193682,0.194325,0.235855,0.221207,0.266675,0.236676,0.236648,0.203364,0.221577
2357,0.20409,0.232094,0.193682,0.194325,0.235855,0.221207,0.268419,0.236676,0.236648,0.203364,0.221577
2358,0.20409,0.232094,0.193682,0.194325,0.235855,0.221207,0.271254,0.236676,0.236648,0.203364,0.221577
2359,0.20409,0.232094,0.193682,0.194325,0.235855,0.221207,0.272066,0.236676,0.236648,0.203364,0.221577
2360,0.20409,0.232094,0.193682,0.194325,0.235855,0.221207,0.270513,0.236676,0.236648,0.203364,0.221577
2361,0.20409,0.232094,0.193682,0.194325,0.235855,0.221207,0.271472,0.236676,0.236648,0.203364,0.221577
2362,0.20409,0.232094,0.193682,0.194325,0.235855,0.221207,0.272864,0.236676,0.236648,0.203364,0.221577
2363,0.20409,0.232094,0.193682,0.194325,0.235855,0.221207,0.274278,0.236676,0.236648,0.203364,0.221577
2364,0.20409,0.232094,0.193682,0.194325,0.235855,0.221207,0.273325,0.236676,0.236648,0.203364,0.221577
2365,0.20409,0.232094,0.193682,0.194325,0.235855,0.221207,0.272434,0.236676,0.236648,0.203364,0.221577
2366,0.20409,0.232094,0.193682,0.194325,0.235855,0.221207,0.273322,0.236676,0.236648,0.203364,0.221577
2367,0.20409,0.232094,0.193682,0.194325,0.235855,0.221207,0.272953,0.236676,0.236648,0.203364,0.221577
2368,0.20409,0.232094,0.193682,0.194325,0.235855,0.221207,0.272871,0.236676,0.236648,0.203364,0.221577
2369,0.20409,0.232094,0.193682,0.194325,0.235855,0.221207,0.274809,0.236676,0.236648,0.203364,0.221577
2370,0.20409,0.232094,0.193682,0.194325,0.235855,0.221207,0.275671,0.236676,0.236648,0.203364,0.221577
2371,0.20409,0.232094,0.193682,0.194325,0.235855,0.221207,0.274866,0.236676,0.236648,0.203364,0.221577
2372,0.20409,0.232094,0.193682,0.194325,0.235855,0.221207,0.274317,0.236676,0.236648,0.203364,0.221577
2373,0.20409,0.232094,0.193682,0.194325,0.235855,0.221207,0.273446,0.236676,0.236648,0.203364,0.221577
2374,0.20409,0.232094,0.193682,0.194325,0.235855,0.221207,0.273419,0.236676,0.236648,0.203364,0.221577
2375,0.20409,0.232094,0.193682,0.194325,0.235855,0.221207,0.272798,0.236676,0.236648,0.203364,0.221577
2376,0.203827,0.232094,0.193682,0.194325,0.235855,0.221207,0.272798,0.236676,0.236648,0.203364,0.221577
2377,0.203827,0.232094,0.193682,0.194325,0.235855,0.221207,0.272798,0.235669,0.236648,0.203364,0.221577
2378,0.203827,0.232094,0.193682,0.194325,0.235855,0.221207,0.272798,0.235669,0.235185,0.203364,0.221577
2379,0.203827,0.232299,0.193682,0.194325,0.235855,0.221207,0.272798,0.235669,0.235185,0.203364,0.221577
2380,0.203827,0.232299,0.192865,0.194325,0.235855,0.221207,0.272798,0.235669,0.235185,0.203364,0.221577
2381,0.203827,0.232299,0.192865,0.194325,0.235855,0.221207,0.272798,0.235669,0.235185,0.203364,0.220521
2382,0.203827,0.232299,0.192865,0.194325,0.235855,0.221207,0.272522,0.235669,0.235185,0.203364,0.220521
2383,0.203827,0.232299,0.192865,0.194325,0.236175,0.221207,0.272522,0.235669,0.235185,0.203364,0.220521
2384,0.203827,0.232299,0.192865,0.192698,0.236175,0.221207,0.272522,0.235669,0.235185,0.203364,0.220521
2385,0.203827,0.232299,0.192865,0.192698,0.236175,0.221207,0.272522,0.235669,0.235185,0.202265,0.220521
2386,0.203827,0.231395,0.192865,0.192698,0.236175,0.221207,0.272522,0.235669,0.235185,0.202265,0.220521
2387,0.203827,0.231395,0.192865,0.192698,0.236175,0.221667,0.272522,0.235669,0.235185,0.202265,0.220521
2388,0.203827,0.231395,0.192865,0.192698,0.23517,0.221667,0.272522,0.235669,0.235185,0.202265,0.220521
2389,0.203827,0.231395,0.192865,0.192698,0.23517,0.220551,0.272522,0.235669,0.235185,0.202265,0.220521
2390,0.202731,0.231395,0.192865,0.192698,0.23517,0.220551,0.272522,0.235669,0.235185,0.202265,0.220521
2391,0.202731,0.231395,0.192865,0.192698,0.23517,0.220551,0.271744,0.235669,0.235185,0.202265,0.220521
2392,0.202731,0.231395,0.192865,0.192698,0.23517,0.220551,0.271744,0.234795,0.235185,0.202265,0.220521
2393,0.202731,0.231395,0.193652,0.192698,0.23517,0.220551,0.271744,0.234795,0.235185,0.202265,0.220521
2394,0.202731,0.231395,0.193652,0.192698,0.23517,0.220551,0.271744,0.234795,0.235185,0.202265,0.22017
2395,0.202731,0.231395,0.198461,0.192698,0.23517,0.220551,0.271744,0.234795,0.235185,0.202265,0.22017
2396,0.202731,0.231395,0.199067,0.192698,0.23517,0.220551,0.271744,0.234795,0.235185,0.202265,0.22017
2397,0.202731,0.231395,0.198842,0.192698,0.23517,0.220551,0.271744,0.234795,0.235185,0.202265,0.22017
2398,0.202731,0.231395,0.200801,0.192698,0.23517,0.220551,0.271744,0.234795,0.235185,0.202265,0.22017
2399,0.202731,0.231395,0.200412,0.192698,0.23517,0.220551,0.271744,0.234795,0.235185,0.202265,0.22017
2400,0.202731,0.231395,0.199292,0.192698,0.23517,0.220551,0.271744,0.234795,0.235185,0.202265,0.22017
2401,0.202731,0.231395,0.200677,0.192698,0.23517,0.220551,0.271744,0.234795,0.235185,0.202265,0.22017
2402,0.202731,0.231395,0.20414,0.192698,0.23517,0.220551,0.271744,0.234795,0.235185,0.202265,0.22017
2403,0.202731,0.231395,0.203094,0.192698,0.23517,0.220551,0.271744,0.234795,0.235185,0.202265,0.22017
2404,0.202731,0.231395,0.202574,0.192698,0.23517,0.220551,0.271744,0.234795,0.235185,0.202265,0.22017
2405,0.202731,0.231395,0.202245,0.192698,0.23517,0.220551,0.271744,0.234795,0.235185,0.202265,0.22017
2406,0.202731,0.230385,0.202245,0.192698,0.23517,0.220551,0.271744,0.234795,0.235185,0.202265,0.22017
2407,0.202731,0.230385,0.202245,0.192698,0.23517,0.220551,0.272471,0.234795,0.235185,0.202265,0.22017
2408,0.202731,0.230385,0.202245,0.192698,0.23517,0.220551,0.273387,0.234795,0.235185,0.202265,0.22017
2409,0.202731,0.230385,0.202245,0.192698,0.23517,0.220551,0.275469,0.234795,0.235185,0.202265,0.22017
2410,0.202731,0.230385,0.202245,0.192698,0.23517,0.220551,0.274616,0.234795,0.235185,0.202265,0.22017
2411,0.202731,0.230385,0.202245,0.192698,0.23517,0.220551,0.274259,0.234795,0.235185,0.202265,0.22017
2412,0.202731,0.230385,0.202245,0.192698,0.23517,0.220551,0.273181,0.234795,0.235185,0.202265,0.22017
2413,0.202731,0.230385,0.202245,0.192698,0.23517,0.220551,0.273181,0.234795,0.235445,0.202265,0.22017
2414,0.202731,0.230385,0.202245,0.192698,0.235288,0.220551,0.273181,0.234795,0.235445,0.202265,0.22017
2415,0.202731,0.230385,0.202245,0.192698,0.235288,0.220551,0.273181,0.234795,0.235445,0.203108,0.22017
2416,0.202731,0.230385,0.202245,0.192698,0.235288,0.220551,0.273181,0.234795,0.235445,0.204358,0.22017
2417,0.202731,0.230385,0.202245,0.192698,0.235288,0.220551,0.273181,0.234795,0.235445,0.203189,0.22017
2418,0.202731,0.230385,0.205964,0.192698,0.235288,0.220551,0.273181,0.234795,0.235445,0.203189,0.22017
2419,0.202731,0.230385,0.206612,0.192698,0.235288,0.220551,0.273181,0.234795,0.235445,0.203189,0.22017
2420,0.202731,0.230385,0.205513,0.192698,0.235288,0.220551,0.273181,0.234795,0.235445,0.203189,0.22017
2421,0.202731,0.230385,0.204425,0.192698,0.235288,0.220551,0.273181,0.234795,0.235445,0.203189,0.22017
2422,0.202731,0.230385,0.204425,0.192698,0.235288,0.220551,0.273181,0.234795,0.234451,0.203189,0.22017
2423,0.202731,0.230385,0.204425,0.192698,0.235288,0.219277,0.273181,0.234795,0.234451,0.203189,0.22017
2424,0.202731,0.230385,0.204425,0.192698,0.234991,0.219277,0.273181,0.234795,0.234451,0.203189,0.22017
2425,0.202321,0.230385,0.204425,0.192698,0.234991,0.219277,0.273181,0.234795,0.234451,0.203189,0.22017
2426,0.202321,0.230385,0.204425,0.192698,0.234991,0.219277,0.273011,0.234795,0.234451,0.203189,0.22017
2427,0.202321,0.230385,0.204425,0.194622,0.234991,0.219277,0.273011,0.234795,0.234451,0.203189,0.22017
2428,0.202321,0.230385,0.204425,0.193985,0.234991,0.219277,0.273011,0.234795,0.234451,0.203189,0.22017
2429,0.202321,0.230385,0.204425,0.193985,0.234991,0.219277,0.273011,0.234795,0.234451,0.203189,0.218855
2430,0.202321,0.230385,0.204425,0.193985,0.234991,0.219277,0.273011,0.233805,0.234451,0.203189,0.218855
2431,0.202321,0.230385,0.204425,0.193985,0.234991,0.219277,0.272399,0.233805,0.234451,0.203189,0.218855
2432,0.202321,0.230385,0.20744,0.193985,0.234991,0.219277,0.272399,0.233805,0.234451,0.203189,0.218855
2433,0.202321,0.230385,0.208389,0.193985,0.234991,0.219277,0.272399,0.233805,0.234451,0.203189,0.218855
2434,0.202321,0.230385,0.207304,0.193985,0.234991,0.219277,0.272399,0.233805,0.234451,0.203189,0.218855
2435,0.202321,0.230385,0.206556,0.193985,0.234991,0.219277,0.272399,0.233805,0.234451,0.203189,0.218855
2436,0.202321,0.230385,0.206556,0.196096,0.234991,0.219277,0.272399,0.233805,0.234451,0.203189,0.218855
2437,0.202321,0.230385,0.206556,0.196587,0.234991,0.219277,0.272399,0.233805,0.234451,0.203189,0.218855
2438,0.202321,0.230385,0.206556,0.202311,0.234991,0.219277,0.272399,0.233805,0.234451,0.203189,0.218855
2439,0.202321,0.230385,0.206556,0.203517,0.234991,0.219277,0.272399,0.233805,0.234451,0.203189,0.218855
2440,0.202321,0.230385,0.206556,0.202004,0.234991,0.219277,0.272399,0.233805,0.234451,0.203189,0.218855
2441,0.202321,0.230385,0.206556,0.200873,0.234991,0.219277,0.272399,0.233805,0.234451,0.203189,0.218855
2442,0.202321,0.230385,0.206556,0.19999,0.234991,0.219277,0.272399,0.233805,0.234451,0.203189,0.218855
2443,0.202321,0.230385,0.206556,0.199608,0.234991,0.219277,0.272399,0.233805,0.234451,0.203189,0.218855
2444,0.202321,0.230385,0.206556,0.199608,0.234003,0.219277,0.272399,0.233805,0.234451,0.203189,0.218855
2445,0.202321,0.229598,0.206556,0.199608,0.234003,0.219277,0.272399,0.233805,0.234451,0.203189,0.218855
2446,0.202321,0.229598,0.206556,0.199608,0.234003,0.219277,0.272399,0.233805,0.234451,0.201922,0.218855
2447,0.201672,0.229598,0.206556,0.199608,0.234003,0.219277,0.272399,0.233805,0.234451,0.201922,0.218855
2448,0.201672,0.229598,0.206556,0.199608,0.234003,0.219277,0.272399,0.233805,0.235013,0.201922,0.218855
2449,0.201672,0.229598,0.206556,0.199608,0.234003,0.219277,0.272399,0.233805,0.234035,0.201922,0.218855
2450,0.201672,0.229598,0.206105,0.199608,0.234003,0.219277,0.272399,0.233805,0.234035,0.201922,0.218855
2451,0.201672,0.229598,0.206105,0.199608,0.234003,0.219277,0.271766,0.233805,0.234035,0.201922,0.218855
2452,0.201672,0.229598,0.206105,0.198756,0.234003,0.219277,0.271766,0.233805,0.234035,0.201922,0.218855
2453,0.201672,0.229598,0.206105,0.198756,0.234003,0.218615,0.271766,0.233805,0.234035,0.201922,0.218855
2454,0.201672,0.229598,0.206105,0.198756,0.234003,0.218615,0.271766,0.232822,0.234035,0.201922,0.218855
2455,0.201672,0.229598,0.206105,0.198756,0.234003,0.218615,0.271766,0.232822,0.234035,0.201922,0.21774
2456,0.201672,0.228604,0.206105,0.198756,0.234003,0.218615,0.271766,0.232822,0.234035,0.201922,0.21774
2457,0.201672,0.228604,0.206105,0.198756,0.232905,0.218615,0.271766,0.232822,0.234035,0.201922,0.21774
2458,0.201672,0.228604,0.206105,0.198756,0.232905,0.218615,0.270208,0.232822,0.234035,0.201922,0.21774
2459,0.202364,0.228604,0.206105,0.198756,0.232905,0.218615,0.270208,0.232822,0.234035,0.201922,0.21774
2460,0.202364,0.228604,0.207813,0.198756,0.232905,0.218615,0.270208,0.232822,0.234035,0.201922,0.21774
2461,0.202364,0.228604,0.206752,0.198756,0.232905,0.218615,0.270208,0.232822,0.234035,0.201922,0.21774
2462,0.202384,0.228604,0.206752,0.198756,0.232905,0.218615,0.270208,0.232822,0.234035,0.201922,0.21774
2463,0.202384,0.228604,0.206752,0.198756,0.232905,0.218615,0.270208,0.232822,0.232767,0.201922,0.21774
2464,0.202384,0.228604,0.206752,0.198756,0.232905,0.217594,0.270208,0.232822,0.232767,0.201922,0.21774
2465,0.202384,0.228604,0.206752,0.198756,0.232905,0.217594,0.270208,0.232822,0.232767,0.199918,0.21774
2466,0.202384,0.228604,0.206752,0.197874,0.232905,0.217594,0.270208,0.232822,0.232767,0.199918,0.21774
2467,0.201098,0.228604,0.206752,0.197874,0.232905,0.217594,0.270208,0.232822,0.232767,0.199918,0.21774
2468,0.201098,0.228604,0.207562,0.197874,0.232905,0.217594,0.270208,0.232822,0.232767,0.199918,0.21774
2469,0.201098,0.228604,0.208825,0.197874,0.232905,0.217594,0.270208,0.232822,0.232767,0.199918,0.21774
2470,0.201098,0.228604,0.207776,0.197874,0.232905,0.217594,0.270208,0.232822,0.232767,0.199918,0.21774
2471,0.201098,0.228604,0.207776,0.197874,0.232905,0.217594,0.270208,0.234035,0.232767,0.199918,0.21774
2472,0.201098,0.228604,0.207776,0.197874,0.232905,0.217594,0.270208,0.23298,0.232767,0.199918,0.21774
2473,0.201098,0.228108,0.207776,0.197874,0.232905,0.217594,0.270208,0.23298,0.232767,0.199918,0.21774
2474,0.201098,0.228108,0.207776,0.197874,0.232781,0.217594,0.270208,0.23298,0.232767,0.199918,0.21774
2475,0.201098,0.228108,0.207776,0.197874,0.232781,0.217594,0.270208,0.23298,0.232767,0.199918,0.217291
2476,0.201098,0.228108,0.207776,0.197874,0.232781,0.217594,0.270208,0.232013,0.232767,0.199918,0.217291
2477,0.201098,0.228108,0.207776,0.197874,0.232781,0.217594,0.271228,0.232013,0.232767,0.199918,0.217291
2478,0.201098,0.228108,0.207776,0.197874,0.232781,0.217594,0.271605,0.232013,0.232767,0.199918,0.217291
2479,0.201098,0.228108,0.207776,0.197874,0.232781,0.217594,0.270435,0.232013,0.232767,0.199918,0.217291
2480,0.201098,0.228108,0.206347,0.197874,0.232781,0.217594,0.270435,0.232013,0.232767,0.199918,0.217291
2481,0.201098,0.228108,0.206347,0.197874,0.231816,0.217594,0.270435,0.232013,0.232767,0.199918,0.217291
2482,0.201098,0.228108,0.206347,0.197874,0.231816,0.217594,0.270435,0.232013,0.230669,0.199918,0.217291
2483,0.201098,0.228108,0.206347,0.197874,0.231816,0.216582,0.270435,0.232013,0.230669,0.199918,0.217291
2484,0.201098,0.228108,0.206347,0.196946,0.231816,0.216582,0.270435,0.232013,0.230669,0.199918,0.217291
2485,0.201098,0.227129,0.206347,0.196946,0.231816,0.216582,0.270435,0.232013,0.230669,0.199918,0.217291
2486,0.201098,0.227129,0.206347,0.196946,0.231816,0.216582,0.270435,0.232013,0.230669,0.199918,0.216481
2487,0.201098,0.227129,0.206347,0.196946,0.231816,0.216582,0.269634,0.232013,0.230669,0.199918,0.216481
2488,0.200131,0.227129,0.206347,0.196946,0.231816,0.216582,0.269634,0.232013,0.230669,0.199918,0.216481
2489,0.200131,0.227129,0.206347,0.196946,0.231816,0.216582,0.269634,0.232013,0.230669,0.198871,0.216481
2490,0.200131,0.227129,0.206347,0.196946,0.231816,0.216582,0.269634,0.231119,0.230669,0.198871,0.216481
2491,0.200131,0.227129,0.206347,0.196946,0.231037,0.216582,0.269634,0.231119,0.230669,0.198871,0.216481
2492,0.200131,0.227129,0.206347,0.196946,0.231037,0.216582,0.269805,0.231119,0.230669,0.198871,0.216481
2493,0.200131,0.227129,0.206347,0.196946,0.231037,0.216039,0.269805,0.231119,0.230669,0.198871,0.216481
2494,0.200131,0.227418,0.206347,0.196946,0.231037,0.216039,0.269805,0.231119,0.230669,0.198871,0.216481
2495,0.200131,0.227418,0.206347,0.196946,0.231037,0.216039,0.271534,0.231119,0.230669,0.198871,0.216481
2496,0.200131,0.227418,0.206347,0.196946,0.231037,0.216039,0.271641,0.231119,0.230669,0.198871,0.216481
2497,0.200131,0.227418,0.206347,0.196946,0.231037,0.216039,0.270685,0.231119,0.230669,0.198871,0.216481
2498,0.200131,0.227418,0.206347,0.196946,0.231037,0.216039,0.270685,0.231119,0.230669,0.198871,0.216556
2499,0.200131,0.227418,0.206347,0.198063,0.231037,0.216039,0.270685,0.231119,0.230669,0.198871,0.216556
2500,0.200131,0.227418,0.206347,0.197997,0.231037,0.216039,0.270685,0.231119,0.230669,0.198871,0.216556
2501,0.200131,0.227418,0.206347,0.197997,0.231037,0.216039,0.270208,0.231119,0.230669,0.198871,0.216556
2502,0.200131,0.227418,0.205396,0.197997,0.231037,0.216039,0.270208,0.231119,0.230669,0.198871,0.216556
2503,0.200131,0.226098,0.205396,0.197997,0.231037,0.216039,0.270208,0.231119,0.230669,0.198871,0.216556
2504,0.200131,0.226098,0.205396,0.196955,0.231037,0.216039,0.270208,0.231119,0.230669,0.198871,0.216556
2505,0.200131,0.226098,0.205396,0.196955,0.231037,0.216039,0.270208,0.231119,0.230669,0.198871,0.217811
2506,0.200131,0.226098,0.205396,0.196955,0.231037,0.216039,0.270208,0.231119,0.230669,0.198871,0.216812
2507,0.199094,0.226098,0.205396,0.196955,0.231037,0.216039,0.270208,0.231119,0.230669,0.198871,0.216812
2508,0.199094,0.226098,0.205396,0.196955,0.231037,0.216039,0.270208,0.231119,0.229716,0.198871,0.216812
2509,0.199094,0.226098,0.205396,0.196955,0.231037,0.216039,0.270208,0.230422,0.229716,0.198871,0.216812
2510,0.199094,0.226098,0.205396,0.196955,0.231037,0.216039,0.269411,0.230422,0.229716,0.198871,0.216812
2511,0.199094,0.226098,0.205396,0.196955,0.23321,0.216039,0.269411,0.230422,0.229716,0.198871,0.216812
2512,0.199094,0.226098,0.205396,0.196955,0.235551,0.216039,0.269411,0.230422,0.229716,0.198871,0.216812
2513,0.199094,0.226098,0.205396,0.196955,0.234493,0.216039,0.269411,0.230422,0.229716,0.198871,0.216812
2514,0.199094,0.226098,0.205396,0.196955,0.233217,0.216039,0.269411,0.230422,0.229716,0.198871,0.216812
2515,0.199094,0.226098,0.205396,0.196955,0.232925,0.216039,0.269411,0.230422,0.229716,0.198871,0.216812
2516,0.199094,0.226098,0.205396,0.196955,0.232925,0.215043,0.269411,0.230422,0.229716,0.198871,0.216812
2517,0.199094,0.226098,0.205396,0.196955,0.232925,0.215043,0.269411,0.230422,0.229716,0.201514,0.216812
2518,0.199094,0.226098,0.205396,0.196955,0.232925,0.215043,0.269411,0.230422,0.229716,0.201396,0.216812
2519,0.199094,0.226098,0.205396,0.196955,0.232925,0.215043,0.269411,0.230422,0.229716,0.202668,0.216812
2520,0.199094,0.226098,0.205396,0.196955,0.232925,0.215043,0.269411,0.230422,0.229716,0.201473,0.216812
2521,0.199094,0.226098,0.205396,0.196955,0.232925,0.215043,0.269411,0.230422,0.229716,0.201126,0.216812
2522,0.199094,0.226098,0.205396,0.196955,0.232925,0.215043,0.269411,0.230422,0.229716,0.201126,0.215822
2523,0.199094,0.226098,0.205396,0.196955,0.233911,0.215043,0.269411,0.230422,0.229716,0.201126,0.215822
2524,0.199094,0.226098,0.205396,0.196955,0.235466,0.215043,0.269411,0.230422,0.229716,0.201126,0.215822
2525,0.199094,0.226098,0.205396,0.196955,0.237924,0.215043,0.269411,0.230422,0.229716,0.201126,0.215822
2526,0.199094,0.226098,0.205396,0.196955,0.239592,0.215043,0.269411,0.230422,0.229716,0.201126,0.215822
2527,0.199094,0.226098,0.205396,0.196955,0.240462,0.215043,0.269411,0.230422,0.229716,0.201126,0.215822
2528,0.199094,0.226098,0.205396,0.196955,0.239802,0.215043,0.269411,0.230422,0.229716,0.201126,0.215822
2529,0.199094,0.226098,0.205396,0.196955,0.240198,0.215043,0.269411,0.230422,0.229716,0.201126,0.215822
2530,0.199094,0.226098,0.205396,0.196955,0.239881,0.215043,0.269411,0.230422,0.229716,0.201126,0.215822
2531,0.199094,0.226098,0.205396,0.196955,0.238975,0.215043,0.269411,0.230422,0.229716,0.201126,0.215822
2532,0.199094,0.226098,0.205396,0.196955,0.238883,0.215043,0.269411,0.230422,0.229716,0.201126,0.215822
2533,0.199094,0.226098,0.205396,0.196955,0.240896,0.215043,0.269411,0.230422,0.229716,0.201126,0.215822
2534,0.199094,0.226098,0.205396,0.196955,0.239883,0.215043,0.269411,0.230422,0.229716,0.201126,0.215822
2535,0.199094,0.226098,0.205396,0.196955,0.238346,0.215043,0.269411,0.230422,0.229716,0.201126,0.215822
2536,0.199094,0.226098,0.204402,0.196955,0.238346,0.215043,0.269411,0.230422,0.229716,0.201126,0.215822
2537,0.199094,0.226098,0.204402,0.196955,0.238346,0.215043,0.268779,0.230422,0.229716,0.201126,0.215822
2538,0.199094,0.226098,0.204402,0.196955,0.238346,0.215043,0.268779,0.230814,0.229716,0.201126,0.215822
2539,0.199094,0.226052,0.204402,0.196955,0.238346,0.215043,0.268779,0.230814,0.229716,0.201126,0.215822
2540,0.199094,0.226052,0.204402,0.196955,0.238346,0.215043,0.268779,0.230451,0.229716,0.201126,0.215822
2541,0.199094,0.226052,0.204402,0.196955,0.238346,0.215043,0.268779,0.230451,0.228553,0.201126,0.215822
2542,0.199094,0.226052,0.204402,0.196403,0.238346,0.215043,0.268779,0.230451,0.228553,0.201126,0.215822
2543,0.198679,0.226052,0.204402,0.196403,0.238346,0.215043,0.268779,0.230451,0.228553,0.201126,0.215822
2544,0.198679,0.226052,0.204402,0.196403,0.238346,0.215043,0.268779,0.230451,0.228553,0.199161,0.215822
2545,0.198679,0.226052,0.204402,0.196403,0.237606,0.215043,0.268779,0.230451,0.228553,0.199161,0.215822
2546,0.198679,0.226052,0.204402,0.196403,0.237606,0.215562,0.268779,0.230451,0.228553,0.199161,0.215822
2547,0.198679,0.227798,0.204402,0.196403,0.237606,0.215562,0.268779,0.230451,0.228553,0.199161,0.215822
2548,0.198679,0.228504,0.204402,0.196403,0.237606,0.215562,0.268779,0.230451,0.228553,0.199161,0.215822
2549,0.198679,0.227619,0.204402,0.196403,0.237606,0.215562,0.268779,0.230451,0.228553,0.199161,0.215822
2550,0.198679,0.227431,0.204402,0.196403,0.237606,0.215562,0.268779,0.230451,0.228553,0.199161,0.215822
2551,0.198679,0.227431,0.204402,0.196403,0.237606,0.215218,0.268779,0.230451,0.228553,0.199161,0.215822
2552,0.198679,0.227431,0.204402,0.196403,0.237606,0.215218,0.267991,0.230451,0.228553,0.199161,0.215822
2553,0.198679,0.227431,0.204402,0.196403,0.237606,0.215218,0.267991,0.231766,0.228553,0.199161,0.215822
2554,0.198679,0.227431,0.204402,0.196403,0.237606,0.215218,0.267991,0.231551,0.228553,0.199161,0.215822
2555,0.198679,0.227431,0.204402,0.196403,0.237606,0.215218,0.267991,0.232143,0.228553,0.199161,0.215822
2556,0.198679,0.227431,0.204402,0.196403,0.237606,0.215218,0.267991,0.23121,0.228553,0.199161,0.215822
2557,0.198679,0.227431,0.204402,0.196403,0.237606,0.215218,0.267991,0.23121,0.228553,0.199161,0.215615
2558,0.198679,0.228682,0.204402,0.196403,0.237606,0.215218,0.267991,0.23121,0.228553,0.199161,0.215615
2559,0.198679,0.231005,0.204402,0.196403,0.237606,0.215218,0.267991,0.23121,0.228553,0.199161,0.215615
2560,0.198679,0.231994,0.204402,0.196403,0.237606,0.215218,0.267991,0.23121,0.228553,0.199161,0.215615
2561,0.198679,0.231059,0.204402,0.196403,0.237606,0.215218,0.267991,0.23121,0.228553,0.199161,0.215615
2562,0.198679,0.230116,0.204402,0.196403,0.237606,0.215218,0.267991,0.23121,0.228553,0.199161,0.215615
2563,0.198679,0.231243,0.204402,0.196403,0.237606,0.215218,0.267991,0.23121,0.228553,0.199161,0.215615
2564,0.198679,0.232499,0.204402,0.196403,0.237606,0.215218,0.267991,0.23121,0.228553,0.199161,0.215615
2565,0.198679,0.23248,0.204402,0.196403,0.237606,0.215218,0.267991,0.23121,0.228553,0.199161,0.215615
2566,0.198679,0.234463,0.204402,0.196403,0.237606,0.215218,0.267991,0.23121,0.228553,0.199161,0.215615
2567,0.198679,0.233525,0.204402,0.196403,0.237606,0.215218,0.267991,0.23121,0.228553,0.199161,0.215615
2568,0.198679,0.232595,0.204402,0.196403,0.237606,0.215218,0.267991,0.23121,0.228553,0.199161,0.215615
2569,0.198679,0.232595,0.203699,0.196403,0.237606,0.215218,0.267991,0.23121,0.228553,0.199161,0.215615
2570,0.198246,0.232595,0.203699,0.196403,0.237606,0.215218,0.267991,0.23121,0.228553,0.199161,0.215615
2571,0.198246,0.232595,0.203699,0.195311,0.237606,0.215218,0.267991,0.23121,0.228553,0.199161,0.215615
2572,0.198246,0.232595,0.203699,0.195311,0.237606,0.213079,0.267991,0.23121,0.228553,0.199161,0.215615
2573,0.198246,0.232595,0.203699,0.195311,0.236644,0.213079,0.267991,0.23121,0.228553,0.199161,0.215615
2574,0.198246,0.232595,0.203699,0.195311,0.236644,0.213079,0.267991,0.23121,0.228553,0.199161,0.214927
2575,0.198246,0.232595,0.203699,0.195311,0.236644,0.213079,0.267991,0.23121,0.229249,0.199161,0.214927
2576,0.198246,0.232595,0.203699,0.195311,0.236644,0.213079,0.267991,0.23121,0.230174,0.199161,0.214927
2577,0.198246,0.232595,0.203699,0.195311,0.236644,0.213079,0.267991,0.23121,0.229238,0.199161,0.214927
2578,0.198246,0.232949,0.203699,0.195311,0.236644,0.213079,0.267991,0.23121,0.229238,0.199161,0.214927
2579,0.198246,0.232949,0.203699,0.195311,0.236644,0.213079,0.267757,0.23121,0.229238,0.199161,0.214927
2580,0.198246,0.233362,0.203699,0.195311,0.236644,0.213079,0.267757,0.23121,0.229238,0.199161,0.214927
2581,0.198246,0.232443,0.203699,0.195311,0.236644,0.213079,0.267757,0.23121,0.229238,0.199161,0.214927
2582,0.198246,0.232443,0.203699,0.195311,0.236644,0.213079,0.267757,0.231608,0.229238,0.199161,0.214927
2583,0.198246,0.232443,0.203699,0.195311,0.236644,0.213079,0.267757,0.230672,0.229238,0.199161,0.214927
2584,0.200507,0.232443,0.203699,0.195311,0.236644,0.213079,0.267757,0.230672,0.229238,0.199161,0.214927
2585,0.199388,0.232443,0.203699,0.195311,0.236644,0.213079,0.267757,0.230672,0.229238,0.199161,0.214927
2586,0.199388,0.232443,0.203699,0.195311,0.236644,0.213079,0.267196,0.230672,0.229238,0.199161,0.214927
2587,0.199388,0.232443,0.203699,0.195311,0.236644,0.213079,0.267196,0.230672,0.230157,0.199161,0.214927
2588,0.199388,0.232443,0.203699,0.195311,0.236644,0.213079,0.267196,0.230672,0.23312,0.199161,0.214927
2589,0.199388,0.232443,0.203699,0.195311,0.236644,0.213079,0.267196,0.230672,0.232261,0.199161,0.214927
2590,0.199388,0.232443,0.203699,0.195311,0.236644,0.213079,0.267196,0.230672,0.231332,0.199161,0.214927
2591,0.199388,0.232443,0.203699,0.195311,0.236644,0.213079,0.267196,0.230672,0.23041,0.199161,0.214927
2592,0.199388,0.232443,0.2027,0.195311,0.236644,0.213079,0.267196,0.230672,0.23041,0.199161,0.214927
2593,0.199978,0.232443,0.2027,0.195311,0.236644,0.213079,0.267196,0.230672,0.23041,0.199161,0.214927
2594,0.199464,0.232443,0.2027,0.195311,0.236644,0.213079,0.267196,0.230672,0.23041,0.199161,0.214927
2595,0.199464,0.232443,0.2027,0.195311,0.236644,0.213079,0.267196,0.230672,0.23041,0.198422,0.214927
2596,0.199464,0.232443,0.2027,0.195311,0.236644,0.213079,0.267196,0.230672,0.23041,0.198422,0.213959
2597,0.199464,0.232443,0.2027,0.195311,0.237561,0.213079,0.267196,0.230672,0.23041,0.198422,0.213959
2598,0.199464,0.232443,0.2027,0.195311,0.236676,0.213079,0.267196,0.230672,0.23041,0.198422,0.213959
2599,0.199464,0.232443,0.2027,0.197917,0.236676,0.213079,0.267196,0.230672,0.23041,0.198422,0.213959
2600,0.199464,0.232443,0.2027,0.199556,0.236676,0.213079,0.267196,0.230672,0.23041,0.198422,0.213959
2601,0.199464,0.232443,0.2027,0.198289,0.236676,0.213079,0.267196,0.230672,0.23041,0.198422,0.213959
2602,0.199464,0.232443,0.2027,0.198393,0.236676,0.213079,0.267196,0.230672,0.23041,0.198422,0.213959
2603,0.199464,0.232443,0.2027,0.197676,0.236676,0.213079,0.267196,0.230672,0.23041,0.198422,0.213959
2604,0.199464,0.232443,0.2027,0.197676,0.236676,0.213079,0.26658,0.230672,0.23041,0.198422,0.213959
2605,0.199464,0.231424,0.2027,0.197676,0.236676,0.213079,0.26658,0.230672,0.23041,0.198422,0.213959
2606,0.199464,0.231424,0.2027,0.197676,0.236676,0.213079,0.26658,0.229934,0.23041,0.198422,0.213959
2607,0.199464,0.231424,0.2027,0.197676,0.23368,0.213079,0.26658,0.229934,0.23041,0.198422,0.213959
2608,0.199464,0.231424,0.2027,0.197676,0.23368,0.213079,0.26658,0.229934,0.228967,0.198422,0.213959
2609,0.199474,0.231424,0.2027,0.197676,0.23368,0.213079,0.26658,0.229934,0.228967,0.198422,0.213959
2610,0.199474,0.231424,0.2027,0.197676,0.23368,0.212229,0.26658,0.229934,0.228967,0.198422,0.213959
2611,0.199474,0.231424,0.2027,0.197676,0.23368,0.212229,0.265839,0.229934,0.228967,0.198422,0.213959
2612,0.199474,0.231424,0.201856,0.197676,0.23368,0.212229,0.265839,0.229934,0.228967,0.198422,0.213959
2613,0.199474,0.231424,0.201856,0.197676,0.23368,0.212229,0.265839,0.229934,0.228967,0.199081,0.213959
2614,0.199474,0.231424,0.201856,0.196677,0.23368,0.212229,0.265839,0.229934,0.228967,0.199081,0.213959
2615,0.199474,0.231424,0.201856,0.196677,0.23368,0.212229,0.265839,0.229934,0.228967,0.196135,0.213959
2616,0.199474,0.231424,0.201856,0.196677,0.23368,0.212229,0.265839,0.229934,0.228967,0.196135,0.212919
2617,0.201892,0.231424,0.201856,0.196677,0.23368,0.212229,0.265839,0.229934,0.228967,0.196135,0.212919
2618,0.202582,0.231424,0.201856,0.196677,0.23368,0.212229,0.265839,0.229934,0.228967,0.196135,0.212919
2619,0.204729,0.231424,0.201856,0.196677,0.23368,0.212229,0.265839,0.229934,0.228967,0.196135,0.212919
2620,0.204031,0.231424,0.201856,0.196677,0.23368,0.212229,0.265839,0.229934,0.228967,0.196135,0.212919
2621,0.205677,0.231424,0.201856,0.196677,0.23368,0.212229,0.265839,0.229934,0.228967,0.196135,0.212919
2622,0.204679,0.231424,0.201856,0.196677,0.23368,0.212229,0.265839,0.229934,0.228967,0.196135,0.212919
2623,0.204227,0.231424,0.201856,0.196677,0.23368,0.212229,0.265839,0.229934,0.228967,0.196135,0.212919
2624,0.206858,0.231424,0.201856,0.196677,0.23368,0.212229,0.265839,0.229934,0.228967,0.196135,0.212919
2625,0.210616,0.231424,0.201856,0.196677,0.23368,0.212229,0.265839,0.229934,0.228967,0.196135,0.212919
2626,0.211055,0.231424,0.201856,0.196677,0.23368,0.212229,0.265839,0.229934,0.228967,0.196135,0.212919
2627,0.210055,0.231424,0.201856,0.196677,0.23368,0.212229,0.265839,0.229934,0.228967,0.196135,0.212919
2628,0.209064,0.231424,0.201856,0.196677,0.23368,0.212229,0.265839,0.229934,0.228967,0.196135,0.212919
2629,0.208341,0.231424,0.201856,0.196677,0.23368,0.212229,0.265839,0.229934,0.228967,0.196135,0.212919
2630,0.207334,0.231424,0.201856,0.196677,0.23368,0.212229,0.265839,0.229934,0.228967,0.196135,0.212919
2631,0.207334,0.230476,0.201856,0.196677,0.23368,0.212229,0.265839,0.229934,0.228967,0.196135,0.212919
2632,0.207334,0.230476,0.201856,0.196677,0.23368,0.212229,0.265839,0.229247,0.228967,0.196135,0.212919
2633,0.207334,0.230476,0.201856,0.196677,0.23368,0.212229,0.265071,0.229247,0.228967,0.196135,0.212919
2634,0.207334,0.230476,0.201856,0.196677,0.23368,0.211273,0.265071,0.229247,0.228967,0.196135,0.212919
2635,0.207334,0.230476,0.200876,0.196677,0.23368,0.211273,0.265071,0.229247,0.228967,0.196135,0.212919
2636,0.207334,0.230476,0.200876,0.196677,0.23368,0.211273,0.265071,0.229247,0.229887,0.196135,0.212919
2637,0.207334,0.230476,0.200876,0.196677,0.23368,0.211273,0.265071,0.229247,0.230746,0.196135,0.212919
2638,0.207334,0.230476,0.200876,0.196677,0.23368,0.211273,0.265071,0.229247,0.228842,0.196135,0.212919
2639,0.207334,0.230476,0.200876,0.196677,0.23368,0.211273,0.265071,0.228646,0.228842,0.196135,0.212919
2640,0.207334,0.230476,0.200876,0.195378,0.23368,0.211273,0.265071,0.228646,0.228842,0.196135,0.212919
2641,0.207334,0.230476,0.200876,0.195378,0.23368,0.211273,0.265071,0.228646,0.228842,0.196135,0.213299
2642,0.206369,0.230476,0.200876,0.195378,0.23368,0.211273,0.265071,0.228646,0.228842,0.196135,0.213299
2643,0.206369,0.229588,0.200876,0.195378,0.23368,0.211273,0.265071,0.228646,0.228842,0.196135,0.213299
2644,0.206369,0.229588,0.200876,0.195378,0.23368,0.211273,0.265071,0.228646,0.228842,0.196135,0.212233
2645,0.206369,0.229588,0.200876,0.195378,0.23368,0.211273,0.263699,0.228646,0.228842,0.196135,0.212233
2646,0.206369,0.229588,0.200876,0.195378,0.23368,0.211273,0.263699,0.227749,0.228842,0.196135,0.212233
2647,0.206369,0.229588,0.200876,0.195378,0.23368,0.214211,0.263699,0.227749,0.228842,0.196135,0.212233
2648,0.206369,0.229588,0.200876,0.195378,0.23368,0.212678,0.263699,0.227749,0.228842,0.196135,0.212233
2649,0.206369,0.229588,0.200876,0.195378,0.23368,0.211741,0.263699,0.227749,0.228842,0.196135,0.212233
2650,0.206369,0.229588,0.200876,0.195378,0.232943,0.211741,0.263699,0.227749,0.228842,0.196135,0.212233
2651,0.206369,0.229588,0.199906,0.195378,0.232943,0.211741,0.263699,0.227749,0.228842,0.196135,0.212233
2652,0.206369,0.229588,0.199906,0.195378,0.232943,0.211741,0.263699,0.227749,0.229464,0.196135,0.212233
2653,0.206369,0.229588,0.199906,0.195378,0.232943,0.211741,0.263699,0.227749,0.230706,0.196135,0.212233
2654,0.206369,0.229588,0.199906,0.195378,0.232943,0.211741,0.263699,0.227749,0.229828,0.196135,0.212233
2655,0.206369,0.231711,0.199906,0.195378,0.232943,0.211741,0.263699,0.227749,0.229828,0.196135,0.212233
2656,0.206369,0.232986,0.199906,0.195378,0.232943,0.211741,0.263699,0.227749,0.229828,0.196135,0.212233
2657,0.206369,0.23384,0.199906,0.195378,0.232943,0.211741,0.263699,0.227749,0.229828,0.196135,0.212233
2658,0.206369,0.23414,0.199906,0.195378,0.232943,0.211741,0.263699,0.227749,0.229828,0.196135,0.212233
2659,0.206369,0.233267,0.199906,0.195378,0.232943,0.211741,0.263699,0.227749,0.229828,0.196135,0.212233
2660,0.206369,0.23238,0.199906,0.195378,0.232943,0.211741,0.263699,0.227749,0.229828,0.196135,0.212233
2661,0.206369,0.231048,0.199906,0.195378,0.232943,0.211741,0.263699,0.227749,0.229828,0.196135,0.212233
2662,0.205705,0.231048,0.199906,0.195378,0.232943,0.211741,0.263699,0.227749,0.229828,0.196135,0.212233
2663,0.205705,0.231048,0.199906,0.195378,0.232943,0.211741,0.263699,0.227749,0.229047,0.196135,0.212233
2664,0.205705,0.231048,0.199906,0.195378,0.232943,0.211741,0.263699,0.227749,0.229047,0.196135,0.212391
2665,0.205705,0.231048,0.199906,0.195378,0.232943,0.211741,0.263699,0.227749,0.229047,0.195159,0.212391
2666,0.205705,0.231048,0.199906,0.194499,0.232943,0.211741,0.263699,0.227749,0.229047,0.195159,0.212391
2667,0.205705,0.231048,0.199906,0.194499,0.232943,0.211741,0.266148,0.227749,0.229047,0.195159,0.212391
2668,0.205705,0.231048,0.199906,0.194499,0.232943,0.211741,0.265932,0.227749,0.229047,0.195159,0.212391
2669,0.205705,0.231048,0.199906,0.194499,0.232943,0.211741,0.267699,0.227749,0.229047,0.195159,0.212391
2670,0.205705,0.231048,0.199906,0.194499,0.232943,0.211741,0.268697,0.227749,0.229047,0.195159,0.212391
2671,0.205705,0.231048,0.199906,0.194499,0.232943,0.211741,0.268085,0.227749,0.229047,0.195159,0.212391
2672,0.205705,0.231048,0.199906,0.194499,0.232943,0.211741,0.268661,0.227749,0.229047,0.195159,0.212391
2673,0.205705,0.231048,0.199906,0.194499,0.232943,0.211741,0.26859,0.227749,0.229047,0.195159,0.212391
2674,0.205705,0.231048,0.199906,0.194499,0.232943,0.211741,0.268855,0.227749,0.229047,0.195159,0.212391
2675,0.205705,0.231048,0.199906,0.194499,0.232943,0.211741,0.268714,0.227749,0.229047,0.195159,0.212391
2676,0.205705,0.231048,0.199906,0.194499,0.232943,0.211741,0.268376,0.227749,0.229047,0.195159,0.212391
2677,0.205705,0.231048,0.199906,0.194499,0.232943,0.211741,0.267627,0.227749,0.229047,0.195159,0.212391
2678,0.205705,0.231048,0.199906,0.194499,0.232943,0.211741,0.267101,0.227749,0.229047,0.195159,0.212391
2679,0.205705,0.231048,0.199906,0.194499,0.232943,0.211741,0.267099,0.227749,0.229047,0.195159,0.212391
2680,0.205705,0.231048,0.199906,0.194499,0.232943,0.211741,0.267099,0.227749,0.229047,0.195159,0.211925
2681,0.205705,0.231048,0.199906,0.194499,0.232943,0.210795,0.267099,0.227749,0.229047,0.195159,0.211925
2682,0.205705,0.231048,0.199906,0.194499,0.232943,0.210795,0.267099,0.227514,0.229047,0.195159,0.211925
2683,0.205705,0.231048,0.199906,0.194499,0.232544,0.210795,0.267099,0.227514,0.229047,0.195159,0.211925
2684,0.205705,0.231048,0.199906,0.194499,0.232544,0.210795,0.264501,0.227514,0.229047,0.195159,0.211925
2685,0.205705,0.231048,0.199499,0.194499,0.232544,0.210795,0.264501,0.227514,0.229047,0.195159,0.211925
2686,0.205606,0.231048,0.199499,0.194499,0.232544,0.210795,0.264501,0.227514,0.229047,0.195159,0.211925
2687,0.205606,0.231048,0.199499,0.194499,0.232544,0.210795,0.264501,0.227514,0.228553,0.195159,0.211925
2688,0.205606,0.231048,0.199499,0.194499,0.232544,0.210795,0.264501,0.226124,0.228553,0.195159,0.211925
2689,0.205606,0.231048,0.199499,0.194499,0.230172,0.210795,0.264501,0.226124,0.228553,0.195159,0.211925
2690,0.205606,0.231048,0.199499,0.194499,0.230172,0.210795,0.264501,0.226124,0.228553,0.195159,0.211197
2691,0.205606,0.230546,0.199499,0.194499,0.230172,0.210795,0.264501,0.226124,0.228553,0.195159,0.211197
2692,0.205606,0.230546,0.199499,0.193531,0.230172,0.210795,0.264501,0.226124,0.228553,0.195159,0.211197
2693,0.205606,0.230546,0.199499,0.193531,0.230172,0.210795,0.264501,0.226124,0.228553,0.194056,0.211197
2694,0.203753,0.230546,0.199499,0.193531,0.230172,0.210795,0.264501,0.226124,0.228553,0.194056,0.211197
2695,0.203753,0.230546,0.199499,0.193531,0.230172,0.211691,0.264501,0.226124,0.228553,0.194056,0.211197
2696,0.203753,0.230546,0.199499,0.193531,0.230172,0.210763,0.264501,0.226124,0.228553,0.194056,0.211197
2697,0.203753,0.230546,0.198158,0.193531,0.230172,0.210763,0.264501,0.226124,0.228553,0.194056,0.211197
2698,0.203753,0.230546,0.198158,0.193531,0.230172,0.210763,0.264501,0.226124,0.228264,0.194056,0.211197
2699,0.203753,0.23043,0.198158,0.193531,0.230172,0.210763,0.264501,0.226124,0.228264,0.194056,0.211197
2700,0.203753,0.23043,0.198158,0.193531,0.230172,0.210763,0.264501,0.226124,0.228264,0.194056,0.213556
2701,0.203753,0.23043,0.198158,0.193531,0.230172,0.210763,0.264501,0.226124,0.228264,0.194056,0.214825
2702,0.203753,0.23043,0.198158,0.193531,0.230172,0.210763,0.264501,0.226124,0.228264,0.194056,0.215223
2703,0.203753,0.23043,0.198158,0.193531,0.230172,0.210763,0.264501,0.226124,0.228264,0.194056,0.214893
2704,0.203753,0.23043,0.198158,0.193531,0.230172,0.210763,0.264501,0.226124,0.228264,0.194056,0.217465
2705,0.203753,0.23043,0.198158,0.193531,0.230172,0.210763,0.264501,0.226124,0.228264,0.194056,0.21549
2706,0.203753,0.23043,0.198158,0.193531,0.230172,0.210763,0.264501,0.226124,0.228264,0.194056,0.214573
2707,0.203753,0.23043,0.198158,0.193531,0.230172,0.210763,0.264501,0.226124,0.227671,0.194056,0.214573
2708,0.203753,0.229567,0.198158,0.193531,0.230172,0.210763,0.264501,0.226124,0.227671,0.194056,0.214573
2709,0.203753,0.229567,0.198158,0.193531,0.230172,0.210763,0.264501,0.225247,0.227671,0.194056,0.214573
2710,0.203753,0.229567,0.198158,0.193531,0.230172,0.210206,0.264501,0.225247,0.227671,0.194056,0.214573
2711,0.203753,0.229567,0.198158,0.194067,0.230172,0.210206,0.264501,0.225247,0.227671,0.194056,0.214573
2712,0.203753,0.229567,0.198158,0.194067,0.230172,0.210206,0.264501,0.225247,0.227671,0.194056,0.213664
2713,0.203753,0.229567,0.198158,0.196202,0.230172,0.210206,0.264501,0.225247,0.227671,0.194056,0.213664
2714,0.203753,0.229567,0.198158,0.19609,0.230172,0.210206,0.264501,0.225247,0.227671,0.194056,0.213664
2715,0.203753,0.229567,0.198158,0.19843,0.230172,0.210206,0.264501,0.225247,0.227671,0.194056,0.213664
2716,0.203753,0.229567,0.198158,0.200279,0.230172,0.210206,0.264501,0.225247,0.227671,0.194056,0.213664
2717,0.203753,0.229567,0.198158,0.203007,0.230172,0.210206,0.264501,0.225247,0.227671,0.194056,0.213664
2718,0.203753,0.229567,0.198158,0.202031,0.230172,0.210206,0.264501,0.225247,0.227671,0.194056,0.213664
2719,0.203753,0.229567,0.198158,0.201181,0.230172,0.210206,0.264501,0.225247,0.227671,0.194056,0.213664
2720,0.203753,0.229567,0.198158,0.199826,0.230172,0.210206,0.264501,0.225247,0.227671,0.194056,0.213664
2721,0.203753,0.229567,0.198158,0.19945,0.230172,0.210206,0.264501,0.225247,0.227671,0.194056,0.213664
2722,0.203753,0.229567,0.198158,0.19945,0.230172,0.210206,0.264501,0.225247,0.227671,0.19338,0.213664
2723,0.203753,0.229567,0.198158,0.19945,0.230172,0.210206,0.264391,0.225247,0.227671,0.19338,0.213664
2724,0.203753,0.229567,0.198158,0.19945,0.230172,0.210206,0.265006,0.225247,0.227671,0.19338,0.213664
2725,0.203753,0.229567,0.198158,0.19945,0.230172,0.210206,0.264278,0.225247,0.227671,0.19338,0.213664
2726,0.203753,0.229567,0.198158,0.19945,0.230172,0.210206,0.264278,0.225247,0.226858,0.19338,0.213664
2727,0.203753,0.229567,0.19641,0.19945,0.230172,0.210206,0.264278,0.225247,0.226858,0.19338,0.213664
2728,0.203753,0.229567,0.19641,0.199628,0.230172,0.210206,0.264278,0.225247,0.226858,0.19338,0.213664
2729,0.206035,0.229567,0.19641,0.199628,0.230172,0.210206,0.264278,0.225247,0.226858,0.19338,0.213664
2730,0.205667,0.229567,0.19641,0.199628,0.230172,0.210206,0.264278,0.225247,0.226858,0.19338,0.213664
2731,0.204736,0.229567,0.19641,0.199628,0.230172,0.210206,0.264278,0.225247,0.226858,0.19338,0.213664
2732,0.204736,0.229567,0.19641,0.199628,0.228577,0.210206,0.264278,0.225247,0.226858,0.19338,0.213664
2733,0.204736,0.229567,0.19641,0.199628,0.228577,0.209292,0.264278,0.225247,0.226858,0.19338,0.213664
2734,0.204736,0.229131,0.19641,0.199628,0.228577,0.209292,0.264278,0.225247,0.226858,0.19338,0.213664
2735,0.204736,0.229131,0.19641,0.199628,0.228577,0.209292,0.264278,0.226685,0.226858,0.19338,0.213664
2736,0.204736,0.229131,0.19641,0.199628,0.228577,0.209292,0.264278,0.226189,0.226858,0.19338,0.213664
2737,0.204736,0.229131,0.19641,0.199628,0.228577,0.209292,0.264278,0.225174,0.226858,0.19338,0.213664
2738,0.204736,0.229131,0.19641,0.200424,0.228577,0.209292,0.264278,0.225174,0.226858,0.19338,0.213664
2739,0.204736,0.229131,0.19641,0.199488,0.228577,0.209292,0.264278,0.225174,0.226858,0.19338,0.213664
2740,0.204736,0.229131,0.19641,0.199488,0.228577,0.209292,0.263456,0.225174,0.226858,0.19338,0.213664
2741,0.204736,0.229131,0.19641,0.199488,0.228577,0.209292,0.263456,0.225174,0.226858,0.19338,0.212589
2742,0.204736,0.229131,0.19641,0.199488,0.228577,0.209292,0.263456,0.225174,0.226858,0.192492,0.212589
2743,0.204425,0.229131,0.19641,0.199488,0.228577,0.209292,0.263456,0.225174,0.226858,0.192492,0.212589
2744,0.204425,0.229131,0.19641,0.199488,0.228577,0.209292,0.263456,0.225174,0.224848,0.192492,0.212589
2745,0.204425,0.231639,0.19641,0.199488,0.228577,0.209292,0.263456,0.225174,0.224848,0.192492,0.212589
2746,0.204425,0.23106,0.19641,0.199488,0.228577,0.209292,0.263456,0.225174,0.224848,0.192492,0.212589
2747,0.204425,0.233422,0.19641,0.199488,0.228577,0.209292,0.263456,0.225174,0.224848,0.192492,0.212589
2748,0.204425,0.234612,0.19641,0.199488,0.228577,0.209292,0.263456,0.225174,0.224848,0.192492,0.212589
2749,0.204425,0.235751,0.19641,0.199488,0.228577,0.209292,0.263456,0.225174,0.224848,0.192492,0.212589
2750,0.204425,0.235875,0.19641,0.199488,0.228577,0.209292,0.263456,0.225174,0.224848,0.192492,0.212589
2751,0.204425,0.236219,0.19641,0.199488,0.228577,0.209292,0.263456,0.225174,0.224848,0.192492,0.212589
2752,0.204425,0.23476,0.19641,0.199488,0.228577,0.209292,0.263456,0.225174,0.224848,0.192492,0.212589
2753,0.204425,0.23444,0.19641,0.199488,0.228577,0.209292,0.263456,0.225174,0.224848,0.192492,0.212589
2754,0.204425,0.234274,0.19641,0.199488,0.228577,0.209292,0.263456,0.225174,0.224848,0.192492,0.212589
2755,0.204425,0.233466,0.19641,0.199488,0.228577,0.209292,0.263456,0.225174,0.224848,0.192492,0.212589
2756,0.204425,0.233466,0.19641,0.199488,0.228577,0.209292,0.261635,0.225174,0.224848,0.192492,0.212589
2757,0.204425,0.233523,0.19641,0.199488,0.228577,0.209292,0.261635,0.225174,0.224848,0.192492,0.212589
2758,0.204425,0.233523,0.19641,0.199488,0.228577,0.208603,0.261635,0.225174,0.224848,0.192492,0.212589
2759,0.204425,0.233523,0.19641,0.202537,0.228577,0.208603,0.261635,0.225174,0.224848,0.192492,0.212589
2760,0.204425,0.233523,0.19641,0.203794,0.228577,0.208603,0.261635,0.225174,0.224848,0.192492,0.212589
2761,0.204425,0.233523,0.19641,0.202855,0.228577,0.208603,0.261635,0.225174,0.224848,0.192492,0.212589
2762,0.204425,0.233523,0.19641,0.202887,0.228577,0.208603,0.261635,0.225174,0.224848,0.192492,0.212589
2763,0.204425,0.233523,0.19641,0.201841,0.228577,0.208603,0.261635,0.225174,0.224848,0.192492,0.212589
2764,0.203509,0.233523,0.19641,0.201841,0.228577,0.208603,0.261635,0.225174,0.224848,0.192492,0.212589
2765,0.203509,0.233523,0.19641,0.201841,0.228577,0.208603,0.261635,0.224314,0.224848,0.192492,0.212589
2766,0.203509,0.23309,0.19641,0.201841,0.228577,0.208603,0.261635,0.224314,0.224848,0.192492,0.212589
2767,0.203509,0.23309,0.19641,0.201841,0.227888,0.208603,0.261635,0.224314,0.224848,0.192492,0.212589
2768,0.203509,0.23309,0.19641,0.201841,0.227888,0.208603,0.261635,0.224314,0.224848,0.19793,0.212589
2769,0.203509,0.23309,0.19641,0.201841,0.227888,0.208603,0.261635,0.224314,0.224848,0.194158,0.212589
2770,0.203509,0.23309,0.19641,0.201841,0.227888,0.208603,0.261635,0.224314,0.224848,0.194571,0.212589
2771,0.203509,0.23309,0.19641,0.201841,0.227888,0.208603,0.261635,0.224314,0.224848,0.195415,0.212589
2772,0.203509,0.23309,0.19641,0.201841,0.227888,0.208603,0.261635,0.224314,0.224848,0.194503,0.212589
2773,0.203509,0.23309,0.19641,0.201841,0.227888,0.208603,0.261635,0.224314,0.224848,0.194503,0.211768
2774,0.203509,0.23309,0.197019,0.201841,0.227888,0.208603,0.261635,0.224314,0.224848,0.194503,0.211768
2775,0.203509,0.23309,0.199622,0.201841,0.227888,0.208603,0.261635,0.224314,0.224848,0.194503,0.211768
2776,0.203509,0.23309,0.198685,0.201841,0.227888,0.208603,0.261635,0.224314,0.224848,0.194503,0.211768
2777,0.203509,0.23309,0.199293,0.201841,0.227888,0.208603,0.261635,0.224314,0.224848,0.194503,0.211768
2778,0.203509,0.23309,0.198662,0.201841,0.227888,0.208603,0.261635,0.224314,0.224848,0.194503,0.211768
2779,0.203509,0.23309,0.198662,0.202857,0.227888,0.208603,0.261635,0.224314,0.224848,0.194503,0.211768
2780,0.203509,0.23309,0.198662,0.204825,0.227888,0.208603,0.261635,0.224314,0.224848,0.194503,0.211768
2781,0.203509,0.23309,0.198662,0.204653,0.227888,0.208603,0.261635,0.224314,0.224848,0.194503,0.211768
2782,0.203509,0.23309,0.198662,0.202549,0.227888,0.208603,0.261635,0.224314,0.224848,0.194503,0.211768
2783,0.203509,0.234464,0.198662,0.202549,0.227888,0.208603,0.261635,0.224314,0.224848,0.194503,0.211768
2784,0.203509,0.233635,0.198662,0.202549,0.227888,0.208603,0.261635,0.224314,0.224848,0.194503,0.211768
2785,0.203509,0.233635,0.198662,0.202549,0.227888,0.208546,0.261635,0.224314,0.224848,0.194503,0.211768
2786,0.203509,0.236077,0.198662,0.202549,0.227888,0.208546,0.261635,0.224314,0.224848,0.194503,0.211768
2787,0.203509,0.239026,0.198662,0.202549,0.227888,0.208546,0.261635,0.224314,0.224848,0.194503,0.211768
2788,0.203509,0.23819,0.198662,0.202549,0.227888,0.208546,0.261635,0.224314,0.224848,0.194503,0.211768
2789,0.203509,0.237408,0.198662,0.202549,0.227888,0.208546,0.261635,0.224314,0.224848,0.194503,0.211768
2790,0.203509,0.239782,0.198662,0.202549,0.227888,0.208546,0.261635,0.224314,0.224848,0.194503,0.211768
2791,0.203509,0.237368,0.198662,0.202549,0.227888,0.208546,0.261635,0.224314,0.224848,0.194503,0.211768
2792,0.203509,0.236566,0.198662,0.202549,0.227888,0.208546,0.261635,0.224314,0.224848,0.194503,0.211768
2793,0.203509,0.235753,0.198662,0.202549,0.227888,0.208546,0.261635,0.224314,0.224848,0.194503,0.211768
2794,0.203509,0.235753,0.198662,0.202549,0.227888,0.208546,0.261635,0.226108,0.224848,0.194503,0.211768
2795,0.203509,0.235753,0.198662,0.202549,0.227888,0.208546,0.261635,0.226557,0.224848,0.194503,0.211768
2796,0.203509,0.235753,0.198662,0.202549,0.227888,0.208546,0.261635,0.227072,0.224848,0.194503,0.211768
2797,0.203509,0.235753,0.198662,0.202549,0.227888,0.208546,0.261635,0.225189,0.224848,0.194503,0.211768
2798,0.203509,0.235753,0.199141,0.202549,0.227888,0.208546,0.261635,0.225189,0.224848,0.194503,0.211768
2799,0.203509,0.235753,0.199141,0.202549,0.227083,0.208546,0.261635,0.225189,0.224848,0.194503,0.211768
2800,0.204251,0.235753,0.199141,0.202549,0.227083,0.208546,0.261635,0.225189,0.224848,0.194503,0.211768
2801,0.207129,0.235753,0.199141,0.202549,0.227083,0.208546,0.261635,0.225189,0.224848,0.194503,0.211768
2802,0.206213,0.235753,0.199141,0.202549,0.227083,0.208546,0.261635,0.225189,0.224848,0.194503,0.211768
2803,0.205304,0.235753,0.199141,0.202549,0.227083,0.208546,0.261635,0.225189,0.224848,0.194503,0.211768
2804,0.205304,0.235753,0.201848,0.202549,0.227083,0.208546,0.261635,0.225189,0.224848,0.194503,0.211768
2805,0.205304,0.235753,0.200923,0.202549,0.227083,0.208546,0.261635,0.225189,0.224848,0.194503,0.211768
2806,0.205304,0.235753,0.202352,0.202549,0.227083,0.208546,0.261635,0.225189,0.224848,0.194503,0.211768
2807,0.205304,0.235753,0.206676,0.202549,0.227083,0.208546,0.261635,0.225189,0.224848,0.194503,0.211768
2808,0.205304,0.235753,0.204647,0.202549,0.227083,0.208546,0.261635,0.225189,0.224848,0.194503,0.211768
2809,0.205304,0.235753,0.204012,0.202549,0.227083,0.208546,0.261635,0.225189,0.224848,0.194503,0.211768
2810,0.205304,0.235753,0.203153,0.202549,0.227083,0.208546,0.261635,0.225189,0.224848,0.194503,0.211768
2811,0.205304,0.235753,0.203153,0.202549,0.227083,0.208794,0.261635,0.225189,0.224848,0.194503,0.211768
2812,0.205304,0.235753,0.203153,0.202549,0.227083,0.208794,0.261635,0.225189,0.224848,0.193597,0.211768
2813,0.205304,0.235753,0.203153,0.202549,0.227083,0.208794,0.261635,0.225189,0.224198,0.193597,0.211768
2814,0.205304,0.235753,0.203153,0.202549,0.227083,0.208794,0.261635,0.225189,0.224198,0.193597,0.213891
2815,0.205304,0.235753,0.203153,0.202549,0.227083,0.208794,0.261635,0.225189,0.224198,0.193597,0.213285
2816,0.205304,0.235753,0.203153,0.202549,0.227083,0.208794,0.261635,0.225189,0.224198,0.193597,0.2124
2817,0.205304,0.235753,0.203555,0.202549,0.227083,0.208794,0.261635,0.225189,0.224198,0.193597,0.2124
2818,0.205304,0.235753,0.203555,0.202549,0.227083,0.208794,0.259881,0.225189,0.224198,0.193597,0.2124
2819,0.205304,0.235753,0.203555,0.202549,0.227083,0.212905,0.259881,0.225189,0.224198,0.193597,0.2124
2820,0.205304,0.235753,0.203555,0.202549,0.227083,0.209822,0.259881,0.225189,0.224198,0.193597,0.2124
2821,0.205304,0.235753,0.201819,0.202549,0.227083,0.209822,0.259881,0.225189,0.224198,0.193597,0.2124
2822,0.205349,0.235753,0.201819,0.202549,0.227083,0.209822,0.259881,0.225189,0.224198,0.193597,0.2124
2823,0.205349,0.235753,0.201819,0.202549,0.227083,0.208685,0.259881,0.225189,0.224198,0.193597,0.2124
2824,0.205349,0.235753,0.201819,0.202549,0.227083,0.208685,0.259881,0.227505,0.224198,0.193597,0.2124
2825,0.205349,0.235753,0.201819,0.202549,0.227083,0.208685,0.259881,0.227091,0.224198,0.193597,0.2124
2826,0.205349,0.235753,0.201819,0.202549,0.227083,0.208685,0.259881,0.226632,0.224198,0.193597,0.2124
2827,0.205349,0.235753,0.201819,0.202549,0.227083,0.208685,0.259881,0.225793,0.224198,0.193597,0.2124
2828,0.205349,0.235753,0.201819,0.201276,0.227083,0.208685,0.259881,0.225793,0.224198,0.193597,0.2124
2829,0.205349,0.235955,0.201819,0.201276,0.227083,0.208685,0.259881,0.225793,0.224198,0.193597,0.2124
2830,0.204452,0.235955,0.201819,0.201276,0.227083,0.208685,0.259881,0.225793,0.224198,0.193597,0.2124
2831,0.204452,0.234891,0.201819,0.201276,0.227083,0.208685,0.259881,0.225793,0.224198,0.193597,0.2124
2832,0.204452,0.234891,0.201819,0.201276,0.227354,0.208685,0.259881,0.225793,0.224198,0.193597,0.2124
2833,0.204452,0.234891,0.201819,0.201276,0.227354,0.208685,0.259881,0.225793,0.224198,0.193597,0.210701
2834,0.204452,0.234891,0.201819,0.201276,0.227354,0.208685,0.259881,0.225793,0.223356,0.193597,0.210701
2835,0.204452,0.234891,0.201819,0.201276,0.22939,0.208685,0.259881,0.225793,0.223356,0.193597,0.210701
2836,0.204452,0.234891,0.201819,0.201276,0.228553,0.208685,0.259881,0.225793,0.223356,0.193597,0.210701
2837,0.204452,0.234891,0.201819,0.201276,0.229792,0.208685,0.259881,0.225793,0.223356,0.193597,0.210701
2838,0.204452,0.234891,0.201819,0.201276,0.22896,0.208685,0.259881,0.225793,0.223356,0.193597,0.210701
2839,0.204452,0.234891,0.201819,0.201276,0.228196,0.208685,0.259881,0.225793,0.223356,0.193597,0.210701
2840,0.204452,0.234891,0.201819,0.201276,0.228196,0.208685,0.259881,0.225793,0.223356,0.193226,0.210701
2841,0.204452,0.234891,0.201819,0.201276,0.228196,0.208685,0.259881,0.225041,0.223356,0.193226,0.210701
2842,0.204452,0.234891,0.201819,0.201276,0.228196,0.208573,0.259881,0.225041,0.223356,0.193226,0.210701
2843,0.204452,0.234891,0.201819,0.201276,0.228196,0.208573,0.258253,0.225041,0.223356,0.193226,0.210701
2844,0.205652,0.234891,0.201819,0.201276,0.228196,0.208573,0.258253,0.225041,0.223356,0.193226,0.210701
2845,0.207087,0.234891,0.201819,0.201276,0.228196,0.208573,0.258253,0.225041,0.223356,0.193226,0.210701
2846,0.20631,0.234891,0.201819,0.201276,0.228196,0.208573,0.258253,0.225041,0.223356,0.193226,0.210701
2847,0.205219,0.234891,0.201819,0.201276,0.228196,0.208573,0.258253,0.225041,0.223356,0.193226,0.210701
2848,0.205219,0.234891,0.201819,0.201276,0.228196,0.208573,0.258253,0.225041,0.225104,0.193226,0.210701
2849,0.205219,0.234891,0.201819,0.201276,0.228196,0.208573,0.258253,0.225041,0.221179,0.193226,0.210701
2850,0.205219,0.235227,0.201819,0.201276,0.228196,0.208573,0.258253,0.225041,0.221179,0.193226,0.210701
2851,0.205219,0.235227,0.201819,0.201276,0.229952,0.208573,0.258253,0.225041,0.221179,0.193226,0.210701
2852,0.205219,0.235227,0.201819,0.201276,0.229654,0.208573,0.258253,0.225041,0.221179,0.193226,0.210701
2853,0.205219,0.235227,0.201819,0.201276,0.22926,0.208573,0.258253,0.225041,0.221179,0.193226,0.210701
2854,0.205219,0.235299,0.201819,0.201276,0.22926,0.208573,0.258253,0.225041,0.221179,0.193226,0.210701
2855,0.205219,0.235299,0.201819,0.201276,0.22926,0.208573,0.258253,0.225041,0.221179,0.191738,0.210701
2856,0.205219,0.235299,0.201819,0.20212,0.22926,0.208573,0.258253,0.225041,0.221179,0.191738,0.210701
2857,0.205219,0.235299,0.201819,0.200911,0.22926,0.208573,0.258253,0.225041,0.221179,0.191738,0.210701
2858,0.205219,0.235299,0.200926,0.200911,0.22926,0.208573,0.258253,0.225041,0.221179,0.191738,0.210701
2859,0.205219,0.235299,0.200926,0.200911,0.22926,0.210592,0.258253,0.225041,0.221179,0.191738,0.210701
2860,0.205219,0.235299,0.200926,0.200911,0.22926,0.209805,0.258253,0.225041,0.221179,0.191738,0.210701
2861,0.205219,0.235299,0.200926,0.200911,0.22926,0.209513,0.258253,0.225041,0.221179,0.191738,0.210701
2862,0.205219,0.235299,0.200926,0.200911,0.228385,0.209513,0.258253,0.225041,0.221179,0.191738,0.210701
2863,0.205219,0.234504,0.200926,0.200911,0.228385,0.209513,0.258253,0.225041,0.221179,0.191738,0.210701
2864,0.205219,0.234504,0.200926,0.200911,0.228385,0.209513,0.258253,0.224214,0.221179,0.191738,0.210701
2865,0.205219,0.234504,0.200926,0.200911,0.228385,0.209513,0.258253,0.224214,0.221179,0.191738,0.21038
2866,0.205219,0.234504,0.200926,0.200911,0.228385,0.209454,0.258253,0.224214,0.221179,0.191738,0.21038
2867,0.207011,0.234504,0.200926,0.200911,0.228385,0.209454,0.258253,0.224214,0.221179,0.191738,0.21038
2868,0.207787,0.234504,0.200926,0.200911,0.228385,0.209454,0.258253,0.224214,0.221179,0.191738,0.21038
2869,0.207038,0.234504,0.200926,0.200911,0.228385,0.209454,0.258253,0.224214,0.221179,0.191738,0.21038
2870,0.206164,0.234504,0.200926,0.200911,0.228385,0.209454,0.258253,0.224214,0.221179,0.191738,0.21038
2871,0.206164,0.234504,0.200926,0.200911,0.228385,0.208796,0.258253,0.224214,0.221179,0.191738,0.21038
2872,0.206164,0.236734,0.200926,0.200911,0.228385,0.208796,0.258253,0.224214,0.221179,0.191738,0.21038
2873,0.206164,0.241073,0.200926,0.200911,0.228385,0.208796,0.258253,0.224214,0.221179,0.191738,0.21038
2874,0.206164,0.240556,0.200926,0.200911,0.228385,0.208796,0.258253,0.224214,0.221179,0.191738,0.21038
2875,0.206164,0.23984,0.200926,0.200911,0.228385,0.208796,0.258253,0.224214,0.221179,0.191738,0.21038
2876,0.206164,0.238997,0.200926,0.200911,0.228385,0.208796,0.258253,0.224214,0.221179,0.191738,0.21038
2877,0.206164,0.238261,0.200926,0.200911,0.228385,0.208796,0.258253,0.224214,0.221179,0.191738,0.21038
2878,0.206164,0.237475,0.200926,0.200911,0.228385,0.208796,0.258253,0.224214,0.221179,0.191738,0.21038
2879,0.206164,0.236693,0.200926,0.200911,0.228385,0.208796,0.258253,0.224214,0.221179,0.191738,0.21038
2880,0.206164,0.236693,0.200926,0.200911,0.227658,0.208796,0.258253,0.224214,0.221179,0.191738,0.21038
2881,0.206164,0.236693,0.20004,0.200911,0.227658,0.208796,0.258253,0.224214,0.221179,0.191738,0.21038
2882,0.206164,0.236693,0.20004,0.200911,0.227658,0.208796,0.258253,0.224214,0.221179,0.191738,0.211048
2883,0.206164,0.236693,0.20004,0.200911,0.227658,0.208796,0.258253,0.224214,0.221179,0.191738,0.210741
2884,0.206164,0.236693,0.20004,0.200043,0.227658,0.208796,0.258253,0.224214,0.221179,0.191738,0.210741
2885,0.206164,0.236693,0.20004,0.200043,0.227658,0.208796,0.259411,0.224214,0.221179,0.191738,0.210741
2886,0.206164,0.236693,0.20004,0.200043,0.227658,0.208796,0.259273,0.224214,0.221179,0.191738,0.210741
2887,0.206164,0.236693,0.20004,0.200043,0.227658,0.208796,0.259738,0.224214,0.221179,0.191738,0.210741
2888,0.206164,0.236693,0.20004,0.200043,0.227658,0.208796,0.259607,0.224214,0.221179,0.191738,0.210741
2889,0.206164,0.236693,0.20004,0.200043,0.227658,0.208796,0.259499,0.224214,0.221179,0.191738,0.210741
2890,0.206164,0.236693,0.20004,0.200043,0.227658,0.208796,0.259499,0.224734,0.221179,0.191738,0.210741
2891,0.206164,0.236693,0.20004,0.200043,0.227658,0.208796,0.259499,0.225961,0.221179,0.191738,0.210741
2892,0.206164,0.236693,0.20004,0.200043,0.227658,0.208796,0.259499,0.225139,0.221179,0.191738,0.210741
2893,0.206164,0.236693,0.20004,0.200043,0.227658,0.208796,0.262081,0.225139,0.221179,0.191738,0.210741
2894,0.206164,0.236693,0.20004,0.200043,0.227658,0.208796,0.26305,0.225139,0.221179,0.191738,0.210741
2895,0.206164,0.236693,0.20004,0.200043,0.227658,0.208796,0.261866,0.225139,0.221179,0.191738,0.210741
2896,0.206164,0.236693,0.20004,0.200043,0.227658,0.208796,0.260193,0.225139,0.221179,0.191738,0.210741
2897,0.206164,0.236693,0.20004,0.200043,0.227658,0.208796,0.260193,0.225139,0.221179,0.196863,0.210741
2898,0.206164,0.236693,0.20004,0.200043,0.227658,0.208796,0.260193,0.225139,0.221179,0.197864,0.210741
2899,0.206164,0.236693,0.20004,0.200043,0.227658,0.208796,0.260193,0.225139,0.221179,0.196944,0.210741
2900,0.206164,0.236693,0.20004,0.200043,0.227658,0.208796,0.260193,0.225139,0.221179,0.195986,0.210741
2901,0.206164,0.236693,0.20004,0.200043,0.227658,0.208796,0.260193,0.225139,0.221179,0.195433,0.210741
2902,0.206164,0.236693,0.20004,0.200043,0.227658,0.208796,0.260193,0.225139,0.221179,0.194592,0.210741
2903,0.206164,0.236693,0.20004,0.200043,0.227658,0.208796,0.260193,0.224578,0.221179,0.194592,0.210741
2904,0.206164,0.236693,0.20004,0.200043,0.227658,0.208796,0.260193,0.224578,0.221179,0.194592,0.213539
2905,0.206164,0.236693,0.20004,0.200043,0.227658,0.208796,0.260193,0.224578,0.221179,0.194592,0.212039
2906,0.206164,0.236693,0.20004,0.200043,0.227658,0.208796,0.260193,0.224578,0.221179,0.194592,0.210611
2907,0.206164,0.236693,0.20004,0.200043,0.227658,0.208796,0.260306,0.224578,0.221179,0.194592,0.210611
2908,0.206164,0.241293,0.20004,0.200043,0.227658,0.208796,0.260306,0.224578,0.221179,0.194592,0.210611
2909,0.206164,0.242718,0.20004,0.200043,0.227658,0.208796,0.260306,0.224578,0.221179,0.194592,0.210611
2910,0.206164,0.241934,0.20004,0.200043,0.227658,0.208796,0.260306,0.224578,0.221179,0.194592,0.210611
2911,0.206164,0.242038,0.20004,0.200043,0.227658,0.208796,0.260306,0.224578,0.221179,0.194592,0.210611
2912,0.206164,0.242263,0.20004,0.200043,0.227658,0.208796,0.260306,0.224578,0.221179,0.194592,0.210611
2913,0.206164,0.24176,0.20004,0.200043,0.227658,0.208796,0.260306,0.224578,0.221179,0.194592,0.210611
2914,0.206164,0.241336,0.20004,0.200043,0.227658,0.208796,0.260306,0.224578,0.221179,0.194592,0.210611
2915,0.206164,0.240772,0.20004,0.200043,0.227658,0.208796,0.260306,0.224578,0.221179,0.194592,0.210611
2916,0.206164,0.239744,0.20004,0.200043,0.227658,0.208796,0.260306,0.224578,0.221179,0.194592,0.210611
2917,0.206164,0.239744,0.20004,0.200043,0.227658,0.208796,0.259127,0.224578,0.221179,0.194592,0.210611
2918,0.205146,0.239744,0.20004,0.200043,0.227658,0.208796,0.259127,0.224578,0.221179,0.194592,0.210611
2919,0.205146,0.239744,0.20004,0.200043,0.227658,0.210782,0.259127,0.224578,0.221179,0.194592,0.210611
2920,0.205146,0.239744,0.20004,0.200043,0.227658,0.210421,0.259127,0.224578,0.221179,0.194592,0.210611
2921,0.205146,0.239744,0.20004,0.200043,0.227658,0.211918,0.259127,0.224578,0.221179,0.194592,0.210611
2922,0.205146,0.239744,0.20004,0.200043,0.227658,0.213169,0.259127,0.224578,0.221179,0.194592,0.210611
2923,0.205146,0.239744,0.20004,0.200043,0.227658,0.211673,0.259127,0.224578,0.221179,0.194592,0.210611
2924,0.205146,0.239744,0.20004,0.200043,0.227658,0.211377,0.259127,0.224578,0.221179,0.194592,0.210611
2925,0.205146,0.239744,0.20004,0.200043,0.228022,0.211377,0.259127,0.224578,0.221179,0.194592,0.210611
2926,0.205146,0.238981,0.20004,0.200043,0.228022,0.211377,0.259127,0.224578,0.221179,0.194592,0.210611
2927,0.205146,0.238981,0.20004,0.200043,0.23019,0.211377,0.259127,0.224578,0.221179,0.194592,0.210611
2928,0.205146,0.238981,0.20004,0.200043,0.232208,0.211377,0.259127,0.224578,0.221179,0.194592,0.210611
2929,0.205146,0.238981,0.20004,0.200043,0.231522,0.211377,0.259127,0.224578,0.221179,0.194592,0.210611
2930,0.205146,0.238981,0.20004,0.200043,0.230881,0.211377,0.259127,0.224578,0.221179,0.194592,0.210611
2931,0.205146,0.238981,0.20004,0.200043,0.230788,0.211377,0.259127,0.224578,0.221179,0.194592,0.210611
2932,0.205146,0.238981,0.20004,0.200043,0.229989,0.211377,0.259127,0.224578,0.221179,0.194592,0.210611
2933,0.205146,0.238981,0.20004,0.200043,0.229989,0.211377,0.259127,0.224578,0.222357,0.194592,0.210611
2934,0.205146,0.238981,0.20004,0.200043,0.229989,0.211377,0.259127,0.224578,0.221534,0.194592,0.210611
2935,0.205146,0.238981,0.20004,0.205339,0.229989,0.211377,0.259127,0.224578,0.221534,0.194592,0.210611
2936,0.205146,0.238981,0.20004,0.206571,0.229989,0.211377,0.259127,0.224578,0.221534,0.194592,0.210611
2937,0.205146,0.238981,0.20004,0.205888,0.229989,0.211377,0.259127,0.224578,0.221534,0.194592,0.210611
2938,0.205146,0.238981,0.20004,0.204997,0.229989,0.211377,0.259127,0.224578,0.221534,0.194592,0.210611
2939,0.205146,0.238981,0.20004,0.202661,0.229989,0.211377,0.259127,0.224578,0.221534,0.194592,0.210611
2940,0.205146,0.238981,0.201942,0.202661,0.229989,0.211377,0.259127,0.224578,0.221534,0.194592,0.210611
2941,0.205146,0.238981,0.201362,0.202661,0.229989,0.211377,0.259127,0.224578,0.221534,0.194592,0.210611
2942,0.205146,0.238981,0.200473,0.202661,0.229989,0.211377,0.259127,0.224578,0.221534,0.194592,0.210611
2943,0.205146,0.238981,0.200473,0.202661,0.229989,0.211377,0.259127,0.224578,0.221534,0.195041,0.210611
2944,0.205146,0.238981,0.200473,0.202661,0.229989,0.213246,0.259127,0.224578,0.221534,0.195041,0.210611
2945,0.205146,0.238981,0.200473,0.202661,0.229989,0.216977,0.259127,0.224578,0.221534,0.195041,0.210611
2946,0.205146,0.238981,0.200473,0.202661,0.229989,0.217003,0.259127,0.224578,0.221534,0.195041,0.210611
2947,0.205146,0.238981,0.200473,0.202661,0.229989,0.216142,0.259127,0.224578,0.221534,0.195041,0.210611
2948,0.205146,0.238981,0.200473,0.202661,0.229989,0.21862,0.259127,0.224578,0.221534,0.195041,0.210611
2949,0.205146,0.238981,0.200473,0.202661,0.229989,0.217831,0.259127,0.224578,0.221534,0.195041,0.210611
2950,0.205146,0.238981,0.200473,0.202661,0.229989,0.216977,0.259127,0.224578,0.221534,0.195041,0.210611
2951,0.205146,0.238981,0.200473,0.202661,0.229989,0.217291,0.259127,0.224578,0.221534,0.195041,0.210611
2952,0.205146,0.238981,0.200473,0.202661,0.229989,0.217118,0.259127,0.224578,0.221534,0.195041,0.210611
2953,0.205146,0.238981,0.200473,0.202661,0.229989,0.218747,0.259127,0.224578,0.221534,0.195041,0.210611
2954,0.205146,0.238981,0.200473,0.202661,0.229989,0.219406,0.259127,0.224578,0.221534,0.195041,0.210611
2955,0.205146,0.238981,0.200473,0.202661,0.229989,0.221646,0.259127,0.224578,0.221534,0.195041,0.210611
2956,0.205146,0.238981,0.200473,0.202661,0.229989,0.219918,0.259127,0.224578,0.221534,0.195041,0.210611
2957,0.205146,0.238981,0.200473,0.202661,0.229989,0.219104,0.259127,0.224578,0.221534,0.195041,0.210611
2958,0.205146,0.238981,0.200473,0.202661,0.229989,0.218271,0.259127,0.224578,0.221534,0.195041,0.210611
2959,0.205146,0.238981,0.200473,0.202661,0.229989,0.218271,0.259127,0.224309,0.221534,0.195041,0.210611
2960,0.205146,0.238981,0.200473,0.202661,0.229989,0.218271,0.259127,0.224309,0.221534,0.193966,0.210611
2961,0.205146,0.238981,0.200473,0.202661,0.229582,0.218271,0.259127,0.224309,0.221534,0.193966,0.210611
2962,0.205146,0.238981,0.200473,0.206197,0.229582,0.218271,0.259127,0.224309,0.221534,0.193966,0.210611
2963,0.205146,0.238981,0.200473,0.205321,0.229582,0.218271,0.259127,0.224309,0.221534,0.193966,0.210611
2964,0.205146,0.238981,0.200473,0.210282,0.229582,0.218271,0.259127,0.224309,0.221534,0.193966,0.210611
2965,0.205146,0.238981,0.200473,0.213493,0.229582,0.218271,0.259127,0.224309,0.221534,0.193966,0.210611
2966,0.205146,0.238981,0.200473,0.212055,0.229582,0.218271,0.259127,0.224309,0.221534,0.193966,0.210611
2967,0.205146,0.238981,0.200473,0.211164,0.229582,0.218271,0.259127,0.224309,0.221534,0.193966,0.210611
2968,0.205146,0.238981,0.200473,0.210347,0.229582,0.218271,0.259127,0.224309,0.221534,0.193966,0.210611
2969,0.205146,0.238981,0.200473,0.211312,0.229582,0.218271,0.259127,0.224309,0.221534,0.193966,0.210611
2970,0.205146,0.238981,0.200473,0.210066,0.229582,0.218271,0.259127,0.224309,0.221534,0.193966,0.210611
2971,0.205146,0.238981,0.200473,0.211144,0.229582,0.218271,0.259127,0.224309,0.221534,0.193966,0.210611
2972,0.205146,0.238981,0.200473,0.210275,0.229582,0.218271,0.259127,0.224309,0.221534,0.193966,0.210611
2973,0.205146,0.238981,0.200473,0.209413,0.229582,0.218271,0.259127,0.224309,0.221534,0.193966,0.210611
2974,0.205146,0.238981,0.200473,0.210124,0.229582,0.218271,0.259127,0.224309,0.221534,0.193966,0.210611
2975,0.205146,0.238981,0.200473,0.207823,0.229582,0.218271,0.259127,0.224309,0.221534,0.193966,0.210611
2976,0.205146,0.238981,0.200473,0.207823,0.229582,0.218271,0.259127,0.224309,0.224576,0.193966,0.210611
2977,0.205146,0.238981,0.200473,0.207823,0.229582,0.218271,0.259127,0.224309,0.223762,0.193966,0.210611
2978,0.205146,0.238981,0.200473,0.207823,0.229582,0.218271,0.259127,0.224309,0.222654,0.193966,0.210611
2979,0.205146,0.238981,0.200473,0.207823,0.229582,0.217567,0.259127,0.224309,0.222654,0.193966,0.210611
2980,0.205146,0.238981,0.200473,0.207823,0.229582,0.217567,0.259127,0.224309,0.221044,0.193966,0.210611
2981,0.205146,0.238222,0.200473,0.207823,0.229582,0.217567,0.259127,0.224309,0.221044,0.193966,0.210611
2982,0.205146,0.238222,0.200473,0.207823,0.229582,0.217567,0.259127,0.223085,0.221044,0.193966,0.210611
2983,0.205146,0.238222,0.200473,0.207823,0.229582,0.217567,0.259127,0.223085,0.221044,0.193966,0.209779
2984,0.205146,0.238222,0.200473,0.207823,0.229582,0.217567,0.260719,0.223085,0.221044,0.193966,0.209779
2985,0.205146,0.238222,0.200473,0.207823,0.229582,0.217567,0.25967,0.223085,0.221044,0.193966,0.209779
2986,0.205146,0.238222,0.200473,0.207823,0.229582,0.217567,0.259051,0.223085,0.221044,0.193966,0.209779
2987,0.205146,0.238222,0.200473,0.207823,0.228794,0.217567,0.259051,0.223085,0.221044,0.193966,0.209779
2988,0.204288,0.238222,0.200473,0.207823,0.228794,0.217567,0.259051,0.223085,0.221044,0.193966,0.209779
2989,0.204288,0.238222,0.199712,0.207823,0.228794,0.217567,0.259051,0.223085,0.221044,0.193966,0.209779
2990,0.204288,0.238222,0.199712,0.207823,0.228794,0.220308,0.259051,0.223085,0.221044,0.193966,0.209779
2991,0.204288,0.238222,0.199712,0.207823,0.228794,0.220123,0.259051,0.223085,0.221044,0.193966,0.209779
2992,0.204288,0.238222,0.199712,0.207823,0.228794,0.219319,0.259051,0.223085,0.221044,0.193966,0.209779
2993,0.204288,0.238222,0.199712,0.207823,0.228794,0.218501,0.259051,0.223085,0.221044,0.193966,0.209779
2994,0.204288,0.238222,0.199712,0.207823,0.228794,0.218501,0.259308,0.223085,0.221044,0.193966,0.209779
2995,0.204288,0.238222,0.199712,0.207823,0.228794,0.218501,0.258792,0.223085,0.221044,0.193966,0.209779
2996,0.204288,0.238222,0.199712,0.207823,0.228794,0.218501,0.258792,0.223085,0.221044,0.193089,0.209779
2997,0.204288,0.237647,0.199712,0.207823,0.228794,0.218501,0.258792,0.223085,0.221044,0.193089,0.209779
2998,0.204288,0.237647,0.199712,0.207823,0.228226,0.218501,0.258792,0.223085,0.221044,0.193089,0.209779
2999,0.204288,0.237647,0.199712,0.207823,0.228226,0.218501,0.258792,0.223085,0.221044,0.193089,0.211649
3000,0.204288,0.237647,0.199712,0.207823,0.228226,0.218501,0.258792,0.223085,0.221044,0.193089,0.213051
3001,0.204288,0.237647,0.199712,0.207823,0.228226,0.218501,0.258792,0.223085,0.221044,0.193089,0.211673
3002,0.204288,0.237647,0.199712,0.207823,0.228226,0.218501,0.258792,0.223085,0.221044,0.193089,0.210836
3003,0.205696,0.237647,0.199712,0.207823,0.228226,0.218501,0.258792,0.223085,0.221044,0.193089,0.210836
3004,0.204889,0.237647,0.199712,0.207823,0.228226,0.218501,0.258792,0.223085,0.221044,0.193089,0.210836
3005,0.204889,0.237647,0.199712,0.207823,0.228226,0.218501,0.258792,0.222277,0.221044,0.193089,0.210836
3006,0.204889,0.237647,0.201946,0.207823,0.228226,0.218501,0.258792,0.222277,0.221044,0.193089,0.210836
3007,0.204889,0.237647,0.206306,0.207823,0.228226,0.218501,0.258792,0.222277,0.221044,0.193089,0.210836
3008,0.204889,0.237647,0.205705,0.207823,0.228226,0.218501,0.258792,0.222277,0.221044,0.193089,0.210836
3009,0.204889,0.237647,0.205634,0.207823,0.228226,0.218501,0.258792,0.222277,0.221044,0.193089,0.210836
3010,0.204889,0.237647,0.205573,0.207823,0.228226,0.218501,0.258792,0.222277,0.221044,0.193089,0.210836
3011,0.204889,0.237647,0.210287,0.207823,0.228226,0.218501,0.258792,0.222277,0.221044,0.193089,0.210836
3012,0.204889,0.237647,0.209439,0.207823,0.228226,0.218501,0.258792,0.222277,0.221044,0.193089,0.210836
3013,0.204889,0.237647,0.208363,0.207823,0.228226,0.218501,0.258792,0.222277,0.221044,0.193089,0.210836
3014,0.204889,0.237647,0.207495,0.207823,0.228226,0.218501,0.258792,0.222277,0.221044,0.193089,0.210836
3015,0.204889,0.237647,0.207251,0.207823,0.228226,0.218501,0.258792,0.222277,0.221044,0.193089,0.210836
3016,0.204889,0.237647,0.207487,0.207823,0.228226,0.218501,0.258792,0.222277,0.221044,0.193089,0.210836
3017,0.204889,0.237647,0.207184,0.207823,0.228226,0.218501,0.258792,0.222277,0.221044,0.193089,0.210836
3018,0.204889,0.237647,0.211797,0.207823,0.228226,0.218501,0.258792,0.222277,0.221044,0.193089,0.210836
3019,0.204889,0.237647,0.210933,0.207823,0.228226,0.218501,0.258792,0.222277,0.221044,0.193089,0.210836
3020,0.204889,0.237647,0.21051,0.207823,0.228226,0.218501,0.258792,0.222277,0.221044,0.193089,0.210836
3021,0.204889,0.237647,0.209161,0.207823,0.228226,0.218501,0.258792,0.222277,0.221044,0.193089,0.210836
3022,0.204889,0.237647,0.208317,0.207823,0.228226,0.218501,0.258792,0.222277,0.221044,0.193089,0.210836
3023,0.204889,0.237647,0.208317,0.207823,0.228226,0.218501,0.257699,0.222277,0.221044,0.193089,0.210836
3024,0.204889,0.237647,0.208317,0.208645,0.228226,0.218501,0.257699,0.222277,0.221044,0.193089,0.210836
3025,0.204889,0.237647,0.208317,0.209777,0.228226,0.218501,0.257699,0.222277,0.221044,0.193089,0.210836
3026,0.204889,0.237647,0.208317,0.208935,0.228226,0.218501,0.257699,0.222277,0.221044,0.193089,0.210836
3027,0.204889,0.237647,0.208317,0.208935,0.228226,0.219613,0.257699,0.222277,0.221044,0.193089,0.210836
3028,0.204889,0.237647,0.208317,0.208935,0.228226,0.222072,0.257699,0.222277,0.221044,0.193089,0.210836
3029,0.204889,0.237647,0.208317,0.208935,0.228226,0.22225,0.257699,0.222277,0.221044,0.193089,0.210836
3030,0.204889,0.237647,0.208317,0.208935,0.228226,0.223125,0.257699,0.222277,0.221044,0.193089,0.210836
3031,0.204889,0.237647,0.208317,0.208935,0.228226,0.222308,0.257699,0.222277,0.221044,0.193089,0.210836
3032,0.204889,0.237647,0.208317,0.208935,0.228226,0.220619,0.257699,0.222277,0.221044,0.193089,0.210836
3033,0.204889,0.237647,0.208317,0.208935,0.228226,0.220619,0.257699,0.222277,0.22038,0.193089,0.210836
3034,0.204889,0.237105,0.208317,0.208935,0.228226,0.220619,0.257699,0.222277,0.22038,0.193089,0.210836
3035,0.203696,0.237105,0.208317,0.208935,0.228226,0.220619,0.257699,0.222277,0.22038,0.193089,0.210836
3036,0.203696,0.237105,0.208317,0.208782,0.228226,0.220619,0.257699,0.222277,0.22038,0.193089,0.210836
3037,0.203696,0.237105,0.208032,0.208782,0.228226,0.220619,0.257699,0.222277,0.22038,0.193089,0.210836
3038,0.203696,0.237105,0.208032,0.208782,0.228226,0.220619,0.257699,0.222277,0.22038,0.193089,0.210033
3039,0.203696,0.237105,0.208032,0.208782,0.228337,0.220619,0.257699,0.222277,0.22038,0.193089,0.210033
3040,0.203696,0.237105,0.208032,0.208782,0.228337,0.220503,0.257699,0.222277,0.22038,0.193089,0.210033
3041,0.203696,0.237105,0.208032,0.208782,0.228337,0.220503,0.257699,0.222277,0.22038,0.192219,0.210033
3042,0.203696,0.237105,0.208032,0.208782,0.228564,0.220503,0.257699,0.222277,0.22038,0.192219,0.210033
3043,0.203696,0.237105,0.208032,0.208782,0.230695,0.220503,0.257699,0.222277,0.22038,0.192219,0.210033
3044,0.203696,0.237105,0.208032,0.208782,0.230575,0.220503,0.257699,0.222277,0.22038,0.192219,0.210033
3045,0.203696,0.237105,0.208032,0.208782,0.229893,0.220503,0.257699,0.222277,0.22038,0.192219,0.210033
3046,0.203696,0.237105,0.208032,0.208782,0.233007,0.220503,0.257699,0.222277,0.22038,0.192219,0.210033
3047,0.203696,0.237105,0.208032,0.208782,0.232516,0.220503,0.257699,0.222277,0.22038,0.192219,0.210033
3048,0.203696,0.237105,0.208032,0.208782,0.233779,0.220503,0.257699,0.222277,0.22038,0.192219,0.210033
3049,0.203696,0.237105,0.208032,0.208782,0.233003,0.220503,0.257699,0.222277,0.22038,0.192219,0.210033
3050,0.203696,0.237105,0.208032,0.208782,0.232229,0.220503,0.257699,0.222277,0.22038,0.192219,0.210033
3051,0.203696,0.237105,0.208032,0.208782,0.231463,0.220503,0.257699,0.222277,0.22038,0.192219,0.210033
3052,0.203696,0.237105,0.208032,0.207053,0.231463,0.220503,0.257699,0.222277,0.22038,0.192219,0.210033
3053,0.203696,0.237105,0.208032,0.207053,0.231463,0.220503,0.257699,0.222058,0.22038,0.192219,0.210033
3054,0.203696,0.235233,0.208032,0.207053,0.231463,0.220503,0.257699,0.222058,0.22038,0.192219,0.210033
3055,0.203696,0.235233,0.208032,0.207053,0.231463,0.219704,0.257699,0.222058,0.22038,0.192219,0.210033
3056,0.203696,0.235233,0.208032,0.207053,0.231463,0.219704,0.257699,0.222058,0.22398,0.192219,0.210033
3057,0.203696,0.235233,0.208032,0.207053,0.231463,0.219704,0.257699,0.222058,0.223172,0.192219,0.210033
3058,0.203696,0.235233,0.208032,0.207053,0.231463,0.219704,0.257699,0.222058,0.221396,0.192219,0.210033
3059,0.203696,0.235233,0.207325,0.207053,0.231463,0.219704,0.257699,0.222058,0.221396,0.192219,0.210033
3060,0.203696,0.235233,0.207325,0.207053,0.231463,0.219704,0.259648,0.222058,0.221396,0.192219,0.210033
3061,0.203696,0.235233,0.207325,0.207053,0.231463,0.219704,0.259064,0.222058,0.221396,0.192219,0.210033
3062,0.203696,0.235233,0.207325,0.207053,0.231463,0.219704,0.259306,0.222058,0.221396,0.192219,0.210033
3063,0.203696,0.235233,0.207325,0.207053,0.231463,0.219704,0.256927,0.222058,0.221396,0.192219,0.210033
3064,0.203696,0.235233,0.207325,0.207053,0.231463,0.219704,0.256927,0.222058,0.220349,0.192219,0.210033
3065,0.203696,0.235233,0.207325,0.207053,0.230681,0.219704,0.256927,0.222058,0.220349,0.192219,0.210033
3066,0.203696,0.235233,0.207325,0.207053,0.230681,0.219704,0.256927,0.219867,0.220349,0.192219,0.210033
3067,0.203696,0.235233,0.207325,0.207053,0.230681,0.219704,0.256927,0.219867,0.220349,0.192219,0.209209
3068,0.204197,0.235233,0.207325,0.207053,0.230681,0.219704,0.256927,0.219867,0.220349,0.192219,0.209209
3069,0.204985,0.235233,0.207325,0.207053,0.230681,0.219704,0.256927,0.219867,0.220349,0.192219,0.209209
3070,0.204149,0.235233,0.207325,0.207053,0.230681,0.219704,0.256927,0.219867,0.220349,0.192219,0.209209
3071,0.204149,0.235233,0.207325,0.207053,0.230681,0.219704,0.256927,0.219867,0.220349,0.19081,0.209209
3072,0.204149,0.235233,0.207325,0.207053,0.230681,0.218795,0.256927,0.219867,0.220349,0.19081,0.209209
3073,0.204149,0.235233,0.206596,0.207053,0.230681,0.218795,0.256927,0.219867,0.220349,0.19081,0.209209
3074,0.204149,0.235233,0.206596,0.207053,0.232799,0.218795,0.256927,0.219867,0.220349,0.19081,0.209209
3075,0.204149,0.235233,0.206596,0.207053,0.232038,0.218795,0.256927,0.219867,0.220349,0.19081,0.209209
3076,0.204149,0.235233,0.206596,0.207053,0.231599,0.218795,0.256927,0.219867,0.220349,0.19081,0.209209
3077,0.204149,0.235233,0.206596,0.207053,0.231473,0.218795,0.256927,0.219867,0.220349,0.19081,0.209209
3078,0.204149,0.235233,0.206596,0.207053,0.231473,0.218795,0.256927,0.219867,0.22018,0.19081,0.209209
3079,0.203319,0.235233,0.206596,0.207053,0.231473,0.218795,0.256927,0.219867,0.22018,0.19081,0.209209
3080,0.203319,0.235233,0.206596,0.207053,0.231473,0.218795,0.256927,0.219867,0.22018,0.19081,0.211483
3081,0.203319,0.235233,0.206596,0.207053,0.231473,0.218795,0.256927,0.219867,0.22018,0.19081,0.21066
3082,0.203319,0.235233,0.206596,0.207053,0.231473,0.218795,0.256927,0.219867,0.22018,0.19081,0.209844
3083,0.203319,0.235233,0.206596,0.207053,0.231473,0.218795,0.256898,0.219867,0.22018,0.19081,0.209844
3084,0.203319,0.235233,0.206596,0.206205,0.231473,0.218795,0.256898,0.219867,0.22018,0.19081,0.209844
3085,0.203319,0.235293,0.206596,0.206205,0.231473,0.218795,0.256898,0.219867,0.22018,0.19081,0.209844
3086,0.203319,0.235293,0.206596,0.206205,0.230724,0.218795,0.256898,0.219867,0.22018,0.19081,0.209844
3087,0.203319,0.235293,0.206596,0.206205,0.230724,0.218795,0.257644,0.219867,0.22018,0.19081,0.209844
3088,0.203319,0.235293,0.206596,0.206205,0.230724,0.218795,0.26057,0.219867,0.22018,0.19081,0.209844
3089,0.203319,0.235293,0.206596,0.206205,0.230724,0.218795,0.260151,0.219867,0.22018,0.19081,0.209844
3090,0.203319,0.235293,0.206596,0.206205,0.230724,0.218795,0.262221,0.219867,0.22018,0.19081,0.209844
3091,0.203319,0.235293,0.206596,0.206205,0.230724,0.218795,0.261236,0.219867,0.22018,0.19081,0.209844
3092,0.203319,0.235293,0.206596,0.206205,0.230724,0.218795,0.260569,0.219867,0.22018,0.19081,0.209844
3093,0.203319,0.235293,0.206596,0.206205,0.230724,0.218795,0.262522,0.219867,0.22018,0.19081,0.209844
3094,0.203319,0.235293,0.206596,0.206205,0.230724,0.218795,0.261963,0.219867,0.22018,0.19081,0.209844
3095,0.203319,0.235293,0.206596,0.206205,0.230724,0.218795,0.262589,0.219867,0.22018,0.19081,0.209844
3096,0.203319,0.235293,0.206596,0.206205,0.230724,0.218795,0.263369,0.219867,0.22018,0.19081,0.209844
3097,0.203319,0.235293,0.206596,0.206205,0.230724,0.218795,0.263875,0.219867,0.22018,0.19081,0.209844
3098,0.203319,0.235293,0.206596,0.206205,0.230724,0.218795,0.263219,0.219867,0.22018,0.19081,0.209844
3099,0.203319,0.235293,0.206596,0.206205,0.230724,0.218795,0.262902,0.219867,0.22018,0.19081,0.209844
3100,0.203319,0.235293,0.206596,0.206205,0.230724,0.218795,0.263129,0.219867,0.22018,0.19081,0.209844
3101,0.203319,0.235293,0.206596,0.206205,0.230724,0.218795,0.263694,0.219867,0.22018,0.19081,0.209844
3102,0.203319,0.235293,0.206596,0.206205,0.230724,0.218795,0.263983,0.219867,0.22018,0.19081,0.209844
3103,0.203319,0.235293,0.206596,0.206205,0.230724,0.218795,0.26343,0.219867,0.22018,0.19081,0.209844
3104,0.203319,0.235293,0.206596,0.206205,0.230724,0.218795,0.263011,0.219867,0.22018,0.19081,0.209844
3105,0.203319,0.235293,0.206596,0.206205,0.230724,0.218795,0.262368,0.219867,0.22018,0.19081,0.209844
3106,0.203319,0.235293,0.206596,0.206205,0.230724,0.218795,0.263727,0.219867,0.22018,0.19081,0.209844
3107,0.203319,0.235293,0.206596,0.206205,0.230724,0.218795,0.263426,0.219867,0.22018,0.19081,0.209844
3108,0.203319,0.235293,0.206596,0.206205,0.230724,0.218795,0.264369,0.219867,0.22018,0.19081,0.209844
3109,0.203319,0.235293,0.206596,0.206205,0.230724,0.218795,0.26491,0.219867,0.22018,0.19081,0.209844
3110,0.203319,0.235293,0.206596,0.206205,0.230724,0.218795,0.264181,0.219867,0.22018,0.19081,0.209844
3111,0.203319,0.235293,0.206596,0.206205,0.230724,0.218795,0.263587,0.219867,0.22018,0.19081,0.209844
3112,0.203319,0.235293,0.206596,0.206205,0.230724,0.218795,0.263082,0.219867,0.22018,0.19081,0.209844
3113,0.203319,0.235293,0.206596,0.206205,0.230724,0.218795,0.263082,0.219867,0.224138,0.19081,0.209844
3114,0.203319,0.235293,0.206596,0.206205,0.230724,0.218795,0.263082,0.219867,0.223244,0.19081,0.209844
3115,0.203319,0.235293,0.206596,0.206205,0.230724,0.218795,0.263082,0.219867,0.224494,0.19081,0.209844
3116,0.203319,0.235293,0.206596,0.206205,0.230724,0.218795,0.263082,0.219867,0.225885,0.19081,0.209844
3117,0.203319,0.235293,0.206596,0.206205,0.230724,0.218795,0.263082,0.219867,0.225213,0.19081,0.209844
3118,0.203319,0.235293,0.206596,0.206205,0.230724,0.218795,0.263082,0.219867,0.227693,0.19081,0.209844
3119,0.203319,0.235293,0.206596,0.206205,0.230724,0.218795,0.263082,0.219867,0.22866,0.19081,0.209844
3120,0.203319,0.235293,0.206596,0.206205,0.230724,0.218795,0.263082,0.219867,0.228264,0.19081,0.209844
3121,0.203319,0.235293,0.206596,0.206205,0.230724,0.218795,0.263082,0.219867,0.231171,0.19081,0.209844
3122,0.203319,0.235293,0.206596,0.206205,0.230724,0.218795,0.263082,0.219867,0.232206,0.19081,0.209844
3123,0.203319,0.235293,0.206596,0.206205,0.230724,0.218795,0.263082,0.219867,0.231408,0.19081,0.209844
3124,0.203319,0.235293,0.206596,0.206205,0.230724,0.218795,0.263082,0.219867,0.231462,0.19081,0.209844
3125,0.203319,0.235293,0.206596,0.206205,0.230724,0.218795,0.263082,0.219867,0.23147,0.19081,0.209844
3126,0.203319,0.235293,0.206596,0.206205,0.230724,0.218795,0.263082,0.219867,0.230911,0.19081,0.209844
3127,0.203319,0.235293,0.206596,0.206205,0.230724,0.218795,0.263082,0.219867,0.231539,0.19081,0.209844
3128,0.203319,0.235293,0.206596,0.206205,0.230724,0.218795,0.263082,0.219867,0.231507,0.19081,0.209844
3129,0.203319,0.235293,0.206596,0.206205,0.230724,0.218795,0.263082,0.219867,0.23095,0.19081,0.209844
3130,0.203319,0.235293,0.206596,0.206205,0.230724,0.218795,0.263082,0.219867,0.230327,0.19081,0.209844
3131,0.203319,0.235293,0.206596,0.206205,0.230724,0.218795,0.263082,0.219867,0.229266,0.19081,0.209844
3132,0.203319,0.235293,0.206596,0.206205,0.230724,0.218795,0.263082,0.219867,0.230734,0.19081,0.209844
3133,0.203319,0.235293,0.206596,0.206205,0.230724,0.218795,0.263082,0.219867,0.232051,0.19081,0.209844
3134,0.203319,0.235293,0.206596,0.206205,0.230724,0.218795,0.263082,0.219867,0.231809,0.19081,0.209844
3135,0.203319,0.235293,0.206596,0.206205,0.230724,0.218795,0.263082,0.219867,0.232677,0.19081,0.209844
3136,0.203319,0.235293,0.206596,0.206205,0.230724,0.218795,0.263082,0.219867,0.231584,0.19081,0.209844
3137,0.203319,0.235293,0.206596,0.206205,0.230724,0.218795,0.263082,0.219867,0.231746,0.19081,0.209844
3138,0.203319,0.235293,0.206596,0.206205,0.230724,0.218795,0.263082,0.219867,0.231368,0.19081,0.209844
3139,0.203319,0.235293,0.206596,0.206205,0.230724,0.218795,0.263082,0.219867,0.230678,0.19081,0.209844
3140,0.203319,0.234557,0.206596,0.206205,0.230724,0.218795,0.263082,0.219867,0.230678,0.19081,0.209844
3141,0.203319,0.234557,0.206596,0.206205,0.230724,0.21776,0.263082,0.219867,0.230678,0.19081,0.209844
3142,0.203319,0.234557,0.205275,0.206205,0.230724,0.21776,0.263082,0.219867,0.230678,0.19081,0.209844
3143,0.203319,0.234557,0.205275,0.206205,0.230724,0.21776,0.26313,0.219867,0.230678,0.19081,0.209844
3144,0.203319,0.234557,0.205275,0.206205,0.230724,0.21776,0.26313,0.219867,0.230062,0.19081,0.209844
3145,0.203319,0.234557,0.205275,0.206205,0.230724,0.21776,0.26313,0.219867,0.230062,0.19081,0.211436
3146,0.203319,0.234557,0.205275,0.206205,0.230724,0.21776,0.26313,0.219867,0.230062,0.19081,0.209625
3147,0.203319,0.234557,0.205275,0.206205,0.230724,0.21776,0.262501,0.219867,0.230062,0.19081,0.209625
3148,0.203319,0.234557,0.205275,0.206205,0.230724,0.21776,0.262501,0.219867,0.230062,0.190488,0.209625
3149,0.203319,0.234557,0.205275,0.206205,0.230724,0.21776,0.262501,0.221162,0.230062,0.190488,0.209625
3150,0.203319,0.234557,0.205275,0.206205,0.230724,0.21776,0.262501,0.220191,0.230062,0.190488,0.209625
3151,0.202496,0.234557,0.205275,0.206205,0.230724,0.21776,0.262501,0.220191,0.230062,0.190488,0.209625
3152,0.202496,0.234557,0.205275,0.206205,0.230148,0.21776,0.262501,0.220191,0.230062,0.190488,0.209625
3153,0.202496,0.234557,0.205275,0.205733,0.230148,0.21776,0.262501,0.220191,0.230062,0.190488,0.209625
3154,0.202496,0.236622,0.205275,0.205733,0.230148,0.21776,0.262501,0.220191,0.230062,0.190488,0.209625
3155,0.202496,0.237134,0.205275,0.205733,0.230148,0.21776,0.262501,0.220191,0.230062,0.190488,0.209625
3156,0.202496,0.237078,0.205275,0.205733,0.230148,0.21776,0.262501,0.220191,0.230062,0.190488,0.209625
3157,0.202496,0.236886,0.205275,0.205733,0.230148,0.21776,0.262501,0.220191,0.230062,0.190488,0.209625
3158,0.202496,0.236663,0.205275,0.205733,0.230148,0.21776,0.262501,0.220191,0.230062,0.190488,0.209625
3159,0.202496,0.235959,0.205275,0.205733,0.230148,0.21776,0.262501,0.220191,0.230062,0.190488,0.209625
3160,0.202496,0.235959,0.205275,0.205733,0.230148,0.21776,0.263151,0.220191,0.230062,0.190488,0.209625
3161,0.202496,0.235959,0.205275,0.205733,0.230148,0.21776,0.262461,0.220191,0.230062,0.190488,0.209625
3162,0.202496,0.235959,0.205275,0.205733,0.230148,0.21776,0.262461,0.223518,0.230062,0.190488,0.209625
3163,0.202496,0.235959,0.205275,0.205733,0.230148,0.21776,0.262461,0.222734,0.230062,0.190488,0.209625
3164,0.202496,0.235959,0.205275,0.205733,0.230148,0.21776,0.262461,0.221502,0.230062,0.190488,0.209625
3165,0.202496,0.235959,0.205275,0.205733,0.230148,0.21776,0.262461,0.221716,0.230062,0.190488,0.209625
3166,0.202496,0.235959,0.205275,0.205733,0.230148,0.21776,0.262461,0.221716,0.23261,0.190488,0.209625
3167,0.202496,0.235959,0.205275,0.205733,0.230148,0.21776,0.262461,0.221716,0.231859,0.190488,0.209625
3168,0.202496,0.235959,0.205275,0.205733,0.230148,0.21776,0.262461,0.221716,0.232625,0.190488,0.209625
3169,0.202496,0.235959,0.205275,0.205733,0.230148,0.21776,0.262461,0.221716,0.231901,0.190488,0.209625
3170,0.202496,0.235959,0.205275,0.205733,0.230148,0.21776,0.262461,0.221716,0.231513,0.190488,0.209625
3171,0.202496,0.235959,0.205275,0.205733,0.230148,0.21776,0.262461,0.221716,0.231513,0.190526,0.209625
3172,0.202496,0.235959,0.205275,0.205733,0.230148,0.21776,0.262461,0.222752,0.231513,0.190526,0.209625
3173,0.202496,0.235959,0.205275,0.205733,0.230148,0.21776,0.262461,0.221968,0.231513,0.190526,0.209625
3174,0.202496,0.235959,0.205275,0.205733,0.230148,0.21776,0.262461,0.221968,0.231513,0.190526,0.207481
3175,0.202496,0.235959,0.205275,0.205733,0.230148,0.216975,0.262461,0.221968,0.231513,0.190526,0.207481
3176,0.202496,0.235959,0.205275,0.205733,0.230148,0.216975,0.262461,0.221968,0.231962,0.190526,0.207481
3177,0.202496,0.235959,0.205275,0.205733,0.230148,0.216975,0.262461,0.221968,0.231621,0.190526,0.207481
3178,0.202496,0.235959,0.205275,0.205733,0.230148,0.216975,0.263185,0.221968,0.231621,0.190526,0.207481
3179,0.202496,0.235959,0.205275,0.205733,0.230148,0.216975,0.262579,0.221968,0.231621,0.190526,0.207481
3180,0.202496,0.235278,0.205275,0.205733,0.230148,0.216975,0.262579,0.221968,0.231621,0.190526,0.207481
3181,0.202496,0.235278,0.204613,0.205733,0.230148,0.216975,0.262579,0.221968,0.231621,0.190526,0.207481
3182,0.202496,0.235278,0.204613,0.205733,0.230148,0.216975,0.262579,0.221968,0.231621,0.189667,0.207481
3183,0.202496,0.235278,0.204613,0.205733,0.229505,0.216975,0.262579,0.221968,0.231621,0.189667,0.207481
3184,0.202496,0.235278,0.204613,0.205525,0.229505,0.216975,0.262579,0.221968,0.231621,0.189667,0.207481
3185,0.202496,0.235278,0.204613,0.205525,0.229505,0.216975,0.262579,0.221941,0.231621,0.189667,0.207481
3186,0.202496,0.235278,0.204613,0.205525,0.229505,0.216975,0.262074,0.221941,0.231621,0.189667,0.207481
3187,0.202345,0.235278,0.204613,0.205525,0.229505,0.216975,0.262074,0.221941,0.231621,0.189667,0.207481
3188,0.202345,0.235278,0.204613,0.205525,0.229505,0.216975,0.262074,0.221941,0.230685,0.189667,0.207481
3189,0.202345,0.235278,0.204613,0.205525,0.229505,0.216975,0.262074,0.221937,0.230685,0.189667,0.207481
3190,0.202345,0.235278,0.204613,0.207468,0.229505,0.216975,0.262074,0.221937,0.230685,0.189667,0.207481
3191,0.202345,0.235278,0.204613,0.208788,0.229505,0.216975,0.262074,0.221937,0.230685,0.189667,0.207481
3192,0.202345,0.235278,0.204613,0.207947,0.229505,0.216975,0.262074,0.221937,0.230685,0.189667,0.207481
3193,0.202345,0.235278,0.204613,0.207297,0.229505,0.216975,0.262074,0.221937,0.230685,0.189667,0.207481
3194,0.202345,0.235278,0.204613,0.207297,0.229505,0.2162,0.262074,0.221937,0.230685,0.189667,0.207481
3195,0.201277,0.235278,0.204613,0.207297,0.229505,0.2162,0.262074,0.221937,0.230685,0.189667,0.207481
3196,0.201277,0.235278,0.204613,0.207297,0.229505,0.2162,0.262074,0.221177,0.230685,0.189667,0.207481
3197,0.201277,0.234676,0.204613,0.207297,0.229505,0.2162,0.262074,0.221177,0.230685,0.189667,0.207481
3198,0.201277,0.234676,0.204613,0.206497,0.229505,0.2162,0.262074,0.221177,0.230685,0.189667,0.207481
3199,0.201277,0.234676,0.204613,0.206497,0.229505,0.2162,0.261461,0.221177,0.230685,0.189667,0.207481
3200,0.201277,0.234676,0.204613,0.206497,0.2297,0.2162,0.261461,0.221177,0.230685,0.189667,0.207481
3201,0.201277,0.234676,0.205858,0.206497,0.2297,0.2162,0.261461,0.221177,0.230685,0.189667,0.207481
3202,0.201277,0.234676,0.20505,0.206497,0.2297,0.2162,0.261461,0.221177,0.230685,0.189667,0.207481
3203,0.201277,0.234676,0.20505,0.206497,0.229341,0.2162,0.261461,0.221177,0.230685,0.189667,0.207481
3204,0.201277,0.234676,0.20505,0.206497,0.229341,0.2162,0.261461,0.221177,0.230685,0.191177,0.207481
3205,0.201277,0.234676,0.20505,0.206497,0.229341,0.2162,0.261461,0.221177,0.230685,0.19192,0.207481
3206,0.201277,0.234676,0.20505,0.206497,0.229341,0.2162,0.261461,0.221177,0.230685,0.19103,0.207481
3207,0.201277,0.234676,0.20505,0.206497,0.229341,0.2162,0.261461,0.221177,0.231653,0.19103,0.207481
3208,0.201277,0.234676,0.20505,0.206497,0.229341,0.2162,0.261461,0.221177,0.232683,0.19103,0.207481
3209,0.201277,0.234676,0.20505,0.206497,0.229341,0.2162,0.261461,0.221177,0.232136,0.19103,0.207481
3210,0.201277,0.234676,0.20505,0.206497,0.229341,0.2162,0.261461,0.221177,0.234282,0.19103,0.207481
3211,0.201277,0.234676,0.20505,0.206497,0.229341,0.2162,0.261461,0.221177,0.233552,0.19103,0.207481
3212,0.201277,0.234676,0.20505,0.206497,0.229341,0.2162,0.261461,0.221177,0.232827,0.19103,0.207481
3213,0.201277,0.234676,0.20505,0.206497,0.229341,0.2162,0.261461,0.221177,0.232984,0.19103,0.207481
3214,0.201277,0.234676,0.207022,0.206497,0.229341,0.2162,0.261461,0.221177,0.232984,0.19103,0.207481
3215,0.201277,0.234676,0.208068,0.206497,0.229341,0.2162,0.261461,0.221177,0.232984,0.19103,0.207481
3216,0.201277,0.234676,0.208629,0.206497,0.229341,0.2162,0.261461,0.221177,0.232984,0.19103,0.207481
3217,0.201277,0.234676,0.207779,0.206497,0.229341,0.2162,0.261461,0.221177,0.232984,0.19103,0.207481
3218,0.201277,0.234676,0.20698,0.206497,0.229341,0.2162,0.261461,0.221177,0.232984,0.19103,0.207481
3219,0.201277,0.234676,0.20698,0.206497,0.229341,0.2162,0.261718,0.221177,0.232984,0.19103,0.207481
3220,0.201277,0.234676,0.20698,0.206497,0.229341,0.2162,0.262377,0.221177,0.232984,0.19103,0.207481
3221,0.201277,0.234676,0.20698,0.206497,0.229341,0.2162,0.26194,0.221177,0.232984,0.19103,0.207481
3222,0.201277,0.234676,0.20698,0.206497,0.229341,0.2162,0.26194,0.221177,0.232984,0.189853,0.207481
3223,0.201277,0.234676,0.20698,0.206497,0.229341,0.2162,0.26194,0.221177,0.232067,0.189853,0.207481
3224,0.201277,0.233962,0.20698,0.206497,0.229341,0.2162,0.26194,0.221177,0.232067,0.189853,0.207481
3225,0.201277,0.233962,0.20698,0.206497,0.228629,0.2162,0.26194,0.221177,0.232067,0.189853,0.207481
3226,0.201277,0.233962,0.20698,0.206497,0.228629,0.2162,0.260476,0.221177,0.232067,0.189853,0.207481
3227,0.201277,0.233962,0.20698,0.206497,0.228629,0.21543,0.260476,0.221177,0.232067,0.189853,0.207481
3228,0.201277,0.233962,0.20698,0.206497,0.228629,0.21543,0.260476,0.223609,0.232067,0.189853,0.207481
3229,0.201277,0.233962,0.20698,0.206497,0.228629,0.21543,0.260476,0.223539,0.232067,0.189853,0.207481
3230,0.201277,0.233962,0.20698,0.206497,0.228629,0.21543,0.260476,0.223029,0.232067,0.189853,0.207481
3231,0.201277,0.233962,0.20698,0.206497,0.228629,0.21543,0.260476,0.223034,0.232067,0.189853,0.207481
3232,0.201277,0.233962,0.20698,0.206497,0.228629,0.21543,0.260476,0.221858,0.232067,0.189853,0.207481
3233,0.201277,0.233962,0.20698,0.206497,0.228629,0.21543,0.260476,0.221858,0.232067,0.189853,0.206693
3234,0.201277,0.233962,0.206213,0.206497,0.228629,0.21543,0.260476,0.221858,0.232067,0.189853,0.206693
3235,0.201277,0.233962,0.206213,0.20793,0.228629,0.21543,0.260476,0.221858,0.232067,0.189853,0.206693
3236,0.201277,0.233962,0.206213,0.207134,0.228629,0.21543,0.260476,0.221858,0.232067,0.189853,0.206693
3237,0.202065,0.233962,0.206213,0.207134,0.228629,0.21543,0.260476,0.221858,0.232067,0.189853,0.206693
3238,0.20126,0.233962,0.206213,0.207134,0.228629,0.21543,0.260476,0.221858,0.232067,0.189853,0.206693
3239,0.20126,0.233962,0.206213,0.207645,0.228629,0.21543,0.260476,0.221858,0.232067,0.189853,0.206693
3240,0.20126,0.233962,0.206213,0.207234,0.228629,0.21543,0.260476,0.221858,0.232067,0.189853,0.206693
3241,0.20126,0.233253,0.206213,0.207234,0.228629,0.21543,0.260476,0.221858,0.232067,0.189853,0.206693
3242,0.20126,0.233253,0.206213,0.207234,0.228145,0.21543,0.260476,0.221858,0.232067,0.189853,0.206693
3243,0.20126,0.233253,0.206213,0.207234,0.228145,0.21543,0.260476,0.221858,0.231285,0.189853,0.206693
3244,0.20126,0.233253,0.206213,0.207234,0.228145,0.214799,0.260476,0.221858,0.231285,0.189853,0.206693
3245,0.20126,0.233253,0.206213,0.207234,0.228145,0.214799,0.260476,0.220151,0.231285,0.189853,0.206693
3246,0.20126,0.233253,0.206213,0.208419,0.228145,0.214799,0.260476,0.220151,0.231285,0.189853,0.206693
3247,0.20126,0.233253,0.206213,0.209302,0.228145,0.214799,0.260476,0.220151,0.231285,0.189853,0.206693
3248,0.20126,0.233253,0.206213,0.208667,0.228145,0.214799,0.260476,0.220151,0.231285,0.189853,0.206693
3249,0.20126,0.233253,0.206213,0.209014,0.228145,0.214799,0.260476,0.220151,0.231285,0.189853,0.206693
3250,0.20126,0.233253,0.206213,0.209014,0.228145,0.214799,0.260476,0.220151,0.231285,0.189853,0.204024
3251,0.20126,0.233253,0.205426,0.209014,0.228145,0.214799,0.260476,0.220151,0.231285,0.189853,0.204024
3252,0.20126,0.233253,0.205426,0.208255,0.228145,0.214799,0.260476,0.220151,0.231285,0.189853,0.204024
3253,0.203849,0.233253,0.205426,0.208255,0.228145,0.214799,0.260476,0.220151,0.231285,0.189853,0.204024
3254,0.204276,0.233253,0.205426,0.208255,0.228145,0.214799,0.260476,0.220151,0.231285,0.189853,0.204024
3255,0.20813,0.233253,0.205426,0.208255,0.228145,0.214799,0.260476,0.220151,0.231285,0.189853,0.204024
3256,0.207867,0.233253,0.205426,0.208255,0.228145,0.214799,0.260476,0.220151,0.231285,0.189853,0.204024
3257,0.207055,0.233253,0.205426,0.208255,0.228145,0.214799,0.260476,0.220151,0.231285,0.189853,0.204024
3258,0.206547,0.233253,0.205426,0.208255,0.228145,0.214799,0.260476,0.220151,0.231285,0.189853,0.204024
3259,0.205703,0.233253,0.205426,0.208255,0.228145,0.214799,0.260476,0.220151,0.231285,0.189853,0.204024
3260,0.205007,0.233253,0.205426,0.208255,0.228145,0.214799,0.260476,0.220151,0.231285,0.189853,0.204024
3261,0.205007,0.233253,0.205426,0.208255,0.228145,0.214799,0.260476,0.220151,0.231285,0.189031,0.204024
3262,0.204353,0.233253,0.205426,0.208255,0.228145,0.214799,0.260476,0.220151,0.231285,0.189031,0.204024
3263,0.204353,0.233253,0.205426,0.208255,0.228145,0.214799,0.260961,0.220151,0.231285,0.189031,0.204024
3264,0.204353,0.233253,0.205426,0.208255,0.228145,0.214799,0.261189,0.220151,0.231285,0.189031,0.204024
3265,0.204353,0.233253,0.205426,0.208255,0.228145,0.214799,0.261814,0.220151,0.231285,0.189031,0.204024
3266,0.204353,0.233253,0.205426,0.208255,0.228145,0.214799,0.261788,0.220151,0.231285,0.189031,0.204024
3267,0.204353,0.233253,0.205426,0.208255,0.228145,0.214799,0.261651,0.220151,0.231285,0.189031,0.204024
3268,0.204353,0.233253,0.205426,0.208255,0.228145,0.214799,0.262986,0.220151,0.231285,0.189031,0.204024
3269,0.204353,0.233253,0.205426,0.208255,0.228145,0.214799,0.263054,0.220151,0.231285,0.189031,0.204024
3270,0.204353,0.233253,0.205426,0.208255,0.228145,0.214799,0.262716,0.220151,0.231285,0.189031,0.204024
3271,0.204353,0.233253,0.205426,0.208255,0.228145,0.214799,0.262175,0.220151,0.231285,0.189031,0.204024
3272,0.204353,0.233253,0.205426,0.208255,0.227775,0.214799,0.262175,0.220151,0.231285,0.189031,0.204024
3273,0.204353,0.232996,0.205426,0.208255,0.227775,0.214799,0.262175,0.220151,0.231285,0.189031,0.204024
3274,0.204353,0.232996,0.205426,0.208255,0.227775,0.214799,0.261576,0.220151,0.231285,0.189031,0.204024
3275,0.204353,0.232996,0.205426,0.208255,0.227775,0.214799,0.261576,0.220151,0.230576,0.189031,0.204024
3276,0.204353,0.232996,0.205426,0.208255,0.227775,0.216614,0.261576,0.220151,0.230576,0.189031,0.204024
3277,0.204353,0.232996,0.205426,0.208255,0.227775,0.217402,0.261576,0.220151,0.230576,0.189031,0.204024
3278,0.204353,0.232996,0.205426,0.208255,0.227775,0.21666,0.261576,0.220151,0.230576,0.189031,0.204024
3279,0.204353,0.232996,0.205426,0.208255,0.227775,0.216296,0.261576,0.220151,0.230576,0.189031,0.204024
3280,0.204353,0.232996,0.205426,0.208255,0.227775,0.215468,0.261576,0.220151,0.230576,0.189031,0.204024
3281,0.204353,0.232328,0.205426,0.208255,0.227775,0.215468,0.261576,0.220151,0.230576,0.189031,0.204024
3282,0.204353,0.232328,0.205426,0.208255,0.227057,0.215468,0.261576,0.220151,0.230576,0.189031,0.204024
3283,0.204353,0.232328,0.205426,0.207744,0.227057,0.215468,0.261576,0.220151,0.230576,0.189031,0.204024
3284,0.204353,0.232328,0.20476,0.207744,0.227057,0.215468,0.261576,0.220151,0.230576,0.189031,0.204024
3285,0.203356,0.232328,0.20476,0.207744,0.227057,0.215468,0.261576,0.220151,0.230576,0.189031,0.204024
3286,0.203356,0.232328,0.20476,0.207744,0.227057,0.215468,0.261975,0.220151,0.230576,0.189031,0.204024
3287,0.203356,0.232328,0.20476,0.207744,0.227057,0.215468,0.2614,0.220151,0.230576,0.189031,0.204024
3288,0.203356,0.232328,0.20476,0.207744,0.227057,0.215468,0.2614,0.220151,0.230576,0.188578,0.204024
3289,0.203356,0.232328,0.20476,0.207744,0.227057,0.215468,0.2614,0.220151,0.230801,0.188578,0.204024
3290,0.203356,0.232328,0.20476,0.207744,0.227057,0.215468,0.2614,0.220151,0.229902,0.188578,0.204024
3291,0.203356,0.232328,0.20476,0.207744,0.227057,0.215468,0.2614,0.219724,0.229902,0.188578,0.204024
3292,0.203356,0.232328,0.20476,0.207744,0.227057,0.215468,0.262176,0.219724,0.229902,0.188578,0.204024
3293,0.203356,0.232328,0.20476,0.207744,0.227057,0.215468,0.261959,0.219724,0.229902,0.188578,0.204024
3294,0.203356,0.232328,0.20476,0.207744,0.227057,0.215468,0.262655,0.219724,0.229902,0.188578,0.204024
3295,0.203356,0.232328,0.20476,0.207744,0.227057,0.215468,0.262266,0.219724,0.229902,0.188578,0.204024
3296,0.203356,0.232328,0.20476,0.207744,0.227057,0.215468,0.261775,0.219724,0.229902,0.188578,0.204024
3297,0.203356,0.231857,0.20476,0.207744,0.227057,0.215468,0.261775,0.219724,0.229902,0.188578,0.204024
3298,0.203356,0.231857,0.20476,0.206887,0.227057,0.215468,0.261775,0.219724,0.229902,0.188578,0.204024
3299,0.203356,0.231857,0.20476,0.206887,0.226722,0.215468,0.261775,0.219724,0.229902,0.188578,0.204024
3300,0.203356,0.231857,0.20476,0.206887,0.226722,0.219134,0.261775,0.219724,0.229902,0.188578,0.204024
3301,0.203356,0.231857,0.20476,0.206887,0.226722,0.218375,0.261775,0.219724,0.229902,0.188578,0.204024
3302,0.203356,0.231857,0.20476,0.206887,0.226722,0.217876,0.261775,0.219724,0.229902,0.188578,0.204024
3303,0.203356,0.231857,0.20476,0.206887,0.226722,0.217127,0.261775,0.219724,0.229902,0.188578,0.204024
3304,0.203356,0.231857,0.20476,0.206887,0.226722,0.216648,0.261775,0.219724,0.229902,0.188578,0.204024
3305,0.203356,0.231857,0.204496,0.206887,0.226722,0.216648,0.261775,0.219724,0.229902,0.188578,0.204024
3306,0.203356,0.231857,0.204496,0.206887,0.226722,0.216648,0.261775,0.219724,0.229902,0.187389,0.204024
3307,0.203356,0.231857,0.204496,0.206887,0.226722,0.216648,0.260759,0.219724,0.229902,0.187389,0.204024
3308,0.204452,0.231857,0.204496,0.206887,0.226722,0.216648,0.260759,0.219724,0.229902,0.187389,0.204024
3309,0.203674,0.231857,0.204496,0.206887,0.226722,0.216648,0.260759,0.219724,0.229902,0.187389,0.204024
3310,0.203674,0.231857,0.204496,0.206887,0.226722,0.216648,0.260759,0.218938,0.229902,0.187389,0.204024
3311,0.203674,0.231857,0.204496,0.206887,0.226391,0.216648,0.260759,0.218938,0.229902,0.187389,0.204024
3312,0.203674,0.233153,0.204496,0.206887,0.226391,0.216648,0.260759,0.218938,0.229902,0.187389,0.204024
3313,0.203674,0.232492,0.204496,0.206887,0.226391,0.216648,0.260759,0.218938,0.229902,0.187389,0.204024
3314,0.203674,0.233333,0.204496,0.206887,0.226391,0.216648,0.260759,0.218938,0.229902,0.187389,0.204024
3315,0.203674,0.232726,0.204496,0.206887,0.226391,0.216648,0.260759,0.218938,0.229902,0.187389,0.204024
3316,0.203674,0.232726,0.206454,0.206887,0.226391,0.216648,0.260759,0.218938,0.229902,0.187389,0.204024
3317,0.203674,0.232726,0.205901,0.206887,0.226391,0.216648,0.260759,0.218938,0.229902,0.187389,0.204024
3318,0.203674,0.232726,0.205129,0.206887,0.226391,0.216648,0.260759,0.218938,0.229902,0.187389,0.204024
3319,0.203674,0.232726,0.205129,0.206887,0.226391,0.216648,0.260759,0.218938,0.229902,0.187389,0.203663
3320,0.203674,0.232726,0.205129,0.206887,0.226391,0.215941,0.260759,0.218938,0.229902,0.187389,0.203663
3321,0.203674,0.232726,0.205129,0.206887,0.226391,0.215941,0.260759,0.218938,0.230291,0.187389,0.203663
3322,0.203674,0.232726,0.205129,0.206887,0.226391,0.215941,0.260759,0.218938,0.230992,0.187389,0.203663
3323,0.203674,0.232726,0.205129,0.206887,0.226391,0.215941,0.260759,0.218938,0.231037,0.187389,0.203663
3324,0.203674,0.232726,0.205129,0.206887,0.226391,0.215941,0.260759,0.218938,0.231348,0.187389,0.203663
3325,0.203674,0.232726,0.205129,0.206887,0.226391,0.215941,0.260759,0.218938,0.230368,0.187389,0.203663
3326,0.203674,0.232037,0.205129,0.206887,0.226391,0.215941,0.260759,0.218938,0.230368,0.187389,0.203663
3327,0.203036,0.232037,0.205129,0.206887,0.226391,0.215941,0.260759,0.218938,0.230368,0.187389,0.203663
3328,0.203036,0.232037,0.205129,0.207574,0.226391,0.215941,0.260759,0.218938,0.230368,0.187389,0.203663
3329,0.203036,0.232037,0.205129,0.208831,0.226391,0.215941,0.260759,0.218938,0.230368,0.187389,0.203663
3330,0.203036,0.232037,0.205129,0.206576,0.226391,0.215941,0.260759,0.218938,0.230368,0.187389,0.203663
3331,0.203036,0.232037,0.205129,0.206576,0.225684,0.215941,0.260759,0.218938,0.230368,0.187389,0.203663
3332,0.203036,0.232037,0.204364,0.206576,0.225684,0.215941,0.260759,0.218938,0.230368,0.187389,0.203663
3333,0.203036,0.232037,0.204364,0.206576,0.225684,0.215941,0.260759,0.218938,0.230368,0.187389,0.202868
3334,0.203036,0.232037,0.204364,0.206576,0.225684,0.215941,0.260759,0.222549,0.230368,0.187389,0.202868
3335,0.203036,0.232037,0.204364,0.206576,0.225684,0.215941,0.260759,0.223921,0.230368,0.187389,0.202868
3336,0.203036,0.232037,0.204364,0.206576,0.225684,0.215941,0.260759,0.22336,0.230368,0.187389,0.202868
3337,0.203036,0.232037,0.204364,0.206576,0.225684,0.215941,0.260759,0.223652,0.230368,0.187389,0.202868
3338,0.203036,0.232037,0.204364,0.206576,0.225684,0.215941,0.260759,0.22408,0.230368,0.187389,0.202868
3339,0.203036,0.232037,0.204364,0.206576,0.225684,0.215941,0.260759,0.225602,0.230368,0.187389,0.202868
3340,0.203036,0.232037,0.204364,0.206576,0.225684,0.215941,0.260759,0.22515,0.230368,0.187389,0.202868
3341,0.203036,0.232037,0.204364,0.206576,0.225684,0.215941,0.260759,0.224467,0.230368,0.187389,0.202868
3342,0.203036,0.232037,0.204364,0.206576,0.225684,0.215941,0.260759,0.225399,0.230368,0.187389,0.202868
3343,0.203036,0.232037,0.204364,0.206576,0.225684,0.215941,0.260759,0.226955,0.230368,0.187389,0.202868
3344,0.203036,0.232037,0.204364,0.206576,0.225684,0.215941,0.260759,0.229881,0.230368,0.187389,0.202868
3345,0.203036,0.232037,0.204364,0.206576,0.225684,0.215941,0.260759,0.229145,0.230368,0.187389,0.202868
3346,0.203036,0.232037,0.204364,0.206576,0.225684,0.215941,0.260759,0.228354,0.230368,0.187389,0.202868
3347,0.203036,0.232037,0.204364,0.206576,0.225684,0.215941,0.260759,0.229704,0.230368,0.187389,0.202868
3348,0.203036,0.232037,0.204364,0.206576,0.225684,0.215941,0.260759,0.228986,0.230368,0.187389,0.202868
3349,0.203036,0.232037,0.204364,0.206576,0.225684,0.215941,0.260759,0.227898,0.230368,0.187389,0.202868
3350,0.203036,0.232037,0.204364,0.206576,0.225684,0.215941,0.260759,0.229011,0.230368,0.187389,0.202868
3351,0.203036,0.232037,0.204364,0.206576,0.225684,0.215941,0.260759,0.227952,0.230368,0.187389,0.202868
3352,0.203036,0.232037,0.204364,0.206576,0.225684,0.215941,0.260759,0.227238,0.230368,0.187389,0.202868
3353,0.203036,0.232037,0.204364,0.206576,0.225684,0.215941,0.260759,0.226508,0.230368,0.187389,0.202868
3354,0.203036,0.232037,0.204364,0.206576,0.225684,0.215941,0.260759,0.225912,0.230368,0.187389,0.202868
3355,0.203036,0.232037,0.204364,0.206576,0.225684,0.215941,0.259841,0.225912,0.230368,0.187389,0.202868
3356,0.203036,0.232037,0.204364,0.206576,0.225684,0.215941,0.259841,0.225912,0.230368,0.190233,0.202868
3357,0.203036,0.232037,0.204364,0.206576,0.225684,0.215941,0.259841,0.225912,0.230368,0.190024,0.202868
3358,0.203036,0.232037,0.204364,0.206576,0.225684,0.215941,0.259841,0.225912,0.230368,0.189219,0.202868
3359,0.203036,0.232037,0.204364,0.206576,0.225684,0.215941,0.259841,0.225912,0.230368,0.189104,0.202868
3360,0.203036,0.232037,0.204364,0.206576,0.225684,0.215982,0.259841,0.225912,0.230368,0.189104,0.202868
3361,0.203036,0.231353,0.204364,0.206576,0.225684,0.215982,0.259841,0.225912,0.230368,0.189104,0.202868
3362,0.203036,0.231353,0.204364,0.206576,0.225684,0.215982,0.259841,0.225912,0.231398,0.189104,0.202868
3363,0.203036,0.231353,0.204364,0.206576,0.225684,0.215982,0.259841,0.225912,0.231397,0.189104,0.202868
3364,0.203036,0.231353,0.204364,0.206576,0.225684,0.215982,0.259841,0.225912,0.231498,0.189104,0.202868
3365,0.203036,0.231353,0.204364,0.206576,0.225684,0.215982,0.259841,0.225912,0.232281,0.189104,0.202868
3366,0.203036,0.231353,0.204364,0.206576,0.225684,0.215982,0.259841,0.225912,0.231593,0.189104,0.202868
3367,0.206444,0.231353,0.204364,0.206576,0.225684,0.215982,0.259841,0.225912,0.231593,0.189104,0.202868
3368,0.207294,0.231353,0.204364,0.206576,0.225684,0.215982,0.259841,0.225912,0.231593,0.189104,0.202868
3369,0.207362,0.231353,0.204364,0.206576,0.225684,0.215982,0.259841,0.225912,0.231593,0.189104,0.202868
3370,0.206483,0.231353,0.204364,0.206576,0.225684,0.215982,0.259841,0.225912,0.231593,0.189104,0.202868
3371,0.208625,0.231353,0.204364,0.206576,0.225684,0.215982,0.259841,0.225912,0.231593,0.189104,0.202868
3372,0.208192,0.231353,0.204364,0.206576,0.225684,0.215982,0.259841,0.225912,0.231593,0.189104,0.202868
3373,0.207424,0.231353,0.204364,0.206576,0.225684,0.215982,0.259841,0.225912,0.231593,0.189104,0.202868
3374,0.206662,0.231353,0.204364,0.206576,0.225684,0.215982,0.259841,0.225912,0.231593,0.189104,0.202868
3375,0.205904,0.231353,0.204364,0.206576,0.225684,0.215982,0.259841,0.225912,0.231593,0.189104,0.202868
3376,0.205904,0.231353,0.204364,0.206576,0.225684,0.215655,0.259841,0.225912,0.231593,0.189104,0.202868
3377,0.205904,0.231353,0.204364,0.206576,0.225243,0.215655,0.259841,0.225912,0.231593,0.189104,0.202868
3378,0.205904,0.231353,0.204364,0.206576,0.225243,0.215655,0.259841,0.225912,0.231593,0.191872,0.202868
3379,0.205904,0.231353,0.204364,0.206576,0.225243,0.215655,0.259841,0.225912,0.231593,0.190455,0.202868
3380,0.205904,0.231353,0.204364,0.206576,0.225243,0.215655,0.259841,0.225912,0.231593,0.192147,0.202868
3381,0.205904,0.231353,0.204364,0.206576,0.225243,0.215655,0.259841,0.225912,0.231593,0.190731,0.202868
3382,0.205904,0.231353,0.204364,0.206576,0.225243,0.215655,0.259841,0.227203,0.231593,0.190731,0.202868
3383,0.205904,0.231353,0.204364,0.206576,0.225243,0.215655,0.259841,0.229139,0.231593,0.190731,0.202868
3384,0.205904,0.231353,0.204364,0.206576,0.225243,0.215655,0.259841,0.229291,0.231593,0.190731,0.202868
3385,0.205904,0.231353,0.204364,0.206576,0.225243,0.215655,0.259841,0.23018,0.231593,0.190731,0.202868
3386,0.205904,0.231353,0.204364,0.206576,0.225243,0.215655,0.259841,0.229529,0.231593,0.190731,0.202868
3387,0.205904,0.231353,0.204364,0.206576,0.225243,0.215655,0.259841,0.228405,0.231593,0.190731,0.202868
3388,0.205904,0.231353,0.204364,0.206576,0.225243,0.215655,0.259841,0.227719,0.231593,0.190731,0.202868
3389,0.205904,0.231353,0.204364,0.206576,0.225243,0.215655,0.259841,0.227719,0.23091,0.190731,0.202868
3390,0.205904,0.231353,0.20411,0.206576,0.225243,0.215655,0.259841,0.227719,0.23091,0.190731,0.202868
3391,0.205904,0.231353,0.20411,0.208195,0.225243,0.215655,0.259841,0.227719,0.23091,0.190731,0.202868
3392,0.205904,0.231353,0.20411,0.209843,0.225243,0.215655,0.259841,0.227719,0.23091,0.190731,0.202868
3393,0.205904,0.231353,0.20411,0.209753,0.225243,0.215655,0.259841,0.227719,0.23091,0.190731,0.202868
3394,0.205904,0.231353,0.20411,0.207912,0.225243,0.215655,0.259841,0.227719,0.23091,0.190731,0.202868
3395,0.205904,0.231353,0.20411,0.207912,0.225243,0.215655,0.259841,0.227719,0.23091,0.190731,0.201613
3396,0.205904,0.231353,0.20411,0.207912,0.225243,0.215655,0.260077,0.227719,0.23091,0.190731,0.201613
3397,0.205904,0.231353,0.20411,0.207912,0.225243,0.215655,0.261674,0.227719,0.23091,0.190731,0.201613
3398,0.205904,0.231353,0.20411,0.207912,0.225243,0.215655,0.262603,0.227719,0.23091,0.190731,0.201613
3399,0.205904,0.231353,0.20411,0.207912,0.225243,0.215655,0.26202,0.227719,0.23091,0.190731,0.201613
3400,0.205904,0.231353,0.20411,0.207912,0.225243,0.215655,0.261493,0.227719,0.23091,0.190731,0.201613
3401,0.205904,0.231353,0.20411,0.207912,0.225243,0.215655,0.263427,0.227719,0.23091,0.190731,0.201613
3402,0.205904,0.231353,0.20411,0.207912,0.225243,0.215655,0.262847,0.227719,0.23091,0.190731,0.201613
3403,0.205904,0.231353,0.20411,0.207912,0.225243,0.215655,0.26227,0.227719,0.23091,0.190731,0.201613
3404,0.205904,0.231353,0.20411,0.207912,0.225243,0.215655,0.26164,0.227719,0.23091,0.190731,0.201613
3405,0.205904,0.231353,0.20411,0.207912,0.225243,0.215655,0.26164,0.227719,0.23091,0.189942,0.201613
3406,0.205904,0.231353,0.20411,0.207912,0.225243,0.215655,0.262137,0.227719,0.23091,0.189942,0.201613
3407,0.205904,0.231353,0.20411,0.207912,0.225243,0.215655,0.261524,0.227719,0.23091,0.189942,0.201613
3408,0.205904,0.231353,0.20411,0.207912,0.225243,0.21525,0.261524,0.227719,0.23091,0.189942,0.201613
3409,0.205904,0.231353,0.20411,0.207912,0.225243,0.21525,0.261524,0.227176,0.23091,0.189942,0.201613
3410,0.205904,0.23074,0.20411,0.207912,0.225243,0.21525,0.261524,0.227176,0.23091,0.189942,0.201613
3411,0.205904,0.23074,0.20411,0.207912,0.227341,0.21525,0.261524,0.227176,0.23091,0.189942,0.201613
3412,0.205904,0.23074,0.20411,0.207912,0.226637,0.21525,0.261524,0.227176,0.23091,0.189942,0.201613
3413,0.205904,0.23074,0.20411,0.207912,0.226924,0.21525,0.261524,0.227176,0.23091,0.189942,0.201613
3414,0.205904,0.23074,0.20411,0.207912,0.226077,0.21525,0.261524,0.227176,0.23091,0.189942,0.201613
3415,0.205904,0.23074,0.20411,0.207215,0.226077,0.21525,0.261524,0.227176,0.23091,0.189942,0.201613
3416,0.205904,0.23074,0.203454,0.207215,0.226077,0.21525,0.261524,0.227176,0.23091,0.189942,0.201613
3417,0.207304,0.23074,0.203454,0.207215,0.226077,0.21525,0.261524,0.227176,0.23091,0.189942,0.201613
3418,0.208379,0.23074,0.203454,0.207215,0.226077,0.21525,0.261524,0.227176,0.23091,0.189942,0.201613
3419,0.212678,0.23074,0.203454,0.207215,0.226077,0.21525,0.261524,0.227176,0.23091,0.189942,0.201613
3420,0.214954,0.23074,0.203454,0.207215,0.226077,0.21525,0.261524,0.227176,0.23091,0.189942,0.201613
3421,0.214817,0.23074,0.203454,0.207215,0.226077,0.21525,0.261524,0.227176,0.23091,0.189942,0.201613
3422,0.21438,0.23074,0.203454,0.207215,0.226077,0.21525,0.261524,0.227176,0.23091,0.189942,0.201613
3423,0.212716,0.23074,0.203454,0.207215,0.226077,0.21525,0.261524,0.227176,0.23091,0.189942,0.201613
3424,0.212534,0.23074,0.203454,0.207215,0.226077,0.21525,0.261524,0.227176,0.23091,0.189942,0.201613
3425,0.212275,0.23074,0.203454,0.207215,0.226077,0.21525,0.261524,0.227176,0.23091,0.189942,0.201613
3426,0.211503,0.23074,0.203454,0.207215,0.226077,0.21525,0.261524,0.227176,0.23091,0.189942,0.201613
3427,0.212699,0.23074,0.203454,0.207215,0.226077,0.21525,0.261524,0.227176,0.23091,0.189942,0.201613
3428,0.212023,0.23074,0.203454,0.207215,0.226077,0.21525,0.261524,0.227176,0.23091,0.189942,0.201613
3429,0.210143,0.23074,0.203454,0.207215,0.226077,0.21525,0.261524,0.227176,0.23091,0.189942,0.201613
3430,0.210143,0.23074,0.203454,0.207215,0.226077,0.21525,0.261048,0.227176,0.23091,0.189942,0.201613
3431,0.210143,0.23074,0.203454,0.207215,0.226077,0.21525,0.261048,0.227176,0.230231,0.189942,0.201613
3432,0.210143,0.23074,0.203454,0.207215,0.225931,0.21525,0.261048,0.227176,0.230231,0.189942,0.201613
3433,0.210143,0.23074,0.203454,0.207215,0.225931,0.214538,0.261048,0.227176,0.230231,0.189942,0.201613
3434,0.210143,0.23074,0.203454,0.207215,0.225931,0.214538,0.261048,0.226772,0.230231,0.189942,0.201613
3435,0.210143,0.22806,0.203454,0.207215,0.225931,0.214538,0.261048,0.226772,0.230231,0.189942,0.201613
3436,0.210143,0.22806,0.203454,0.207215,0.226184,0.214538,0.261048,0.226772,0.230231,0.189942,0.201613
3437,0.210143,0.22806,0.203454,0.207215,0.226184,0.214538,0.260988,0.226772,0.230231,0.189942,0.201613
3438,0.210143,0.22806,0.203454,0.207215,0.226184,0.214538,0.260988,0.226772,0.230231,0.18966,0.201613
3439,0.210143,0.22806,0.203454,0.207215,0.225514,0.214538,0.260988,0.226772,0.230231,0.18966,0.201613
3440,0.210143,0.22806,0.203454,0.208221,0.225514,0.214538,0.260988,0.226772,0.230231,0.18966,0.201613
3441,0.210143,0.22806,0.203454,0.207478,0.225514,0.214538,0.260988,0.226772,0.230231,0.18966,0.201613
3442,0.210143,0.22806,0.203454,0.207478,0.225514,0.214538,0.260985,0.226772,0.230231,0.18966,0.201613
3443,0.210143,0.22806,0.203454,0.207478,0.225514,0.214538,0.260985,0.226772,0.229569,0.18966,0.201613
3444,0.210143,0.22806,0.202951,0.207478,0.225514,0.214538,0.260985,0.226772,0.229569,0.18966,0.201613
3445,0.210143,0.22806,0.202951,0.207478,0.225514,0.214538,0.260985,0.226772,0.229569,0.18966,0.202552
3446,0.210143,0.22806,0.202951,0.207478,0.225514,0.214538,0.260985,0.226772,0.229569,0.18966,0.20341
3447,0.210143,0.22806,0.202951,0.207478,0.225514,0.214538,0.260985,0.226772,0.229569,0.18966,0.203351
3448,0.210143,0.22806,0.202951,0.207478,0.225514,0.214538,0.260985,0.226772,0.229569,0.18966,0.202598
3449,0.210143,0.22806,0.202951,0.207478,0.225514,0.214538,0.262248,0.226772,0.229569,0.18966,0.202598
3450,0.210143,0.22806,0.202951,0.207478,0.225514,0.214538,0.261975,0.226772,0.229569,0.18966,0.202598
3451,0.210143,0.22806,0.202951,0.207478,0.225514,0.214538,0.262565,0.226772,0.229569,0.18966,0.202598
3452,0.210143,0.22806,0.202951,0.207478,0.225514,0.214538,0.262661,0.226772,0.229569,0.18966,0.202598
3453,0.210143,0.22806,0.202951,0.207478,0.225514,0.214538,0.261464,0.226772,0.229569,0.18966,0.202598
3454,0.210143,0.22806,0.202951,0.207478,0.225514,0.214538,0.261464,0.227667,0.229569,0.18966,0.202598
3455,0.210143,0.22806,0.202951,0.207478,0.225514,0.214538,0.261464,0.228548,0.229569,0.18966,0.202598
3456,0.210143,0.22806,0.202951,0.207478,0.225514,0.214538,0.261464,0.228235,0.229569,0.18966,0.202598
3457,0.210143,0.22806,0.202951,0.207478,0.225514,0.214538,0.261464,0.226231,0.229569,0.18966,0.202598
3458,0.209472,0.22806,0.202951,0.207478,0.225514,0.214538,0.261464,0.226231,0.229569,0.18966,0.202598
3459,0.209472,0.22806,0.202951,0.207478,0.225514,0.215718,0.261464,0.226231,0.229569,0.18966,0.202598
3460,0.209472,0.22806,0.202951,0.207478,0.225514,0.216326,0.261464,0.226231,0.229569,0.18966,0.202598
3461,0.209472,0.22806,0.202951,0.207478,0.225514,0.21669,0.261464,0.226231,0.229569,0.18966,0.202598
3462,0.209472,0.22806,0.202951,0.207478,0.225514,0.21597,0.261464,0.226231,0.229569,0.18966,0.202598
3463,0.209472,0.22806,0.202951,0.209169,0.225514,0.21597,0.261464,0.226231,0.229569,0.18966,0.202598
3464,0.209472,0.22806,0.202951,0.210838,0.225514,0.21597,0.261464,0.226231,0.229569,0.18966,0.202598
3465,0.209472,0.22806,0.202951,0.210166,0.225514,0.21597,0.261464,0.226231,0.229569,0.18966,0.202598
3466,0.209472,0.22806,0.202951,0.209426,0.225514,0.21597,0.261464,0.226231,0.229569,0.18966,0.202598
3467,0.209472,0.22806,0.202951,0.208777,0.225514,0.21597,0.261464,0.226231,0.229569,0.18966,0.202598
3468,0.209472,0.22806,0.202951,0.208777,0.225514,0.215818,0.261464,0.226231,0.229569,0.18966,0.202598
3469,0.209472,0.22806,0.202951,0.208777,0.225514,0.215818,0.261464,0.226231,0.229569,0.190831,0.202598
3470,0.209472,0.22806,0.202951,0.208777,0.225514,0.215818,0.261464,0.226231,0.229569,0.191385,0.202598
3471,0.209472,0.22806,0.202951,0.208777,0.225514,0.215818,0.261464,0.226231,0.229569,0.19116,0.202598
3472,0.209472,0.22806,0.202951,0.208777,0.225514,0.215818,0.261464,0.226231,0.229569,0.192324,0.202598
3473,0.209472,0.22806,0.202951,0.208777,0.225514,0.215818,0.261464,0.226231,0.229569,0.194798,0.202598
3474,0.209472,0.22806,0.202951,0.208777,0.225514,0.215818,0.261464,0.226231,0.229569,0.195606,0.202598
3475,0.209472,0.22806,0.202951,0.208777,0.225514,0.215818,0.261464,0.226231,0.229569,0.198818,0.202598
3476,0.209472,0.22806,0.202951,0.208777,0.225514,0.215818,0.261464,0.226231,0.229569,0.200096,0.202598
3477,0.209472,0.22806,0.202951,0.208777,0.225514,0.215818,0.261464,0.226231,0.229569,0.201274,0.202598
3478,0.209472,0.22806,0.202951,0.208777,0.225514,0.215818,0.261464,0.226231,0.229569,0.200479,0.202598
3479,0.209472,0.22806,0.202951,0.208777,0.225514,0.215818,0.261464,0.226231,0.229569,0.199689,0.202598
3480,0.209472,0.22806,0.202951,0.208777,0.225514,0.215818,0.261464,0.226231,0.229569,0.200052,0.202598
3481,0.209472,0.22806,0.202951,0.208777,0.225514,0.215818,0.261464,0.226231,0.229569,0.199755,0.202598
3482,0.209472,0.22806,0.202951,0.208777,0.225514,0.215818,0.261464,0.226231,0.229569,0.198977,0.202598
3483,0.209472,0.22806,0.202951,0.208777,0.225514,0.215818,0.261464,0.226231,0.229569,0.199469,0.202598
3484,0.209472,0.22806,0.202951,0.208777,0.225514,0.215818,0.261464,0.226231,0.229569,0.198724,0.202598
3485,0.209472,0.22806,0.202951,0.208777,0.225514,0.215818,0.261464,0.226231,0.229569,0.197959,0.202598
3486,0.209472,0.22806,0.202951,0.208777,0.225514,0.215818,0.26087,0.226231,0.229569,0.197959,0.202598
3487,0.209472,0.22806,0.202951,0.208777,0.224586,0.215818,0.26087,0.226231,0.229569,0.197959,0.202598
3488,0.209472,0.22806,0.202951,0.208777,0.224586,0.215818,0.26087,0.226231,0.229569,0.199115,0.202598
3489,0.209472,0.22806,0.202951,0.208777,0.224586,0.215818,0.26087,0.226231,0.229569,0.199038,0.202598
3490,0.209472,0.22806,0.202951,0.208777,0.224586,0.215818,0.26087,0.226231,0.229569,0.203413,0.202598
3491,0.209472,0.22806,0.202951,0.208777,0.224586,0.215818,0.26087,0.226231,0.229569,0.203892,0.202598
3492,0.209472,0.22806,0.202951,0.208777,0.224586,0.215818,0.26087,0.226231,0.229569,0.204261,0.202598
3493,0.209472,0.22806,0.202951,0.208777,0.224586,0.215818,0.26087,0.226231,0.229569,0.205675,0.202598
3494,0.209472,0.22806,0.202951,0.208777,0.224586,0.215818,0.26087,0.226231,0.229569,0.204905,0.202598
3495,0.209472,0.22806,0.202951,0.208777,0.224586,0.215818,0.26087,0.226231,0.229569,0.204037,0.202598
3496,0.209472,0.22806,0.202951,0.208777,0.224586,0.215818,0.26087,0.226231,0.229569,0.203578,0.202598
3497,0.209472,0.22806,0.202951,0.208777,0.224586,0.215818,0.26087,0.226231,0.229569,0.204638,0.202598
3498,0.209472,0.22806,0.202951,0.208777,0.224586,0.215818,0.26087,0.226231,0.229569,0.205638,0.202598
3499,0.209472,0.22806,0.202951,0.208777,0.224586,0.215818,0.26087,0.226231,0.229569,0.204882,0.202598
3500,0.209472,0.22806,0.202951,0.208777,0.224586,0.215818,0.26087,0.226231,0.229569,0.204132,0.202598
3501,0.209472,0.22806,0.202951,0.208777,0.224586,0.215818,0.26087,0.226231,0.229569,0.20522,0.202598
3502,0.209472,0.22806,0.202951,0.208777,0.224586,0.215818,0.26087,0.226231,0.229569,0.204472,0.202598
3503,0.209472,0.22806,0.202951,0.208777,0.224586,0.215818,0.26087,0.226231,0.229569,0.204472,0.202551
3504,0.209472,0.22806,0.202205,0.208777,0.224586,0.215818,0.26087,0.226231,0.229569,0.204472,0.202551
3505,0.209472,0.22806,0.202205,0.208777,0.224586,0.215818,0.26087,0.226231,0.228896,0.204472,0.202551
3506,0.209472,0.22806,0.202205,0.208777,0.224586,0.213258,0.26087,0.226231,0.228896,0.204472,0.202551
3507,0.209472,0.22806,0.202205,0.208777,0.224586,0.213258,0.26087,0.226231,0.228896,0.203731,0.202551
3508,0.209472,0.22806,0.202205,0.210796,0.224586,0.213258,0.26087,0.226231,0.228896,0.203731,0.202551
3509,0.209472,0.22806,0.202205,0.212134,0.224586,0.213258,0.26087,0.226231,0.228896,0.203731,0.202551
3510,0.209472,0.22806,0.202205,0.211427,0.224586,0.213258,0.26087,0.226231,0.228896,0.203731,0.202551
3511,0.209472,0.22806,0.202205,0.211072,0.224586,0.213258,0.26087,0.226231,0.228896,0.203731,0.202551
3512,0.209472,0.22806,0.202205,0.211809,0.224586,0.213258,0.26087,0.226231,0.228896,0.203731,0.202551
3513,0.209472,0.22806,0.202205,0.212019,0.224586,0.213258,0.26087,0.226231,0.228896,0.203731,0.202551
3514,0.209472,0.22806,0.202205,0.214213,0.224586,0.213258,0.26087,0.226231,0.228896,0.203731,0.202551
3515,0.209472,0.22806,0.202205,0.213573,0.224586,0.213258,0.26087,0.226231,0.228896,0.203731,0.202551
3516,0.209472,0.22806,0.202205,0.21375,0.224586,0.213258,0.26087,0.226231,0.228896,0.203731,0.202551
3517,0.209472,0.22806,0.202205,0.215291,0.224586,0.213258,0.26087,0.226231,0.228896,0.203731,0.202551
3518,0.209472,0.22806,0.202205,0.216888,0.224586,0.213258,0.26087,0.226231,0.228896,0.203731,0.202551
3519,0.209472,0.22806,0.202205,0.216142,0.224586,0.213258,0.26087,0.226231,0.228896,0.203731,0.202551
3520,0.209472,0.22806,0.202205,0.217781,0.224586,0.213258,0.26087,0.226231,0.228896,0.203731,0.202551
3521,0.209472,0.22806,0.202205,0.215895,0.224586,0.213258,0.26087,0.226231,0.228896,0.203731,0.202551
3522,0.209472,0.22806,0.202205,0.216284,0.224586,0.213258,0.26087,0.226231,0.228896,0.203731,0.202551
3523,0.209472,0.22806,0.202205,0.215472,0.224586,0.213258,0.26087,0.226231,0.228896,0.203731,0.202551
3524,0.209472,0.22806,0.202205,0.214744,0.224586,0.213258,0.26087,0.226231,0.228896,0.203731,0.202551
3525,0.209472,0.22806,0.202205,0.214744,0.224586,0.213258,0.26087,0.226231,0.228896,0.203731,0.204261
3526,0.209472,0.22806,0.202205,0.214744,0.224586,0.213258,0.26087,0.226231,0.228896,0.203731,0.203513
3527,0.209472,0.22806,0.202205,0.214744,0.224586,0.213258,0.26087,0.226231,0.228896,0.203731,0.20434
3528,0.209472,0.22806,0.202205,0.214744,0.224586,0.213258,0.26087,0.226231,0.228896,0.203731,0.203923
3529,0.209657,0.22806,0.202205,0.214744,0.224586,0.213258,0.26087,0.226231,0.228896,0.203731,0.203923
3530,0.209657,0.22806,0.202205,0.214744,0.224586,0.213258,0.260876,0.226231,0.228896,0.203731,0.203923
3531,0.208235,0.22806,0.202205,0.214744,0.224586,0.213258,0.260876,0.226231,0.228896,0.203731,0.203923
3532,0.208235,0.22806,0.202205,0.214744,0.224586,0.213258,0.260427,0.226231,0.228896,0.203731,0.203923
3533,0.208235,0.22806,0.202205,0.214744,0.224586,0.213258,0.260427,0.226231,0.228896,0.203731,0.205021
3534,0.208235,0.22806,0.202205,0.214744,0.224586,0.213258,0.260427,0.226231,0.228896,0.203731,0.20456
3535,0.208235,0.22806,0.202205,0.214744,0.224586,0.213258,0.260427,0.226231,0.228229,0.203731,0.20456
3536,0.208235,0.22806,0.202205,0.214744,0.224864,0.213258,0.260427,0.226231,0.228229,0.203731,0.20456
3537,0.208235,0.22806,0.202205,0.214744,0.224864,0.213258,0.260427,0.226231,0.228229,0.203731,0.203824
3538,0.208235,0.22806,0.202205,0.214744,0.224864,0.213258,0.260427,0.225556,0.228229,0.203731,0.203824
3539,0.208235,0.22806,0.202205,0.214744,0.22275,0.213258,0.260427,0.225556,0.228229,0.203731,0.203824
3540,0.208235,0.22806,0.202205,0.216746,0.22275,0.213258,0.260427,0.225556,0.228229,0.203731,0.203824
3541,0.208235,0.22806,0.202205,0.215688,0.22275,0.213258,0.260427,0.225556,0.228229,0.203731,0.203824
3542,0.208235,0.22806,0.202205,0.214918,0.22275,0.213258,0.260427,0.225556,0.228229,0.203731,0.203824
3543,0.208235,0.22806,0.201268,0.214918,0.22275,0.213258,0.260427,0.225556,0.228229,0.203731,0.203824
3544,0.208235,0.22806,0.201268,0.214918,0.22275,0.213258,0.262143,0.225556,0.228229,0.203731,0.203824
3545,0.208235,0.22806,0.201268,0.214918,0.22275,0.213258,0.261965,0.225556,0.228229,0.203731,0.203824
3546,0.208235,0.22806,0.201268,0.214918,0.22275,0.213258,0.26144,0.225556,0.228229,0.203731,0.203824
3547,0.208235,0.22806,0.201268,0.214918,0.22275,0.213258,0.260978,0.225556,0.228229,0.203731,0.203824
3548,0.208235,0.22806,0.201268,0.214918,0.22275,0.213258,0.260978,0.225556,0.228229,0.206127,0.203824
3549,0.208235,0.22806,0.201268,0.214918,0.22275,0.213258,0.260978,0.225556,0.228229,0.205414,0.203824
3550,0.208235,0.22806,0.201268,0.214918,0.22275,0.213258,0.260978,0.225556,0.228229,0.204677,0.203824
3551,0.208235,0.229221,0.201268,0.214918,0.22275,0.213258,0.260978,0.225556,0.228229,0.204677,0.203824
3552,0.208235,0.229378,0.201268,0.214918,0.22275,0.213258,0.260978,0.225556,0.228229,0.204677,0.203824
3553,0.208235,0.229641,0.201268,0.214918,0.22275,0.213258,0.260978,0.225556,0.228229,0.204677,0.203824
3554,0.208235,0.230654,0.201268,0.214918,0.22275,0.213258,0.260978,0.225556,0.228229,0.204677,0.203824
3555,0.208235,0.230859,0.201268,0.214918,0.22275,0.213258,0.260978,0.225556,0.228229,0.204677,0.203824
3556,0.208235,0.233267,0.201268,0.214918,0.22275,0.213258,0.260978,0.225556,0.228229,0.204677,0.203824
3557,0.208235,0.235004,0.201268,0.214918,0.22275,0.213258,0.260978,0.225556,0.228229,0.204677,0.203824
3558,0.208235,0.234407,0.201268,0.214918,0.22275,0.213258,0.260978,0.225556,0.228229,0.204677,0.203824
3559,0.208235,0.233957,0.201268,0.214918,0.22275,0.213258,0.260978,0.225556,0.228229,0.204677,0.203824
3560,0.208235,0.23329,0.201268,0.214918,0.22275,0.213258,0.260978,0.225556,0.228229,0.204677,0.203824
3561,0.208235,0.233208,0.201268,0.214918,0.22275,0.213258,0.260978,0.225556,0.228229,0.204677,0.203824
3562,0.208235,0.232474,0.201268,0.214918,0.22275,0.213258,0.260978,0.225556,0.228229,0.204677,0.203824
3563,0.208235,0.230964,0.201268,0.214918,0.22275,0.213258,0.260978,0.225556,0.228229,0.204677,0.203824
3564,0.208235,0.230964,0.201268,0.214918,0.22275,0.213258,0.260428,0.225556,0.228229,0.204677,0.203824
3565,0.208235,0.230964,0.201268,0.214918,0.22275,0.213258,0.260428,0.225556,0.228229,0.203946,0.203824
3566,0.208235,0.230964,0.201268,0.214918,0.22275,0.213258,0.260428,0.225556,0.226557,0.203946,0.203824
3567,0.208235,0.230964,0.201268,0.214918,0.22275,0.213258,0.260428,0.224918,0.226557,0.203946,0.203824
3568,0.208235,0.230964,0.201268,0.214467,0.22275,0.213258,0.260428,0.224918,0.226557,0.203946,0.203824
3569,0.208235,0.230964,0.201268,0.214467,0.22275,0.213258,0.260428,0.224918,0.226557,0.203946,0.204507
3570,0.208235,0.230964,0.201268,0.214467,0.22275,0.213258,0.260428,0.224918,0.226557,0.203946,0.20375
3571,0.208235,0.230964,0.201268,0.214467,0.22275,0.213258,0.259895,0.224918,0.226557,0.203946,0.20375
3572,0.207815,0.230964,0.201268,0.214467,0.22275,0.213258,0.259895,0.224918,0.226557,0.203946,0.20375
3573,0.207815,0.230964,0.199035,0.214467,0.22275,0.213258,0.259895,0.224918,0.226557,0.203946,0.20375
3574,0.207815,0.229698,0.199035,0.214467,0.22275,0.213258,0.259895,0.224918,0.226557,0.203946,0.20375
3575,0.207815,0.229698,0.199035,0.215805,0.22275,0.213258,0.259895,0.224918,0.226557,0.203946,0.20375
3576,0.207815,0.229698,0.199035,0.214653,0.22275,0.213258,0.259895,0.224918,0.226557,0.203946,0.20375
3577,0.207815,0.229698,0.199035,0.214653,0.22275,0.213258,0.259895,0.224918,0.226557,0.203504,0.20375
3578,0.207815,0.229698,0.199035,0.214653,0.22275,0.212586,0.259895,0.224918,0.226557,0.203504,0.20375
3579,0.207815,0.229698,0.199035,0.214653,0.22275,0.212586,0.259895,0.224251,0.226557,0.203504,0.20375
3580,0.207815,0.229698,0.199035,0.214653,0.22275,0.212586,0.259349,0.224251,0.226557,0.203504,0.20375
3581,0.207815,0.229698,0.199035,0.214653,0.22275,0.212586,0.259349,0.224251,0.226557,0.203504,0.205691
3582,0.207815,0.229698,0.199035,0.214653,0.22275,0.212586,0.259349,0.224251,0.226557,0.203504,0.205351
3583,0.207815,0.229698,0.199035,0.214653,0.22275,0.212586,0.259349,0.224251,0.226557,0.203504,0.20796
3584,0.207815,0.229698,0.199035,0.214653,0.22275,0.212586,0.259349,0.224251,0.226557,0.203504,0.207227
3585,0.207815,0.229698,0.199035,0.214653,0.22275,0.212586,0.259349,0.224251,0.226557,0.203504,0.206996
3586,0.207815,0.229698,0.199035,0.214653,0.22275,0.212586,0.259349,0.224251,0.226557,0.203504,0.209987
3587,0.207815,0.229698,0.199035,0.214653,0.22275,0.212586,0.259349,0.224251,0.226557,0.203504,0.209473
3588,0.207815,0.229698,0.199035,0.214653,0.22275,0.212586,0.259349,0.224251,0.226557,0.203504,0.208825
3589,0.207815,0.229698,0.199035,0.214653,0.22275,0.212586,0.259349,0.224251,0.226557,0.203504,0.210551
3590,0.207815,0.229698,0.199035,0.214653,0.22275,0.212586,0.259349,0.224251,0.226557,0.203504,0.210613
3591,0.207815,0.229698,0.199035,0.214653,0.22275,0.212586,0.259349,0.224251,0.226557,0.203504,0.210929
3592,0.207815,0.229698,0.199035,0.214653,0.22275,0.212586,0.259349,0.224251,0.226557,0.203504,0.210061
3593,0.207815,0.229698,0.199035,0.214653,0.22275,0.212586,0.259349,0.224251,0.226557,0.203504,0.209836
3594,0.207815,0.229698,0.199035,0.214653,0.22275,0.212586,0.259349,0.224251,0.226557,0.203504,0.213468
3595,0.207815,0.229698,0.199035,0.214653,0.22275,0.212586,0.259349,0.224251,0.226557,0.203504,0.211833
3596,0.207815,0.229698,0.199035,0.214653,0.22275,0.212586,0.259349,0.224251,0.226557,0.203504,0.213057
3597,0.207815,0.229698,0.199035,0.214653,0.22275,0.212586,0.259349,0.224251,0.226557,0.203504,0.213024
3598,0.207815,0.229698,0.199035,0.214653,0.22275,0.212586,0.259349,0.224251,0.226557,0.203504,0.213304
3599,0.207815,0.229698,0.199035,0.214653,0.22275,0.212586,0.259349,0.224251,0.226557,0.203504,0.21628
3600,0.207815,0.229698,0.199035,0.214653,0.22275,0.212586,0.259349,0.224251,0.226557,0.203504,0.215314
3601,0.207815,0.229698,0.199035,0.214653,0.22275,0.212586,0.259349,0.224251,0.226557,0.203504,0.215845
3602,0.207815,0.229698,0.199035,0.214653,0.22275,0.212586,0.259349,0.224251,0.226557,0.203504,0.218772
3603,0.207815,0.229698,0.199035,0.214653,0.22275,0.212586,0.259349,0.224251,0.226557,0.203504,0.216839
3604,0.207815,0.229698,0.199035,0.214653,0.22275,0.212586,0.259349,0.224251,0.226557,0.203504,0.216317
3605,0.207815,0.229698,0.199035,0.214653,0.22275,0.212586,0.259349,0.224251,0.226557,0.203504,0.214601
3606,0.207815,0.229698,0.199035,0.214653,0.22275,0.212586,0.259349,0.224251,0.226557,0.203504,0.214799
3607,0.207815,0.229698,0.199035,0.214653,0.22275,0.212586,0.259349,0.224251,0.226557,0.203504,0.215273
3608,0.207815,0.229698,0.199035,0.214653,0.22275,0.212586,0.259349,0.224251,0.226557,0.203504,0.214143
3609,0.207431,0.229698,0.199035,0.214653,0.22275,0.212586,0.259349,0.224251,0.226557,0.203504,0.214143
3610,0.207431,0.229698,0.199035,0.215913,0.22275,0.212586,0.259349,0.224251,0.226557,0.203504,0.214143
3611,0.207431,0.229698,0.199035,0.216612,0.22275,0.212586,0.259349,0.224251,0.226557,0.203504,0.214143
3612,0.207431,0.229698,0.199035,0.216663,0.22275,0.212586,0.259349,0.224251,0.226557,0.203504,0.214143
3613,0.207431,0.229698,0.199035,0.219935,0.22275,0.212586,0.259349,0.224251,0.226557,0.203504,0.214143
3614,0.207431,0.229698,0.199035,0.219162,0.22275,0.212586,0.259349,0.224251,0.226557,0.203504,0.214143
3615,0.207431,0.229698,0.199035,0.221307,0.22275,0.212586,0.259349,0.224251,0.226557,0.203504,0.214143
3616,0.207431,0.229698,0.199035,0.219715,0.22275,0.212586,0.259349,0.224251,0.226557,0.203504,0.214143
3617,0.207431,0.229698,0.199035,0.221216,0.22275,0.212586,0.259349,0.224251,0.226557,0.203504,0.214143
3618,0.207431,0.229698,0.199035,0.22174,0.22275,0.212586,0.259349,0.224251,0.226557,0.203504,0.214143
3619,0.207431,0.229698,0.199035,0.221042,0.22275,0.212586,0.259349,0.224251,0.226557,0.203504,0.214143
3620,0.207431,0.229698,0.199035,0.222589,0.22275,0.212586,0.259349,0.224251,0.226557,0.203504,0.214143
3621,0.207431,0.229698,0.199035,0.223469,0.22275,0.212586,0.259349,0.224251,0.226557,0.203504,0.214143
3622,0.207431,0.229698,0.199035,0.223016,0.22275,0.212586,0.259349,0.224251,0.226557,0.203504,0.214143
3623,0.207431,0.229698,0.199035,0.224613,0.22275,0.212586,0.259349,0.224251,0.226557,0.203504,0.214143
3624,0.207431,0.229698,0.199035,0.224694,0.22275,0.212586,0.259349,0.224251,0.226557,0.203504,0.214143
3625,0.207431,0.229698,0.199035,0.225533,0.22275,0.212586,0.259349,0.224251,0.226557,0.203504,0.214143
3626,0.207431,0.229698,0.199035,0.225036,0.22275,0.212586,0.259349,0.224251,0.226557,0.203504,0.214143
3627,0.207431,0.229698,0.199035,0.22554,0.22275,0.212586,0.259349,0.224251,0.226557,0.203504,0.214143
3628,0.207431,0.229698,0.199035,0.226061,0.22275,0.212586,0.259349,0.224251,0.226557,0.203504,0.214143
3629,0.207431,0.229698,0.199035,0.225372,0.22275,0.212586,0.259349,0.224251,0.226557,0.203504,0.214143
3630,0.207431,0.229698,0.199035,0.225351,0.22275,0.212586,0.259349,0.224251,0.226557,0.203504,0.214143
3631,0.207431,0.229698,0.199035,0.224765,0.22275,0.212586,0.259349,0.224251,0.226557,0.203504,0.214143
3632,0.207431,0.229698,0.199035,0.223202,0.22275,0.212586,0.259349,0.224251,0.226557,0.203504,0.214143
3633,0.207431,0.229698,0.199035,0.223861,0.22275,0.212586,0.259349,0.224251,0.226557,0.203504,0.214143
3634,0.207431,0.229698,0.199035,0.224327,0.22275,0.212586,0.259349,0.224251,0.226557,0.203504,0.214143
3635,0.207431,0.229698,0.199035,0.223922,0.22275,0.212586,0.259349,0.224251,0.226557,0.203504,0.214143
3636,0.207431,0.229698,0.199035,0.2251,0.22275,0.212586,0.259349,0.224251,0.226557,0.203504,0.214143
3637,0.207431,0.229698,0.199035,0.224431,0.22275,0.212586,0.259349,0.224251,0.226557,0.203504,0.214143
3638,0.207431,0.229698,0.199035,0.224104,0.22275,0.212586,0.259349,0.224251,0.226557,0.203504,0.214143
3639,0.207431,0.229698,0.199035,0.224104,0.222162,0.212586,0.259349,0.224251,0.226557,0.203504,0.214143
3640,0.207431,0.229698,0.199035,0.224104,0.222162,0.212586,0.259349,0.224251,0.226557,0.204324,0.214143
3641,0.207431,0.229698,0.199035,0.224104,0.222162,0.212586,0.259349,0.224251,0.226557,0.203336,0.214143
3642,0.207431,0.229698,0.199035,0.224104,0.222162,0.212586,0.258805,0.224251,0.226557,0.203336,0.214143
3643,0.207431,0.229698,0.199035,0.224104,0.222162,0.212586,0.258805,0.224251,0.225074,0.203336,0.214143
3644,0.207431,0.229698,0.199035,0.224104,0.222162,0.212586,0.258805,0.224251,0.225074,0.203336,0.213456
3645,0.207431,0.229698,0.199035,0.224104,0.222162,0.211906,0.258805,0.224251,0.225074,0.203336,0.213456
3646,0.207431,0.229698,0.199035,0.224104,0.222162,0.211906,0.258805,0.222598,0.225074,0.203336,0.213456
3647,0.20743,0.229698,0.199035,0.224104,0.222162,0.211906,0.258805,0.222598,0.225074,0.203336,0.213456
3648,0.20743,0.229698,0.199035,0.222782,0.222162,0.211906,0.258805,0.222598,0.225074,0.203336,0.213456
3649,0.20743,0.229838,0.199035,0.222782,0.222162,0.211906,0.258805,0.222598,0.225074,0.203336,0.213456
3650,0.20743,0.228805,0.199035,0.222782,0.222162,0.211906,0.258805,0.222598,0.225074,0.203336,0.213456
3651,0.207143,0.228805,0.199035,0.222782,0.222162,0.211906,0.258805,0.222598,0.225074,0.203336,0.213456
3652,0.207143,0.228805,0.199035,0.222782,0.221563,0.211906,0.258805,0.222598,0.225074,0.203336,0.213456
3653,0.207143,0.228805,0.199035,0.222782,0.221563,0.211906,0.258263,0.222598,0.225074,0.203336,0.213456
3654,0.207143,0.228805,0.199035,0.222782,0.221563,0.211906,0.258263,0.222598,0.225074,0.20262,0.213456
3655,0.207143,0.228805,0.199035,0.222782,0.221563,0.211906,0.258263,0.222598,0.225074,0.20262,0.212793
3656,0.207143,0.228805,0.199035,0.222782,0.221563,0.211213,0.258263,0.222598,0.225074,0.20262,0.212793
3657,0.204309,0.228805,0.199035,0.222782,0.221563,0.211213,0.258263,0.222598,0.225074,0.20262,0.212793
3658,0.204309,0.228805,0.198,0.222782,0.221563,0.211213,0.258263,0.222598,0.225074,0.20262,0.212793
3659,0.204309,0.228805,0.198,0.222782,0.2209,0.211213,0.258263,0.222598,0.225074,0.20262,0.212793
3660,0.204309,0.228805,0.198,0.222782,0.2209,0.211213,0.25802,0.222598,0.225074,0.20262,0.212793
3661,0.204309,0.226326,0.198,0.222782,0.2209,0.211213,0.25802,0.222598,0.225074,0.20262,0.212793
3662,0.204309,0.226326,0.198,0.222782,0.2209,0.211213,0.25802,0.222598,0.225933,0.20262,0.212793
3663,0.204309,0.226326,0.198,0.222782,0.2209,0.211213,0.25802,0.222598,0.225899,0.20262,0.212793
3664,0.204309,0.226326,0.198,0.222782,0.2209,0.211213,0.25802,0.222598,0.226981,0.20262,0.212793
3665,0.204309,0.226326,0.198,0.222782,0.2209,0.211213,0.25802,0.222598,0.226435,0.20262,0.212793
3666,0.204309,0.226326,0.198,0.222782,0.2209,0.211213,0.25802,0.222598,0.225789,0.20262,0.212793
3667,0.204309,0.226326,0.198,0.223857,0.2209,0.211213,0.25802,0.222598,0.225789,0.20262,0.212793
3668,0.204309,0.226326,0.198,0.224159,0.2209,0.211213,0.25802,0.222598,0.225789,0.20262,0.212793
3669,0.204309,0.226326,0.198,0.224965,0.2209,0.211213,0.25802,0.222598,0.225789,0.20262,0.212793
3670,0.204309,0.226326,0.198,0.226767,0.2209,0.211213,0.25802,0.222598,0.225789,0.20262,0.212793
3671,0.204309,0.226326,0.198,0.226329,0.2209,0.211213,0.25802,0.222598,0.225789,0.20262,0.212793
3672,0.204309,0.226326,0.198,0.225731,0.2209,0.211213,0.25802,0.222598,0.225789,0.20262,0.212793
3673,0.204309,0.226326,0.198,0.223763,0.2209,0.211213,0.25802,0.222598,0.225789,0.20262,0.212793
3674,0.204309,0.226326,0.198,0.223763,0.2209,0.211213,0.257706,0.222598,0.225789,0.20262,0.212793
3675,0.204309,0.226326,0.198,0.223763,0.2209,0.211213,0.257706,0.222598,0.225789,0.202278,0.212793
3676,0.204309,0.226326,0.198,0.223763,0.2209,0.211213,0.257706,0.223044,0.225789,0.202278,0.212793
3677,0.204309,0.226326,0.198,0.223763,0.2209,0.211213,0.257706,0.223041,0.225789,0.202278,0.212793
3678,0.204309,0.226326,0.198,0.223763,0.2209,0.211213,0.257706,0.223041,0.225789,0.202278,0.212277
3679,0.204309,0.226326,0.198,0.223763,0.2209,0.211673,0.257706,0.223041,0.225789,0.202278,0.212277
3680,0.204309,0.226326,0.198,0.223763,0.2209,0.211388,0.257706,0.223041,0.225789,0.202278,0.212277
3681,0.204309,0.226326,0.198,0.223763,0.2209,0.211388,0.257706,0.222839,0.225789,0.202278,0.212277
3682,0.204309,0.226326,0.198,0.223763,0.2209,0.211388,0.257394,0.222839,0.225789,0.202278,0.212277
3683,0.204309,0.226326,0.198,0.223763,0.221628,0.211388,0.257394,0.222839,0.225789,0.202278,0.212277
3684,0.204309,0.226326,0.198,0.223763,0.22174,0.211388,0.257394,0.222839,0.225789,0.202278,0.212277
3685,0.204309,0.226326,0.198,0.223763,0.22087,0.211388,0.257394,0.222839,0.225789,0.202278,0.212277
3686,0.204309,0.226326,0.198,0.223763,0.22087,0.211388,0.257394,0.222839,0.225458,0.202278,0.212277
3687,0.204309,0.226326,0.197283,0.223763,0.22087,0.211388,0.257394,0.222839,0.225458,0.202278,0.212277
3688,0.204309,0.226326,0.197283,0.223763,0.22087,0.211388,0.257394,0.222839,0.225458,0.199342,0.212277
3689,0.204309,0.226326,0.197283,0.223763,0.22087,0.211616,0.257394,0.222839,0.225458,0.199342,0.212277
3690,0.204309,0.226326,0.197283,0.223763,0.22087,0.211616,0.257394,0.222235,0.225458,0.199342,0.212277
3691,0.204309,0.226326,0.197283,0.223763,0.22087,0.211616,0.257455,0.222235,0.225458,0.199342,0.212277
3692,0.204309,0.226326,0.197283,0.223763,0.22087,0.211547,0.257455,0.222235,0.225458,0.199342,0.212277
3693,0.204309,0.226326,0.197283,0.223763,0.22087,0.211547,0.257455,0.222235,0.225458,0.199342,0.214357
3694,0.204309,0.226326,0.197283,0.223763,0.22087,0.211547,0.257455,0.222235,0.225458,0.199342,0.212678
3695,0.204309,0.226326,0.197283,0.223763,0.22087,0.211547,0.25637,0.222235,0.225458,0.199342,0.212678
3696,0.204309,0.226326,0.197283,0.223117,0.22087,0.211547,0.25637,0.222235,0.225458,0.199342,0.212678
3697,0.204309,0.226326,0.197283,0.223117,0.22087,0.211547,0.25637,0.222235,0.225101,0.199342,0.212678
3698,0.204309,0.226326,0.197283,0.223117,0.22087,0.211547,0.25637,0.222235,0.225101,0.199342,0.212718
3699,0.204309,0.226326,0.197283,0.223117,0.22087,0.213311,0.25637,0.222235,0.225101,0.199342,0.212718
3700,0.204309,0.226326,0.197283,0.223117,0.22087,0.212627,0.25637,0.222235,0.225101,0.199342,0.212718
3701,0.204309,0.226326,0.197283,0.223117,0.22087,0.212405,0.25637,0.222235,0.225101,0.199342,0.212718
3702,0.204309,0.226326,0.197283,0.223117,0.221123,0.212405,0.25637,0.222235,0.225101,0.199342,0.212718
3703,0.204309,0.226326,0.197283,0.223117,0.220621,0.212405,0.25637,0.222235,0.225101,0.199342,0.212718
3704,0.204309,0.226326,0.197283,0.223117,0.220621,0.213448,0.25637,0.222235,0.225101,0.199342,0.212718
3705,0.204309,0.226326,0.197283,0.223117,0.220621,0.212611,0.25637,0.222235,0.225101,0.199342,0.212718
3706,0.204309,0.226326,0.197283,0.223117,0.220621,0.212611,0.25637,0.222235,0.225101,0.199342,0.212229
3707,0.204309,0.226326,0.197283,0.223117,0.220621,0.212611,0.25637,0.223083,0.225101,0.199342,0.212229
3708,0.204309,0.226326,0.197283,0.223117,0.220621,0.212611,0.25637,0.224078,0.225101,0.199342,0.212229
3709,0.204309,0.226326,0.197283,0.223117,0.220621,0.212611,0.25637,0.223667,0.225101,0.199342,0.212229
3710,0.204309,0.226326,0.197283,0.223117,0.220621,0.212611,0.25637,0.223634,0.225101,0.199342,0.212229
3711,0.204309,0.226326,0.197283,0.223117,0.220621,0.212611,0.25637,0.22517,0.225101,0.199342,0.212229
3712,0.204309,0.226326,0.197283,0.223117,0.220621,0.212611,0.25637,0.224535,0.225101,0.199342,0.212229
3713,0.204309,0.226326,0.197283,0.223117,0.220621,0.212611,0.25637,0.225177,0.225101,0.199342,0.212229
3714,0.204309,0.226326,0.197283,0.223117,0.220621,0.212611,0.25637,0.224884,0.225101,0.199342,0.212229
3715,0.204309,0.226326,0.197283,0.223117,0.220621,0.212611,0.25637,0.223468,0.225101,0.199342,0.212229
3716,0.204309,0.226326,0.196655,0.223117,0.220621,0.212611,0.25637,0.223468,0.225101,0.199342,0.212229
3717,0.204309,0.226326,0.196655,0.223117,0.220621,0.212611,0.25637,0.223468,0.224982,0.199342,0.212229
3718,0.204309,0.226326,0.196655,0.22343,0.220621,0.212611,0.25637,0.223468,0.224982,0.199342,0.212229
3719,0.204309,0.226326,0.196655,0.222788,0.220621,0.212611,0.25637,0.223468,0.224982,0.199342,0.212229
3720,0.204309,0.226326,0.196655,0.222788,0.220621,0.212978,0.25637,0.223468,0.224982,0.199342,0.212229
3721,0.204309,0.226326,0.196655,0.222788,0.220621,0.212413,0.25637,0.223468,0.224982,0.199342,0.212229
3722,0.204309,0.226326,0.196655,0.222788,0.220621,0.212413,0.257188,0.223468,0.224982,0.199342,0.212229
3723,0.204309,0.226326,0.196655,0.222788,0.220621,0.212413,0.257444,0.223468,0.224982,0.199342,0.212229
3724,0.204309,0.226326,0.196655,0.222788,0.220621,0.212413,0.257147,0.223468,0.224982,0.199342,0.212229
3725,0.204309,0.226326,0.196655,0.222788,0.220621,0.212413,0.25701,0.223468,0.224982,0.199342,0.212229
3726,0.204309,0.226326,0.196655,0.222788,0.219831,0.212413,0.25701,0.223468,0.224982,0.199342,0.212229
3727,0.204309,0.226326,0.196655,0.222788,0.219831,0.212413,0.25701,0.223468,0.226369,0.199342,0.212229
3728,0.204309,0.226326,0.196655,0.222788,0.219831,0.212413,0.25701,0.223468,0.228016,0.199342,0.212229
3729,0.204309,0.226326,0.196655,0.222788,0.219831,0.212413,0.25701,0.223468,0.22866,0.199342,0.212229
3730,0.204309,0.226326,0.196655,0.222788,0.219831,0.212413,0.25701,0.223468,0.229616,0.199342,0.212229
3731,0.204309,0.226326,0.196655,0.222788,0.219831,0.212413,0.25701,0.223468,0.22903,0.199342,0.212229
3732,0.204309,0.226326,0.196655,0.222788,0.219831,0.212413,0.25701,0.223468,0.228392,0.199342,0.212229
3733,0.204309,0.226326,0.196655,0.222788,0.219831,0.212413,0.25701,0.223468,0.227979,0.199342,0.212229
3734,0.204309,0.226326,0.196655,0.222788,0.219831,0.212413,0.25701,0.223468,0.228207,0.199342,0.212229
3735,0.204309,0.226326,0.196655,0.222788,0.219831,0.212413,0.25701,0.223468,0.229258,0.199342,0.212229
3736,0.204309,0.226326,0.196655,0.222788,0.219831,0.212413,0.25701,0.223468,0.229238,0.199342,0.212229
3737,0.204309,0.226326,0.196655,0.222788,0.219831,0.212413,0.25701,0.223468,0.228608,0.199342,0.212229
3738,0.204309,0.226326,0.196655,0.222788,0.219831,0.212413,0.25701,0.223468,0.228966,0.199342,0.212229
3739,0.204309,0.226326,0.196655,0.222788,0.219831,0.212413,0.25701,0.223468,0.229863,0.199342,0.212229
3740,0.204309,0.226326,0.196655,0.222788,0.219831,0.212413,0.25701,0.223468,0.230489,0.199342,0.212229
3741,0.204309,0.226326,0.196655,0.222788,0.219831,0.212413,0.25701,0.223468,0.229862,0.199342,0.212229
3742,0.204309,0.226326,0.196655,0.222788,0.219831,0.212413,0.25701,0.223468,0.229306,0.199342,0.212229
3743,0.203441,0.226326,0.196655,0.222788,0.219831,0.212413,0.25701,0.223468,0.229306,0.199342,0.212229
3744,0.203441,0.226326,0.196655,0.222788,0.219831,0.212413,0.256483,0.223468,0.229306,0.199342,0.212229
3745,0.203441,0.226326,0.196655,0.222788,0.219831,0.212413,0.256483,0.223468,0.229306,0.199342,0.211557
3746,0.203441,0.227093,0.196655,0.222788,0.219831,0.212413,0.256483,0.223468,0.229306,0.199342,0.211557
3747,0.203441,0.226462,0.196655,0.222788,0.219831,0.212413,0.256483,0.223468,0.229306,0.199342,0.211557
3748,0.203441,0.226462,0.196655,0.222788,0.219831,0.212413,0.256483,0.223468,0.228776,0.199342,0.211557
3749,0.203441,0.226462,0.195934,0.222788,0.219831,0.212413,0.256483,0.223468,0.228776,0.199342,0.211557
3750,0.203441,0.228876,0.195934,0.222788,0.219831,0.212413,0.256483,0.223468,0.228776,0.199342,0.211557
3751,0.203441,0.228315,0.195934,0.222788,0.219831,0.212413,0.256483,0.223468,0.228776,0.199342,0.211557
3752,0.203441,0.227735,0.195934,0.222788,0.219831,0.212413,0.256483,0.223468,0.228776,0.199342,0.211557
3753,0.203441,0.227374,0.195934,0.222788,0.219831,0.212413,0.256483,0.223468,0.228776,0.199342,0.211557
3754,0.203441,0.227374,0.195934,0.222788,0.219831,0.211745,0.256483,0.223468,0.228776,0.199342,0.211557
3755,0.203441,0.227374,0.195934,0.223224,0.219831,0.211745,0.256483,0.223468,0.228776,0.199342,0.211557
3756,0.203441,0.227374,0.195934,0.222586,0.219831,0.211745,0.256483,0.223468,0.228776,0.199342,0.211557
3757,0.203441,0.227374,0.195934,0.222586,0.219831,0.211745,0.257334,0.223468,0.228776,0.199342,0.211557
3758,0.203441,0.227374,0.195934,0.222586,0.219831,0.211745,0.257622,0.223468,0.228776,0.199342,0.211557
3759,0.203441,0.227374,0.195934,0.222586,0.219831,0.211745,0.256728,0.223468,0.228776,0.199342,0.211557
3760,0.203441,0.227884,0.195934,0.222586,0.219831,0.211745,0.256728,0.223468,0.228776,0.199342,0.211557
3761,0.203441,0.228155,0.195934,0.222586,0.219831,0.211745,0.256728,0.223468,0.228776,0.199342,0.211557
3762,0.203441,0.230744,0.195934,0.222586,0.219831,0.211745,0.256728,0.223468,0.228776,0.199342,0.211557
3763,0.203441,0.230117,0.195934,0.222586,0.219831,0.211745,0.256728,0.223468,0.228776,0.199342,0.211557
3764,0.203441,0.229493,0.195934,0.222586,0.219831,0.211745,0.256728,0.223468,0.228776,0.199342,0.211557
3765,0.203441,0.228873,0.195934,0.222586,0.219831,0.211745,0.256728,0.223468,0.228776,0.199342,0.211557
3766,0.203441,0.228873,0.195934,0.222586,0.219831,0.211745,0.256728,0.223056,0.228776,0.199342,0.211557
3767,0.203441,0.228873,0.195934,0.222586,0.220775,0.211745,0.256728,0.223056,0.228776,0.199342,0.211557
3768,0.203441,0.228873,0.195934,0.222586,0.219294,0.211745,0.256728,0.223056,0.228776,0.199342,0.211557
3769,0.203441,0.228873,0.195934,0.222586,0.219294,0.211745,0.256511,0.223056,0.228776,0.199342,0.211557
3770,0.203441,0.228873,0.195934,0.222586,0.219294,0.211745,0.256511,0.223056,0.228776,0.199342,0.21089
3771,0.203441,0.228256,0.195934,0.222586,0.219294,0.211745,0.256511,0.223056,0.228776,0.199342,0.21089
3772,0.203441,0.228256,0.195934,0.222586,0.219294,0.211745,0.256511,0.223056,0.227932,0.199342,0.21089
3773,0.203074,0.228256,0.195934,0.222586,0.219294,0.211745,0.256511,0.223056,0.227932,0.199342,0.21089
3774,0.203074,0.228256,0.195934,0.221341,0.219294,0.211745,0.256511,0.223056,0.227932,0.199342,0.21089
3775,0.203074,0.228256,0.195934,0.221341,0.219294,0.211745,0.255974,0.223056,0.227932,0.199342,0.21089
3776,0.203074,0.228256,0.195934,0.221341,0.219294,0.211745,0.255974,0.222471,0.227932,0.199342,0.21089
3777,0.203074,0.228256,0.195585,0.221341,0.219294,0.211745,0.255974,0.222471,0.227932,0.199342,0.21089
3778,0.203074,0.228256,0.195585,0.221341,0.219294,0.211081,0.255974,0.222471,0.227932,0.199342,0.21089
3779,0.203074,0.228256,0.195585,0.221341,0.219294,0.211081,0.255974,0.222471,0.227932,0.199423,0.21089
3780,0.203074,0.228256,0.195585,0.221341,0.219294,0.211081,0.255974,0.222471,0.227932,0.199619,0.21089
3781,0.202391,0.228256,0.195585,0.221341,0.219294,0.211081,0.255974,0.222471,0.227932,0.199619,0.21089
3782,0.202391,0.227668,0.195585,0.221341,0.219294,0.211081,0.255974,0.222471,0.227932,0.199619,0.21089
3783,0.202391,0.227668,0.195585,0.221341,0.219294,0.211081,0.255974,0.222471,0.227932,0.199619,0.212329
3784,0.202391,0.227668,0.195585,0.221341,0.219294,0.211081,0.255974,0.222471,0.227932,0.199619,0.21219
3785,0.202391,0.227668,0.195585,0.221341,0.219294,0.211081,0.255974,0.222471,0.227932,0.199619,0.21128
3786,0.202391,0.227668,0.195585,0.221341,0.219294,0.211081,0.255974,0.222471,0.227932,0.199362,0.21128
3787,0.202391,0.227668,0.195585,0.221341,0.219294,0.211081,0.25552,0.222471,0.227932,0.199362,0.21128
3788,0.202391,0.227668,0.195585,0.221341,0.22191,0.211081,0.25552,0.222471,0.227932,0.199362,0.21128
3789,0.202391,0.227668,0.195585,0.221341,0.221475,0.211081,0.25552,0.222471,0.227932,0.199362,0.21128
3790,0.202391,0.227668,0.195585,0.221341,0.22091,0.211081,0.25552,0.222471,0.227932,0.199362,0.21128
3791,0.202391,0.227668,0.195585,0.221341,0.223383,0.211081,0.25552,0.222471,0.227932,0.199362,0.21128
3792,0.202391,0.227668,0.195585,0.221341,0.225645,0.211081,0.25552,0.222471,0.227932,0.199362,0.21128
3793,0.202391,0.227668,0.195585,0.221341,0.224997,0.211081,0.25552,0.222471,0.227932,0.199362,0.21128
3794,0.202391,0.227668,0.195585,0.221341,0.226782,0.211081,0.25552,0.222471,0.227932,0.199362,0.21128
3795,0.202391,0.227668,0.195585,0.221341,0.227701,0.211081,0.25552,0.222471,0.227932,0.199362,0.21128
3796,0.202391,0.227668,0.195585,0.221341,0.227247,0.211081,0.25552,0.222471,0.227932,0.199362,0.21128
3797,0.202391,0.227668,0.195585,0.221341,0.226601,0.211081,0.25552,0.222471,0.227932,0.199362,0.21128
3798,0.202391,0.227668,0.195585,0.221341,0.225726,0.211081,0.25552,0.222471,0.227932,0.199362,0.21128
3799,0.202391,0.227668,0.195585,0.221341,0.22558,0.211081,0.25552,0.222471,0.227932,0.199362,0.21128
3800,0.202391,0.227668,0.195585,0.221341,0.224945,0.211081,0.25552,0.222471,0.227932,0.199362,0.21128
3801,0.202391,0.227668,0.195585,0.221341,0.228652,0.211081,0.25552,0.222471,0.227932,0.199362,0.21128
3802,0.202391,0.227668,0.195585,0.221341,0.228659,0.211081,0.25552,0.222471,0.227932,0.199362,0.21128
3803,0.202391,0.227668,0.195585,0.221341,0.231255,0.211081,0.25552,0.222471,0.227932,0.199362,0.21128
3804,0.202391,0.227668,0.195585,0.221341,0.231774,0.211081,0.25552,0.222471,0.227932,0.199362,0.21128
3805,0.202391,0.227668,0.195585,0.221341,0.23113,0.211081,0.25552,0.222471,0.227932,0.199362,0.21128
3806,0.202391,0.227668,0.195585,0.221341,0.230561,0.211081,0.25552,0.222471,0.227932,0.199362,0.21128
3807,0.202391,0.227668,0.195585,0.221341,0.230453,0.211081,0.25552,0.222471,0.227932,0.199362,0.21128
3808,0.202391,0.227668,0.195585,0.221341,0.229884,0.211081,0.25552,0.222471,0.227932,0.199362,0.21128
3809,0.202391,0.227668,0.195585,0.221341,0.229253,0.211081,0.25552,0.222471,0.227932,0.199362,0.21128
3810,0.202391,0.227668,0.195585,0.221341,0.22864,0.211081,0.25552,0.222471,0.227932,0.199362,0.21128
3811,0.202391,0.227668,0.195585,0.221341,0.228811,0.211081,0.25552,0.222471,0.227932,0.199362,0.21128
3812,0.202391,0.227668,0.195585,0.221341,0.228415,0.211081,0.25552,0.222471,0.227932,0.199362,0.21128
3813,0.202391,0.227668,0.195585,0.221341,0.229439,0.211081,0.25552,0.222471,0.227932,0.199362,0.21128
3814,0.202391,0.227668,0.195585,0.221341,0.229098,0.211081,0.25552,0.222471,0.227932,0.199362,0.21128
3815,0.202391,0.227668,0.195585,0.221341,0.228055,0.211081,0.25552,0.222471,0.227932,0.199362,0.21128
3816,0.202391,0.227668,0.195585,0.221341,0.226063,0.211081,0.25552,0.222471,0.227932,0.199362,0.21128
3817,0.202391,0.227668,0.195585,0.221341,0.226063,0.211081,0.25552,0.222471,0.227695,0.199362,0.21128
3818,0.202391,0.227668,0.194887,0.221341,0.226063,0.211081,0.25552,0.222471,0.227695,0.199362,0.21128
3819,0.202391,0.227668,0.194887,0.221341,0.226063,0.211081,0.25552,0.221611,0.227695,0.199362,0.21128
3820,0.202391,0.227668,0.194887,0.221341,0.226063,0.210421,0.25552,0.221611,0.227695,0.199362,0.21128
3821,0.202391,0.227668,0.194887,0.221341,0.226063,0.210421,0.25552,0.221611,0.227695,0.199362,0.210594
3822,0.202391,0.227668,0.194887,0.221341,0.226063,0.210421,0.25552,0.221611,0.227203,0.199362,0.210594
3823,0.202391,0.227668,0.194887,0.221341,0.226063,0.210421,0.25552,0.221611,0.227203,0.198965,0.210594
3824,0.202391,0.227668,0.194887,0.221341,0.226063,0.210421,0.255079,0.221611,0.227203,0.198965,0.210594
3825,0.202391,0.226016,0.194887,0.221341,0.226063,0.210421,0.255079,0.221611,0.227203,0.198965,0.210594
3826,0.202391,0.226016,0.194887,0.220664,0.226063,0.210421,0.255079,0.221611,0.227203,0.198965,0.210594
3827,0.201774,0.226016,0.194887,0.220664,0.226063,0.210421,0.255079,0.221611,0.227203,0.198965,0.210594
3828,0.201774,0.226016,0.194887,0.220664,0.226063,0.210421,0.254968,0.221611,0.227203,0.198965,0.210594
3829,0.201774,0.226016,0.193164,0.220664,0.226063,0.210421,0.254968,0.221611,0.227203,0.198965,0.210594
3830,0.201774,0.226016,0.193164,0.220664,0.226063,0.210421,0.254968,0.221611,0.227003,0.198965,0.210594
3831,0.201774,0.226016,0.193164,0.220664,0.226063,0.210421,0.254968,0.222479,0.227003,0.198965,0.210594
3832,0.201774,0.226016,0.193164,0.220664,0.226063,0.210421,0.254968,0.221555,0.227003,0.198965,0.210594
3833,0.201774,0.226016,0.193164,0.220664,0.226063,0.210421,0.254968,0.221555,0.227003,0.198762,0.210594
3834,0.201774,0.226016,0.193164,0.220664,0.226063,0.209506,0.254968,0.221555,0.227003,0.198762,0.210594
3835,0.201774,0.226016,0.193164,0.220664,0.226063,0.209506,0.253966,0.221555,0.227003,0.198762,0.210594
3836,0.201774,0.226016,0.193164,0.220664,0.226063,0.209506,0.253966,0.221555,0.227003,0.198762,0.212328
3837,0.201774,0.226016,0.193164,0.220664,0.226063,0.209506,0.253966,0.221555,0.227003,0.198762,0.211671
3838,0.201774,0.226016,0.193164,0.220664,0.226063,0.209506,0.253966,0.221555,0.227003,0.198762,0.211902
3839,0.201774,0.226016,0.193164,0.220664,0.226063,0.209506,0.253966,0.221555,0.227003,0.198762,0.210465
3840,0.201774,0.226016,0.193164,0.219924,0.226063,0.209506,0.253966,0.221555,0.227003,0.198762,0.210465
3841,0.201099,0.226016,0.193164,0.219924,0.226063,0.209506,0.253966,0.221555,0.227003,0.198762,0.210465
3842,0.201099,0.226016,0.193164,0.219924,0.226063,0.209506,0.253966,0.221555,0.226397,0.198762,0.210465
3843,0.201099,0.226016,0.193164,0.219924,0.226137,0.209506,0.253966,0.221555,0.226397,0.198762,0.210465
3844,0.201099,0.226016,0.193164,0.219924,0.226137,0.209506,0.253966,0.221555,0.226397,0.198197,0.210465
3845,0.201099,0.226016,0.193164,0.219924,0.226137,0.209506,0.253966,0.224151,0.226397,0.198197,0.210465
3846,0.201099,0.226016,0.193164,0.219924,0.226137,0.209506,0.253966,0.223699,0.226397,0.198197,0.210465
3847,0.201099,0.226016,0.193164,0.219924,0.226137,0.209506,0.253966,0.223107,0.226397,0.198197,0.210465
3848,0.201099,0.226016,0.193164,0.219924,0.226137,0.209506,0.253966,0.223814,0.226397,0.198197,0.210465
3849,0.201099,0.226016,0.193164,0.219924,0.226137,0.209506,0.253966,0.223892,0.226397,0.198197,0.210465
3850,0.201099,0.226016,0.193164,0.219924,0.226137,0.209506,0.253966,0.222283,0.226397,0.198197,0.210465
3851,0.201099,0.226016,0.193164,0.219924,0.226067,0.209506,0.253966,0.222283,0.226397,0.198197,0.210465
3852,0.201099,0.226016,0.193164,0.219924,0.227487,0.209506,0.253966,0.222283,0.226397,0.198197,0.210465
3853,0.201099,0.226016,0.193164,0.219924,0.227039,0.209506,0.253966,0.222283,0.226397,0.198197,0.210465
3854,0.201099,0.226016,0.193164,0.219924,0.226435,0.209506,0.253966,0.222283,0.226397,0.198197,0.210465
3855,0.201099,0.225377,0.193164,0.219924,0.226435,0.209506,0.253966,0.222283,0.226397,0.198197,0.210465
3856,0.201099,0.225377,0.193164,0.219924,0.226435,0.208482,0.253966,0.222283,0.226397,0.198197,0.210465
3857,0.201099,0.225377,0.193164,0.219924,0.226435,0.208482,0.253456,0.222283,0.226397,0.198197,0.210465
3858,0.201099,0.225377,0.193164,0.219924,0.226435,0.208482,0.253456,0.222283,0.225854,0.198197,0.210465
3859,0.201099,0.225377,0.193164,0.222956,0.226435,0.208482,0.253456,0.222283,0.225854,0.198197,0.210465
3860,0.201099,0.225377,0.193164,0.223397,0.226435,0.208482,0.253456,0.222283,0.225854,0.198197,0.210465
3861,0.201099,0.225377,0.193164,0.222957,0.226435,0.208482,0.253456,0.222283,0.225854,0.198197,0.210465
3862,0.201099,0.225377,0.193164,0.224636,0.226435,0.208482,0.253456,0.222283,0.225854,0.198197,0.210465
3863,0.201099,0.225377,0.193164,0.22435,0.226435,0.208482,0.253456,0.222283,0.225854,0.198197,0.210465
3864,0.201099,0.225377,0.193164,0.223994,0.226435,0.208482,0.253456,0.222283,0.225854,0.198197,0.210465
3865,0.201099,0.225377,0.193164,0.225021,0.226435,0.208482,0.253456,0.222283,0.225854,0.198197,0.210465
3866,0.201099,0.225377,0.193164,0.226729,0.226435,0.208482,0.253456,0.222283,0.225854,0.198197,0.210465
3867,0.201099,0.225377,0.193164,0.226103,0.226435,0.208482,0.253456,0.222283,0.225854,0.198197,0.210465
3868,0.201099,0.225377,0.193164,0.225294,0.226435,0.208482,0.253456,0.222283,0.225854,0.198197,0.210465
3869,0.201099,0.225377,0.193164,0.224684,0.226435,0.208482,0.253456,0.222283,0.225854,0.198197,0.210465
3870,0.201099,0.225377,0.193164,0.225723,0.226435,0.208482,0.253456,0.222283,0.225854,0.198197,0.210465
3871,0.201099,0.225377,0.193164,0.225658,0.226435,0.208482,0.253456,0.222283,0.225854,0.198197,0.210465
3872,0.201099,0.225377,0.193164,0.225043,0.226435,0.208482,0.253456,0.222283,0.225854,0.198197,0.210465
3873,0.201099,0.225377,0.193164,0.224664,0.226435,0.208482,0.253456,0.222283,0.225854,0.198197,0.210465
3874,0.201099,0.225377,0.193164,0.22508,0.226435,0.208482,0.253456,0.222283,0.225854,0.198197,0.210465
3875,0.201099,0.225377,0.193164,0.225564,0.226435,0.208482,0.253456,0.222283,0.225854,0.198197,0.210465
3876,0.201099,0.225377,0.193164,0.224956,0.226435,0.208482,0.253456,0.222283,0.225854,0.198197,0.210465
3877,0.200701,0.225377,0.193164,0.224956,0.226435,0.208482,0.253456,0.222283,0.225854,0.198197,0.210465
3878,0.200701,0.225377,0.193164,0.224956,0.226435,0.208482,0.253456,0.222283,0.225854,0.197805,0.210465
3879,0.200701,0.225377,0.193164,0.224956,0.226827,0.208482,0.253456,0.222283,0.225854,0.197805,0.210465
3880,0.200701,0.225377,0.193164,0.224956,0.226687,0.208482,0.253456,0.222283,0.225854,0.197805,0.210465
3881,0.200701,0.225377,0.193164,0.226191,0.226687,0.208482,0.253456,0.222283,0.225854,0.197805,0.210465
3882,0.200701,0.225377,0.193164,0.229188,0.226687,0.208482,0.253456,0.222283,0.225854,0.197805,0.210465
3883,0.200701,0.225377,0.193164,0.228393,0.226687,0.208482,0.253456,0.222283,0.225854,0.197805,0.210465
3884,0.200701,0.225377,0.193164,0.229525,0.226687,0.208482,0.253456,0.222283,0.225854,0.197805,0.210465
3885,0.200701,0.225377,0.193164,0.23245,0.226687,0.208482,0.253456,0.222283,0.225854,0.197805,0.210465
3886,0.200701,0.225377,0.193164,0.231711,0.226687,0.208482,0.253456,0.222283,0.225854,0.197805,0.210465
3887,0.200701,0.225377,0.193164,0.231085,0.226687,0.208482,0.253456,0.222283,0.225854,0.197805,0.210465
3888,0.200701,0.225377,0.193164,0.230515,0.226687,0.208482,0.253456,0.222283,0.225854,0.197805,0.210465
3889,0.200701,0.225377,0.193164,0.22995,0.226687,0.208482,0.253456,0.222283,0.225854,0.197805,0.210465
3890,0.200701,0.225377,0.193164,0.229067,0.226687,0.208482,0.253456,0.222283,0.225854,0.197805,0.210465
3891,0.200701,0.225377,0.193164,0.228974,0.226687,0.208482,0.253456,0.222283,0.225854,0.197805,0.210465
3892,0.200701,0.225377,0.193164,0.228481,0.226687,0.208482,0.253456,0.222283,0.225854,0.197805,0.210465
3893,0.200701,0.225377,0.193164,0.227947,0.226687,0.208482,0.253456,0.222283,0.225854,0.197805,0.210465
3894,0.200701,0.225377,0.193164,0.227947,0.226687,0.208482,0.253456,0.222283,0.225854,0.197805,0.21319
3895,0.200701,0.225377,0.193164,0.227947,0.226687,0.208482,0.253456,0.222283,0.225854,0.197805,0.212538
3896,0.200701,0.225377,0.193164,0.227947,0.226687,0.208482,0.253456,0.222283,0.225854,0.197805,0.214024
3897,0.200701,0.225377,0.193164,0.227947,0.226687,0.208482,0.253456,0.222283,0.225854,0.197805,0.213722
3898,0.200701,0.225377,0.193164,0.227947,0.226687,0.208482,0.253456,0.222283,0.225854,0.197805,0.214775
3899,0.200701,0.225377,0.193164,0.227947,0.226687,0.208482,0.253456,0.222283,0.225854,0.197805,0.215094
3900,0.200701,0.225377,0.193164,0.227947,0.226687,0.208482,0.253456,0.222283,0.225854,0.197805,0.213941
3901,0.200701,0.225377,0.193164,0.227947,0.226687,0.208482,0.253456,0.222283,0.225854,0.197805,0.213562
3902,0.200701,0.225377,0.193164,0.227947,0.226687,0.208482,0.253456,0.222283,0.225854,0.197805,0.212971
3903,0.200701,0.225377,0.193164,0.227947,0.226687,0.208482,0.253456,0.224418,0.225854,0.197805,0.212971
3904,0.200701,0.225377,0.193164,0.227947,0.226687,0.208482,0.253456,0.224361,0.225854,0.197805,0.212971
3905,0.200701,0.225377,0.193164,0.227947,0.226687,0.208482,0.253456,0.223818,0.225854,0.197805,0.212971
3906,0.200701,0.225377,0.193164,0.227947,0.226687,0.208482,0.253456,0.225082,0.225854,0.197805,0.212971
3907,0.200701,0.225377,0.193164,0.227947,0.226687,0.208482,0.253456,0.225462,0.225854,0.197805,0.212971
3908,0.200701,0.225377,0.193164,0.227947,0.226687,0.208482,0.253456,0.224016,0.225854,0.197805,0.212971
3909,0.200701,0.225377,0.193164,0.227947,0.226687,0.208482,0.253456,0.223685,0.225854,0.197805,0.212971
3910,0.200701,0.225377,0.193164,0.227947,0.225563,0.208482,0.253456,0.223685,0.225854,0.197805,0.212971
3911,0.200701,0.225377,0.192411,0.227947,0.225563,0.208482,0.253456,0.223685,0.225854,0.197805,0.212971
3912,0.200701,0.225377,0.192411,0.227947,0.225563,0.208482,0.253929,0.223685,0.225854,0.197805,0.212971
3913,0.200701,0.225377,0.192411,0.227947,0.225563,0.208482,0.254019,0.223685,0.225854,0.197805,0.212971
3914,0.200701,0.225377,0.192411,0.227947,0.225563,0.208482,0.253632,0.223685,0.225854,0.197805,0.212971
3915,0.200701,0.227637,0.192411,0.227947,0.225563,0.208482,0.253632,0.223685,0.225854,0.197805,0.212971
3916,0.200701,0.227032,0.192411,0.227947,0.225563,0.208482,0.253632,0.223685,0.225854,0.197805,0.212971
3917,0.200701,0.22643,0.192411,0.227947,0.225563,0.208482,0.253632,0.223685,0.225854,0.197805,0.212971
3918,0.200701,0.225831,0.192411,0.227947,0.225563,0.208482,0.253632,0.223685,0.225854,0.197805,0.212971
3919,0.200701,0.225831,0.192411,0.227947,0.225563,0.208482,0.253632,0.223685,0.226457,0.197805,0.212971
3920,0.200701,0.225831,0.192411,0.227947,0.225563,0.208482,0.253632,0.223685,0.225739,0.197805,0.212971
3921,0.200256,0.225831,0.192411,0.227947,0.225563,0.208482,0.253632,0.223685,0.225739,0.197805,0.212971
3922,0.200256,0.225831,0.192411,0.227947,0.225563,0.208482,0.253632,0.223685,0.225739,0.197805,0.213875
3923,0.200256,0.225831,0.192411,0.227947,0.225563,0.208482,0.253632,0.223685,0.225739,0.197805,0.214453
3924,0.200256,0.225831,0.192411,0.227947,0.225563,0.208482,0.253632,0.223685,0.225739,0.197805,0.213925
3925,0.200256,0.225831,0.192411,0.228334,0.225563,0.208482,0.253632,0.223685,0.225739,0.197805,0.213925
3926,0.200256,0.225831,0.192411,0.228,0.225563,0.208482,0.253632,0.223685,0.225739,0.197805,0.213925
3927,0.200256,0.225831,0.192411,0.228,0.225563,0.208482,0.253632,0.223685,0.225739,0.197805,0.212865
3928,0.200256,0.225831,0.192411,0.228,0.225563,0.208482,0.253632,0.223685,0.225739,0.197242,0.212865
3929,0.200256,0.225831,0.192411,0.228,0.225563,0.208482,0.253632,0.223157,0.225739,0.197242,0.212865
3930,0.200256,0.225831,0.192411,0.228,0.225563,0.208482,0.252947,0.223157,0.225739,0.197242,0.212865
3931,0.200256,0.225831,0.192411,0.228,0.225563,0.207836,0.252947,0.223157,0.225739,0.197242,0.212865
3932,0.200256,0.2255,0.192411,0.228,0.225563,0.207836,0.252947,0.223157,0.225739,0.197242,0.212865
3933,0.200256,0.2255,0.192411,0.227411,0.225563,0.207836,0.252947,0.223157,0.225739,0.197242,0.212865
3934,0.200256,0.2255,0.192411,0.227411,0.225563,0.207836,0.252947,0.223157,0.226415,0.197242,0.212865
3935,0.200256,0.2255,0.192411,0.227411,0.225563,0.207836,0.252947,0.223157,0.22658,0.197242,0.212865
3936,0.200256,0.2255,0.192411,0.227411,0.225563,0.207836,0.252947,0.223157,0.22625,0.197242,0.212865
3937,0.199593,0.2255,0.192411,0.227411,0.225563,0.207836,0.252947,0.223157,0.22625,0.197242,0.212865
3938,0.199593,0.2255,0.191112,0.227411,0.225563,0.207836,0.252947,0.223157,0.22625,0.197242,0.212865
3939,0.199593,0.2255,0.191112,0.227411,0.225563,0.207836,0.252947,0.223157,0.225922,0.197242,0.212865
3940,0.199593,0.2255,0.191112,0.227411,0.225563,0.207836,0.252947,0.222556,0.225922,0.197242,0.212865
3941,0.199593,0.2255,0.191112,0.227411,0.226085,0.207836,0.252947,0.222556,0.225922,0.197242,0.212865
3942,0.199593,0.2255,0.191112,0.227411,0.225643,0.207836,0.252947,0.222556,0.225922,0.197242,0.212865
3943,0.199593,0.2255,0.191112,0.227411,0.225643,0.207836,0.252841,0.222556,0.225922,0.197242,0.212865
3944,0.199593,0.2255,0.191112,0.227411,0.225643,0.207836,0.252841,0.222556,0.225922,0.199485,0.212865
3945,0.199593,0.2255,0.191112,0.227411,0.225643,0.207836,0.252841,0.222556,0.225922,0.201272,0.212865
3946,0.199593,0.2255,0.191112,0.227411,0.225643,0.207836,0.252841,0.222556,0.225922,0.202556,0.212865
3947,0.199593,0.2255,0.191112,0.227411,0.225643,0.207836,0.252841,0.222556,0.225922,0.202046,0.212865
3948,0.199593,0.2255,0.191112,0.227411,0.225643,0.207836,0.252841,0.222556,0.225922,0.202105,0.212865
3949,0.199593,0.2255,0.191112,0.227411,0.225643,0.207836,0.252841,0.222556,0.225922,0.200907,0.212865
3950,0.199593,0.2255,0.191112,0.227411,0.225643,0.207836,0.252841,0.222556,0.225922,0.200239,0.212865
3951,0.199593,0.2255,0.191112,0.227411,0.225643,0.207836,0.252841,0.222556,0.225922,0.199576,0.212865
3952,0.199593,0.224907,0.191112,0.227411,0.225643,0.207836,0.252841,0.222556,0.225922,0.199576,0.212865
3953,0.199593,0.224907,0.191112,0.227411,0.225643,0.207836,0.252702,0.222556,0.225922,0.199576,0.212865
3954,0.199593,0.224907,0.191112,0.230335,0.225643,0.207836,0.252702,0.222556,0.225922,0.199576,0.212865
3955,0.199593,0.224907,0.191112,0.22978,0.225643,0.207836,0.252702,0.222556,0.225922,0.199576,0.212865
3956,0.199593,0.224907,0.191112,0.230553,0.225643,0.207836,0.252702,0.222556,0.225922,0.199576,0.212865
3957,0.199593,0.224907,0.191112,0.229963,0.225643,0.207836,0.252702,0.222556,0.225922,0.199576,0.212865
3958,0.199593,0.224907,0.191112,0.229376,0.225643,0.207836,0.252702,0.222556,0.225922,0.199576,0.212865
3959,0.199593,0.224907,0.191112,0.231368,0.225643,0.207836,0.252702,0.222556,0.225922,0.199576,0.212865
3960,0.199593,0.224907,0.191112,0.230781,0.225643,0.207836,0.252702,0.222556,0.225922,0.199576,0.212865
3961,0.199593,0.224907,0.191112,0.230188,0.225643,0.207836,0.252702,0.222556,0.225922,0.199576,0.212865
3962,0.199593,0.224907,0.191112,0.230297,0.225643,0.207836,0.252702,0.222556,0.225922,0.199576,0.212865
3963,0.199593,0.224907,0.191112,0.230835,0.225643,0.207836,0.252702,0.222556,0.225922,0.199576,0.212865
3964,0.199593,0.224907,0.191112,0.230373,0.225643,0.207836,0.252702,0.222556,0.225922,0.199576,0.212865
3965,0.199593,0.224907,0.191112,0.229838,0.225643,0.207836,0.252702,0.222556,0.225922,0.199576,0.212865
3966,0.199593,0.224907,0.191112,0.229838,0.225643,0.208628,0.252702,0.222556,0.225922,0.199576,0.212865
3967,0.199593,0.224907,0.191112,0.229838,0.225643,0.209014,0.252702,0.222556,0.225922,0.199576,0.212865
3968,0.199593,0.224907,0.191112,0.229838,0.225643,0.210041,0.252702,0.222556,0.225922,0.199576,0.212865
3969,0.199593,0.224907,0.191112,0.229838,0.225643,0.209459,0.252702,0.222556,0.225922,0.199576,0.212865
3970,0.199593,0.224907,0.191112,0.229838,0.225643,0.208846,0.252702,0.222556,0.225922,0.199576,0.212865
3971,0.199593,0.224907,0.191112,0.229838,0.225643,0.208846,0.252702,0.222556,0.225922,0.199576,0.212878
3972,0.199593,0.224907,0.191112,0.229838,0.225643,0.208846,0.252702,0.222556,0.224261,0.199576,0.212878
3973,0.199593,0.224907,0.191112,0.229838,0.224971,0.208846,0.252702,0.222556,0.224261,0.199576,0.212878
3974,0.199593,0.224907,0.191112,0.229838,0.224971,0.208846,0.252752,0.222556,0.224261,0.199576,0.212878
3975,0.199593,0.224907,0.191112,0.229838,0.224971,0.208846,0.252752,0.222556,0.224261,0.199576,0.215336
3976,0.199593,0.224907,0.191112,0.229838,0.224971,0.208846,0.252752,0.222556,0.224261,0.199576,0.214885
3977,0.199593,0.224907,0.191112,0.229838,0.224971,0.208846,0.252752,0.222556,0.224261,0.199576,0.214769
3978,0.199593,0.224907,0.191112,0.229838,0.224971,0.208846,0.252752,0.222556,0.224261,0.199576,0.216073
3979,0.199593,0.224907,0.191112,0.229838,0.224971,0.208846,0.252752,0.222556,0.224261,0.199576,0.215945
3980,0.199593,0.224907,0.191112,0.229838,0.224971,0.208846,0.252752,0.222556,0.224261,0.199576,0.218394
3981,0.199593,0.224907,0.191112,0.229838,0.224971,0.208846,0.252752,0.222556,0.224261,0.199576,0.217976
3982,0.199593,0.224907,0.191112,0.229838,0.224971,0.208846,0.252752,0.222556,0.224261,0.199576,0.217061
3983,0.199593,0.224907,0.191112,0.229838,0.224971,0.208846,0.252752,0.222556,0.224261,0.199576,0.216329
3984,0.199593,0.224907,0.191112,0.229838,0.224971,0.208846,0.252752,0.222556,0.224261,0.199576,0.217942
3985,0.199593,0.224907,0.191112,0.229838,0.224971,0.208846,0.252752,0.222556,0.224261,0.199576,0.217749
3986,0.199593,0.224907,0.191112,0.229838,0.224971,0.208846,0.252752,0.222556,0.224261,0.199576,0.216852
3987,0.199593,0.224907,0.191112,0.229838,0.224971,0.208846,0.252752,0.222556,0.224261,0.199576,0.216448
3988,0.199593,0.224907,0.191112,0.229838,0.224971,0.208846,0.252752,0.222026,0.224261,0.199576,0.216448
3989,0.199593,0.224907,0.191112,0.229838,0.224971,0.208846,0.252647,0.222026,0.224261,0.199576,0.216448
3990,0.199197,0.224907,0.191112,0.229838,0.224971,0.208846,0.252647,0.222026,0.224261,0.199576,0.216448
3991,0.199197,0.224907,0.191112,0.229838,0.224971,0.208846,0.252647,0.222026,0.224261,0.199258,0.216448
3992,0.199197,0.224218,0.191112,0.229838,0.224971,0.208846,0.252647,0.222026,0.224261,0.199258,0.216448
3993,0.199197,0.224218,0.191112,0.229263,0.224971,0.208846,0.252647,0.222026,0.224261,0.199258,0.216448
3994,0.199197,0.224218,0.191112,0.229263,0.224971,0.20888,0.252647,0.222026,0.224261,0.199258,0.216448
3995,0.199197,0.224218,0.191112,0.229263,0.224971,0.20888,0.252572,0.222026,0.224261,0.199258,0.216448
3996,0.199197,0.224218,0.191112,0.229263,0.224971,0.20888,0.252572,0.222026,0.224261,0.199258,0.21583
3997,0.199197,0.224218,0.191112,0.229263,0.224971,0.20888,0.253277,0.222026,0.224261,0.199258,0.21583
3998,0.199197,0.224218,0.191112,0.229263,0.224971,0.20888,0.25278,0.222026,0.224261,0.199258,0.21583
3999,0.199197,0.224218,0.191112,0.229263,0.224971,0.212509,0.25278,0.222026,0.224261,0.199258,0.21583
4000,0.199197,0.224218,0.191112,0.229263,0.224971,0.211824,0.25278,0.222026,0.224261,0.199258,0.21583
4001,0.199197,0.224218,0.191112,0.229263,0.224971,0.212804,0.25278,0.222026,0.224261,0.199258,0.21583
4002,0.199197,0.224218,0.191112,0.229263,0.224971,0.215459,0.25278,0.222026,0.224261,0.199258,0.21583
4003,0.199197,0.224218,0.191112,0.229263,0.224971,0.21484,0.25278,0.222026,0.224261,0.199258,0.21583
4004,0.199197,0.224218,0.191112,0.229263,0.224971,0.214412,0.25278,0.222026,0.224261,0.199258,0.21583
4005,0.199197,0.224218,0.191112,0.229263,0.224971,0.214235,0.25278,0.222026,0.224261,0.199258,0.21583
4006,0.199197,0.224218,0.191112,0.229263,0.224971,0.215672,0.25278,0.222026,0.224261,0.199258,0.21583
4007,0.199197,0.224218,0.191112,0.229263,0.224971,0.215025,0.25278,0.222026,0.224261,0.199258,0.21583
4008,0.199197,0.224218,0.191112,0.229263,0.224971,0.214637,0.25278,0.222026,0.224261,0.199258,0.21583
4009,0.199197,0.224218,0.191112,0.229263,0.224971,0.215186,0.25278,0.222026,0.224261,0.199258,0.21583
4010,0.199197,0.224218,0.191112,0.229263,0.224971,0.217361,0.25278,0.222026,0.224261,0.199258,0.21583
4011,0.199197,0.224218,0.191112,0.229263,0.224971,0.218266,0.25278,0.222026,0.224261,0.199258,0.21583
4012,0.199197,0.224218,0.191112,0.229263,0.224971,0.217954,0.25278,0.222026,0.224261,0.199258,0.21583
4013,0.199197,0.224218,0.191112,0.229263,0.224971,0.218228,0.25278,0.222026,0.224261,0.199258,0.21583
4014,0.199197,0.224218,0.191112,0.229263,0.224971,0.219565,0.25278,0.222026,0.224261,0.199258,0.21583
4015,0.199197,0.224218,0.191112,0.229263,0.224971,0.21893,0.25278,0.222026,0.224261,0.199258,0.21583
4016,0.199197,0.224218,0.191112,0.229263,0.224971,0.218108,0.25278,0.222026,0.224261,0.199258,0.21583
4017,0.199197,0.224218,0.191112,0.229263,0.224971,0.217482,0.25278,0.222026,0.224261,0.199258,0.21583
4018,0.199197,0.224218,0.191112,0.229263,0.224971,0.216859,0.25278,0.222026,0.224261,0.199258,0.21583
4019,0.199197,0.224218,0.191112,0.229263,0.224971,0.218192,0.25278,0.222026,0.224261,0.199258,0.21583
4020,0.199197,0.224218,0.191112,0.229263,0.224971,0.217571,0.25278,0.222026,0.224261,0.199258,0.21583
4021,0.199197,0.224218,0.191112,0.229263,0.224971,0.218436,0.25278,0.222026,0.224261,0.199258,0.21583
4022,0.199197,0.224218,0.191112,0.229263,0.224971,0.21995,0.25278,0.222026,0.224261,0.199258,0.21583
4023,0.199197,0.224218,0.191112,0.229263,0.224971,0.220308,0.25278,0.222026,0.224261,0.199258,0.21583
4024,0.199197,0.224218,0.191112,0.229263,0.224971,0.219772,0.25278,0.222026,0.224261,0.199258,0.21583
4025,0.199197,0.224218,0.191112,0.229263,0.224971,0.2202,0.25278,0.222026,0.224261,0.199258,0.21583
4026,0.199197,0.224218,0.191112,0.229263,0.224971,0.221608,0.25278,0.222026,0.224261,0.199258,0.21583
4027,0.199197,0.224218,0.191112,0.229263,0.224971,0.221703,0.25278,0.222026,0.224261,0.199258,0.21583
4028,0.199197,0.224218,0.191112,0.229263,0.224971,0.222643,0.25278,0.222026,0.224261,0.199258,0.21583
4029,0.199197,0.224218,0.191112,0.229263,0.224971,0.222916,0.25278,0.222026,0.224261,0.199258,0.21583
4030,0.199197,0.224218,0.191112,0.229263,0.224971,0.223983,0.25278,0.222026,0.224261,0.199258,0.21583
4031,0.199197,0.224218,0.191112,0.229263,0.224971,0.223306,0.25278,0.222026,0.224261,0.199258,0.21583
4032,0.199197,0.224218,0.191112,0.229263,0.224971,0.223813,0.25278,0.222026,0.224261,0.199258,0.21583
4033,0.199197,0.224218,0.191112,0.229263,0.224971,0.223207,0.25278,0.222026,0.224261,0.199258,0.21583
4034,0.199197,0.224218,0.191112,0.229263,0.224971,0.222777,0.25278,0.222026,0.224261,0.199258,0.21583
4035,0.199197,0.224218,0.191112,0.229263,0.224971,0.225692,0.25278,0.222026,0.224261,0.199258,0.21583
4036,0.199197,0.224218,0.191112,0.229263,0.224971,0.225077,0.25278,0.222026,0.224261,0.199258,0.21583
4037,0.199197,0.224218,0.191112,0.229263,0.224971,0.222951,0.25278,0.222026,0.224261,0.199258,0.21583
4038,0.199197,0.224218,0.191112,0.229263,0.224971,0.222337,0.25278,0.222026,0.224261,0.199258,0.21583
4039,0.199197,0.224218,0.191112,0.229263,0.224971,0.222414,0.25278,0.222026,0.224261,0.199258,0.21583
4040,0.199197,0.224218,0.191112,0.229263,0.224971,0.223396,0.25278,0.222026,0.224261,0.199258,0.21583
4041,0.199197,0.224218,0.191112,0.229263,0.224971,0.224895,0.25278,0.222026,0.224261,0.199258,0.21583
4042,0.199197,0.224218,0.191112,0.229263,0.224971,0.225448,0.25278,0.222026,0.224261,0.199258,0.21583
4043,0.199197,0.224218,0.191112,0.229263,0.224971,0.2249,0.25278,0.222026,0.224261,0.199258,0.21583
4044,0.199197,0.224218,0.191112,0.229263,0.224971,0.2243,0.25278,0.222026,0.224261,0.199258,0.21583
4045,0.199197,0.224218,0.191112,0.229263,0.224971,0.224864,0.25278,0.222026,0.224261,0.199258,0.21583
4046,0.199197,0.224218,0.191112,0.229263,0.224971,0.226926,0.25278,0.222026,0.224261,0.199258,0.21583
4047,0.199197,0.224218,0.191112,0.229263,0.224971,0.226017,0.25278,0.222026,0.224261,0.199258,0.21583
4048,0.199197,0.224218,0.191112,0.229263,0.224971,0.226842,0.25278,0.222026,0.224261,0.199258,0.21583
4049,0.199197,0.224218,0.191112,0.229263,0.224971,0.228263,0.25278,0.222026,0.224261,0.199258,0.21583
4050,0.199197,0.224218,0.191112,0.229263,0.224971,0.229961,0.25278,0.222026,0.224261,0.199258,0.21583
4051,0.199197,0.224218,0.191112,0.229263,0.224971,0.229359,0.25278,0.222026,0.224261,0.199258,0.21583
4052,0.199197,0.224218,0.191112,0.229263,0.224971,0.229467,0.25278,0.222026,0.224261,0.199258,0.21583
4053,0.199197,0.224218,0.191112,0.229263,0.224971,0.22971,0.25278,0.222026,0.224261,0.199258,0.21583
4054,0.199197,0.224218,0.191112,0.229263,0.224971,0.229665,0.25278,0.222026,0.224261,0.199258,0.21583
4055,0.199197,0.224218,0.191112,0.229263,0.224971,0.230817,0.25278,0.222026,0.224261,0.199258,0.21583
4056,0.199197,0.224218,0.191112,0.229263,0.224971,0.230363,0.25278,0.222026,0.224261,0.199258,0.21583
4057,0.199197,0.224218,0.191112,0.229263,0.224971,0.232264,0.25278,0.222026,0.224261,0.199258,0.21583
4058,0.199197,0.224218,0.191112,0.229263,0.224971,0.231927,0.25278,0.222026,0.224261,0.199258,0.21583
4059,0.199197,0.224218,0.191112,0.229263,0.224971,0.231332,0.25278,0.222026,0.224261,0.199258,0.21583
4060,0.199197,0.224218,0.191112,0.229263,0.224971,0.23074,0.25278,0.222026,0.224261,0.199258,0.21583
4061,0.199197,0.224218,0.191112,0.229263,0.224971,0.23065,0.25278,0.222026,0.224261,0.199258,0.21583
4062,0.199197,0.224218,0.191112,0.229263,0.224971,0.231867,0.25278,0.222026,0.224261,0.199258,0.21583
4063,0.199197,0.224218,0.191112,0.229263,0.224971,0.231265,0.25278,0.222026,0.224261,0.199258,0.21583
4064,0.199197,0.224218,0.191112,0.229263,0.224971,0.230352,0.25278,0.222026,0.224261,0.199258,0.21583
4065,0.199197,0.224218,0.191112,0.229263,0.224971,0.230352,0.25278,0.222026,0.224261,0.199258,0.21583
4066,0.199197,0.224218,0.191112,0.229263,0.224971,0.229771,0.25278,0.222026,0.224261,0.199258,0.21583
4067,0.199197,0.224218,0.191112,0.229263,0.224971,0.230172,0.25278,0.222026,0.224261,0.199258,0.21583
4068,0.199197,0.224218,0.191112,0.229263,0.224971,0.229595,0.25278,0.222026,0.224261,0.199258,0.21583
4069,0.199197,0.224218,0.191112,0.229263,0.224971,0.230663,0.25278,0.222026,0.224261,0.199258,0.21583
4070,0.199197,0.224218,0.191112,0.229263,0.224971,0.230087,0.25278,0.222026,0.224261,0.199258,0.21583
4071,0.199197,0.224218,0.191112,0.229263,0.224971,0.230077,0.25278,0.222026,0.224261,0.199258,0.21583
4072,0.199197,0.224218,0.191112,0.229263,0.223928,0.230077,0.25278,0.222026,0.224261,0.199258,0.21583
4073,0.199197,0.224218,0.191112,0.229263,0.223928,0.230077,0.252294,0.222026,0.224261,0.199258,0.21583
4074,0.199197,0.224218,0.191112,0.229263,0.223928,0.230077,0.252294,0.222026,0.224261,0.19876,0.21583
4075,0.199197,0.224218,0.19033,0.229263,0.223928,0.230077,0.252294,0.222026,0.224261,0.19876,0.21583
4076,0.199197,0.224218,0.19033,0.229263,0.223928,0.229573,0.252294,0.222026,0.224261,0.19876,0.21583
4077,0.198275,0.224218,0.19033,0.229263,0.223928,0.229573,0.252294,0.222026,0.224261,0.19876,0.21583
4078,0.198275,0.224218,0.19033,0.229263,0.223928,0.229573,0.252294,0.221755,0.224261,0.19876,0.21583
4079,0.198275,0.224218,0.19033,0.229031,0.223928,0.229573,0.252294,0.221755,0.224261,0.19876,0.21583
4080,0.198275,0.22355,0.19033,0.229031,0.223928,0.229573,0.252294,0.221755,0.224261,0.19876,0.21583
4081,0.198275,0.22355,0.19033,0.229031,0.223928,0.229573,0.252294,0.221209,0.224261,0.19876,0.21583
4082,0.198275,0.22355,0.19033,0.229031,0.223928,0.229573,0.252294,0.221209,0.224261,0.19876,0.21522
4083,0.198275,0.22355,0.19033,0.229031,0.223928,0.229573,0.253287,0.221209,0.224261,0.19876,0.21522
4084,0.198275,0.22355,0.19033,0.229031,0.223928,0.229573,0.252502,0.221209,0.224261,0.19876,0.21522
4085,0.198275,0.22355,0.19033,0.229031,0.223928,0.229573,0.252234,0.221209,0.224261,0.19876,0.21522
4086,0.198275,0.22355,0.19033,0.229031,0.223928,0.228339,0.252234,0.221209,0.224261,0.19876,0.21522
4087,0.198275,0.22355,0.19033,0.228461,0.223928,0.228339,0.252234,0.221209,0.224261,0.19876,0.21522
4088,0.198275,0.22355,0.19033,0.228461,0.223928,0.228339,0.252234,0.221209,0.224261,0.198479,0.21522
4089,0.198275,0.22355,0.19033,0.228461,0.223928,0.228339,0.252234,0.221209,0.223518,0.198479,0.21522
4090,0.198275,0.22355,0.191647,0.228461,0.223928,0.228339,0.252234,0.221209,0.223518,0.198479,0.21522
4091,0.198275,0.22355,0.191032,0.228461,0.223928,0.228339,0.252234,0.221209,0.223518,0.198479,0.21522
4092,0.198275,0.22355,0.191032,0.228461,0.224077,0.228339,0.252234,0.221209,0.223518,0.198479,0.21522
4093,0.198275,0.22355,0.191032,0.228461,0.224077,0.228339,0.251744,0.221209,0.223518,0.198479,0.21522
4094,0.198275,0.222966,0.191032,0.228461,0.224077,0.228339,0.251744,0.221209,0.223518,0.198479,0.21522
4095,0.198275,0.222966,0.191032,0.228461,0.223575,0.228339,0.251744,0.221209,0.223518,0.198479,0.21522
4096,0.198275,0.222966,0.189695,0.228461,0.223575,0.228339,0.251744,0.221209,0.223518,0.198479,0.21522
4097,0.198229,0.222966,0.189695,0.228461,0.223575,0.228339,0.251744,0.221209,0.223518,0.198479,0.21522
4098,0.198229,0.222966,0.189695,0.228461,0.223575,0.228339,0.251744,0.221652,0.223518,0.198479,0.21522
4099,0.198229,0.222966,0.189695,0.228461,0.223575,0.228339,0.251744,0.221509,0.223518,0.198479,0.21522
4100,0.198229,0.222966,0.189695,0.228461,0.223575,0.228339,0.251744,0.221509,0.223518,0.198441,0.21522
4101,0.198229,0.222966,0.189695,0.228461,0.223575,0.228339,0.251744,0.221509,0.223518,0.198441,0.214926
4102,0.198229,0.222966,0.189695,0.230877,0.223575,0.228339,0.251744,0.221509,0.223518,0.198441,0.214926
4103,0.198229,0.222966,0.189695,0.230306,0.223575,0.228339,0.251744,0.221509,0.223518,0.198441,0.214926
4104,0.198229,0.222966,0.189695,0.231231,0.223575,0.228339,0.251744,0.221509,0.223518,0.198441,0.214926
4105,0.198229,0.222966,0.189695,0.23341,0.223575,0.228339,0.251744,0.221509,0.223518,0.198441,0.214926
4106,0.198229,0.222966,0.189695,0.232962,0.223575,0.228339,0.251744,0.221509,0.223518,0.198441,0.214926
4107,0.198229,0.222966,0.189695,0.232391,0.223575,0.228339,0.251744,0.221509,0.223518,0.198441,0.214926
4108,0.198229,0.222966,0.189695,0.23319,0.223575,0.228339,0.251744,0.221509,0.223518,0.198441,0.214926
4109,0.198229,0.222966,0.189695,0.232621,0.223575,0.228339,0.251744,0.221509,0.223518,0.198441,0.214926
4110,0.198229,0.222966,0.189695,0.232055,0.223575,0.228339,0.251744,0.221509,0.223518,0.198441,0.214926
4111,0.198229,0.222966,0.189695,0.230867,0.223575,0.228339,0.251744,0.221509,0.223518,0.198441,0.214926
4112,0.198229,0.222966,0.189695,0.230867,0.223575,0.228339,0.251744,0.220922,0.223518,0.198441,0.214926
4113,0.198229,0.222966,0.189695,0.230308,0.223575,0.228339,0.251744,0.220922,0.223518,0.198441,0.214926
4114,0.197026,0.222966,0.189695,0.230308,0.223575,0.228339,0.251744,0.220922,0.223518,0.198441,0.214926
4115,0.197026,0.222966,0.189695,0.230308,0.223575,0.228339,0.251744,0.220922,0.222972,0.198441,0.214926
4116,0.197026,0.222966,0.189695,0.230308,0.223575,0.228339,0.251257,0.220922,0.222972,0.198441,0.214926
4117,0.197026,0.222966,0.189695,0.230308,0.223575,0.228339,0.251257,0.220922,0.222972,0.201595,0.214926
4118,0.197026,0.222966,0.189695,0.230308,0.223575,0.228339,0.251257,0.220922,0.222972,0.20094,0.214926
4119,0.197026,0.222966,0.189695,0.230308,0.223575,0.228339,0.251257,0.220922,0.222972,0.201538,0.214926
4120,0.197026,0.222966,0.189695,0.230308,0.223575,0.228339,0.251257,0.220922,0.222972,0.200434,0.214926
4121,0.197026,0.222966,0.189695,0.230308,0.223575,0.228339,0.251257,0.220922,0.222972,0.199789,0.214926
4122,0.197026,0.222966,0.189695,0.230308,0.223224,0.228339,0.251257,0.220922,0.222972,0.199789,0.214926
4123,0.197026,0.222966,0.189695,0.230308,0.223224,0.228339,0.251257,0.220922,0.222972,0.199789,0.214789
4124,0.197026,0.221339,0.189695,0.230308,0.223224,0.228339,0.251257,0.220922,0.222972,0.199789,0.214789
4125,0.197026,0.221339,0.189695,0.230308,0.223224,0.228438,0.251257,0.220922,0.222972,0.199789,0.214789
4126,0.197026,0.221339,0.189695,0.230308,0.223224,0.228184,0.251257,0.220922,0.222972,0.199789,0.214789
4127,0.197026,0.221339,0.189695,0.230308,0.223224,0.228184,0.251257,0.220922,0.222972,0.199372,0.214789
4128,0.197026,0.221339,0.189695,0.230921,0.223224,0.228184,0.251257,0.220922,0.222972,0.199372,0.214789
4129,0.197026,0.221339,0.189695,0.231625,0.223224,0.228184,0.251257,0.220922,0.222972,0.199372,0.214789
4130,0.197026,0.221339,0.189695,0.232511,0.223224,0.228184,0.251257,0.220922,0.222972,0.199372,0.214789
4131,0.197026,0.221339,0.189695,0.232212,0.223224,0.228184,0.251257,0.220922,0.222972,0.199372,0.214789
4132,0.197026,0.221339,0.189695,0.231657,0.223224,0.228184,0.251257,0.220922,0.222972,0.199372,0.214789
4133,0.197026,0.221339,0.189695,0.231153,0.223224,0.228184,0.251257,0.220922,0.222972,0.199372,0.214789
4134,0.197026,0.221339,0.189695,0.231153,0.223224,0.228184,0.251257,0.220337,0.222972,0.199372,0.214789
4135,0.197026,0.221339,0.189695,0.231153,0.223224,0.228184,0.251142,0.220337,0.222972,0.199372,0.214789
4136,0.197026,0.221339,0.189695,0.231153,0.223224,0.228184,0.251142,0.220337,0.222972,0.199372,0.214323
4137,0.197026,0.221339,0.189695,0.231153,0.223224,0.228184,0.251142,0.220337,0.222163,0.199372,0.214323
4138,0.197026,0.221339,0.189695,0.231153,0.222589,0.228184,0.251142,0.220337,0.222163,0.199372,0.214323
4139,0.197026,0.221339,0.189695,0.231153,0.222589,0.228184,0.250656,0.220337,0.222163,0.199372,0.214323
4140,0.197026,0.221339,0.189695,0.231153,0.222589,0.227758,0.250656,0.220337,0.222163,0.199372,0.214323
4141,0.197026,0.221339,0.188671,0.231153,0.222589,0.227758,0.250656,0.220337,0.222163,0.199372,0.214323
4142,0.197026,0.221339,0.188671,0.230603,0.222589,0.227758,0.250656,0.220337,0.222163,0.199372,0.214323
4143,0.197026,0.221339,0.188671,0.230603,0.222589,0.227758,0.250656,0.220337,0.222163,0.201368,0.214323
4144,0.197026,0.221339,0.188671,0.230603,0.222589,0.227758,0.250656,0.220337,0.222163,0.203664,0.214323
4145,0.197026,0.221339,0.188671,0.230603,0.222589,0.227758,0.250656,0.220337,0.222163,0.205889,0.214323
4146,0.197026,0.221339,0.188671,0.230603,0.222589,0.227758,0.250656,0.220337,0.222163,0.205237,0.214323
4147,0.197026,0.221339,0.188671,0.230603,0.222589,0.227758,0.250656,0.220337,0.222163,0.206559,0.214323
4148,0.197026,0.221339,0.188671,0.230603,0.222589,0.227758,0.250656,0.220337,0.222163,0.207703,0.214323
4149,0.197026,0.221339,0.188671,0.230603,0.222589,0.227758,0.250656,0.220337,0.222163,0.207692,0.214323
4150,0.197026,0.221339,0.188671,0.230603,0.222589,0.227758,0.250656,0.220337,0.222163,0.208162,0.214323
4151,0.197026,0.221339,0.188671,0.230603,0.222589,0.227758,0.250656,0.220337,0.222163,0.207029,0.214323
4152,0.197026,0.221339,0.188671,0.230603,0.222589,0.227758,0.250656,0.220337,0.222163,0.206394,0.214323
4153,0.197026,0.221339,0.188671,0.230603,0.222589,0.227758,0.250656,0.220337,0.222163,0.207674,0.214323
4154,0.197026,0.221339,0.188671,0.230603,0.222589,0.227758,0.250656,0.220337,0.222163,0.209207,0.214323
4155,0.197026,0.221339,0.188671,0.230603,0.222589,0.227758,0.250656,0.220337,0.222163,0.207264,0.214323
4156,0.197026,0.221339,0.188671,0.230603,0.222589,0.227758,0.250656,0.220337,0.222163,0.206698,0.214323
4157,0.197026,0.221339,0.188671,0.230603,0.222589,0.227758,0.250656,0.220337,0.222163,0.20618,0.214323
4158,0.197026,0.221339,0.188671,0.230603,0.222589,0.227758,0.250656,0.220337,0.222163,0.206151,0.214323
4159,0.197026,0.221339,0.188671,0.230603,0.222589,0.227758,0.250656,0.220337,0.222163,0.207068,0.214323
4160,0.197026,0.221339,0.188671,0.230603,0.222589,0.227758,0.250656,0.220337,0.222163,0.210187,0.214323
4161,0.197026,0.221339,0.188671,0.230603,0.222589,0.227758,0.250656,0.220337,0.222163,0.209504,0.214323
4162,0.197026,0.221339,0.188671,0.230603,0.222589,0.227758,0.250656,0.220337,0.222163,0.209542,0.214323
4163,0.197026,0.221339,0.188671,0.230603,0.222589,0.227758,0.250656,0.220337,0.222163,0.209088,0.214323
4164,0.197026,0.221339,0.188671,0.230603,0.222589,0.227758,0.250656,0.220337,0.222163,0.21001,0.214323
4165,0.197026,0.221339,0.188671,0.230603,0.222589,0.227758,0.250656,0.220337,0.222163,0.210996,0.214323
4166,0.197026,0.221339,0.188671,0.230603,0.222589,0.227758,0.250656,0.220337,0.222163,0.211381,0.214323
4167,0.197026,0.221339,0.188671,0.230603,0.222589,0.227758,0.250656,0.220337,0.222163,0.210744,0.214323
4168,0.197026,0.221339,0.188671,0.230603,0.222589,0.227758,0.250656,0.220337,0.222163,0.210115,0.214323
4169,0.197026,0.221339,0.188671,0.230603,0.222589,0.227758,0.250656,0.220337,0.222163,0.209526,0.214323
4170,0.197026,0.221339,0.188671,0.230603,0.222589,0.227758,0.250656,0.220337,0.222163,0.210378,0.214323
4171,0.197026,0.221339,0.188671,0.230603,0.222589,0.227758,0.250656,0.220337,0.222163,0.211402,0.214323
4172,0.197026,0.221339,0.188671,0.230603,0.222589,0.227758,0.250656,0.220337,0.222163,0.213477,0.214323
4173,0.197026,0.221339,0.188671,0.230603,0.222589,0.227758,0.250656,0.220337,0.222163,0.213339,0.214323
4174,0.197026,0.221339,0.188671,0.230603,0.222589,0.227758,0.250656,0.220337,0.222163,0.213223,0.214323
4175,0.197026,0.221339,0.188671,0.230603,0.222589,0.227758,0.250656,0.220337,0.222163,0.213489,0.214323
4176,0.197026,0.221339,0.188671,0.230603,0.222589,0.227758,0.250656,0.220337,0.222163,0.212872,0.214323
4177,0.197026,0.221339,0.188671,0.230603,0.222589,0.227758,0.250656,0.220337,0.222163,0.212223,0.214323
4178,0.197026,0.221339,0.188671,0.230603,0.222589,0.227758,0.250656,0.220337,0.222163,0.213078,0.214323
4179,0.197026,0.221339,0.188671,0.230603,0.222589,0.227758,0.250656,0.220337,0.222163,0.212652,0.214323
4180,0.197026,0.221339,0.188671,0.230603,0.222589,0.227758,0.250656,0.220337,0.222163,0.212044,0.214323
4181,0.198266,0.221339,0.188671,0.230603,0.222589,0.227758,0.250656,0.220337,0.222163,0.212044,0.214323
4182,0.199503,0.221339,0.188671,0.230603,0.222589,0.227758,0.250656,0.220337,0.222163,0.212044,0.214323
4183,0.19899,0.221339,0.188671,0.230603,0.222589,0.227758,0.250656,0.220337,0.222163,0.212044,0.214323
4184,0.198393,0.221339,0.188671,0.230603,0.222589,0.227758,0.250656,0.220337,0.222163,0.212044,0.214323
4185,0.198393,0.221339,0.188671,0.230603,0.222589,0.227758,0.250656,0.220337,0.222163,0.212044,0.214445
4186,0.198393,0.221339,0.188671,0.230603,0.222589,0.227758,0.250656,0.220462,0.222163,0.212044,0.214445
4187,0.197755,0.221339,0.188671,0.230603,0.222589,0.227758,0.250656,0.220462,0.222163,0.212044,0.214445
4188,0.197755,0.221339,0.188671,0.230603,0.222589,0.227758,0.250656,0.220462,0.222163,0.213527,0.214445
4189,0.197755,0.221339,0.188671,0.230603,0.222589,0.227758,0.250656,0.220462,0.222163,0.21289,0.214445
4190,0.197755,0.221339,0.188671,0.230603,0.222589,0.227758,0.250656,0.220462,0.222163,0.212287,0.214445
4191,0.197755,0.221339,0.188671,0.230603,0.222589,0.227758,0.250656,0.220462,0.222163,0.212287,0.215741
4192,0.197755,0.221339,0.188671,0.230603,0.222589,0.227758,0.250656,0.220462,0.222163,0.212287,0.216507
4193,0.197755,0.221339,0.188671,0.230603,0.222589,0.227758,0.250656,0.220462,0.222163,0.212287,0.217319
4194,0.197755,0.221339,0.188671,0.230603,0.222589,0.227758,0.250656,0.220462,0.222163,0.212287,0.215779
4195,0.197755,0.221339,0.188671,0.230603,0.222589,0.227758,0.250656,0.220462,0.222163,0.212287,0.216951
4196,0.197755,0.221339,0.188671,0.230603,0.222589,0.227758,0.250656,0.220462,0.222163,0.212287,0.216355
4197,0.197755,0.221339,0.188671,0.230603,0.222589,0.227758,0.250656,0.220462,0.222163,0.212287,0.218241
4198,0.197755,0.221339,0.188671,0.230603,0.222589,0.227758,0.250656,0.220462,0.222163,0.212287,0.21833
4199,0.197755,0.221339,0.188671,0.230603,0.222589,0.227758,0.250656,0.220462,0.222163,0.212287,0.217735
4200,0.197755,0.221339,0.188671,0.230603,0.222589,0.227758,0.250656,0.220462,0.222163,0.212287,0.216601
4201,0.197755,0.221339,0.188671,0.230603,0.222589,0.227758,0.249918,0.220462,0.222163,0.212287,0.216601
4202,0.197755,0.221339,0.188671,0.230603,0.222589,0.227758,0.249918,0.221581,0.222163,0.212287,0.216601
4203,0.197755,0.221339,0.188671,0.230603,0.222589,0.227758,0.249918,0.22087,0.222163,0.212287,0.216601
4204,0.197755,0.221339,0.188671,0.230603,0.222589,0.227758,0.249918,0.22087,0.222163,0.212287,0.216601
4205,0.197755,0.221339,0.188671,0.230603,0.222421,0.227758,0.249918,0.22087,0.222163,0.212287,0.216601
4206,0.197755,0.221339,0.188671,0.230603,0.222421,0.227758,0.249918,0.220176,0.222163,0.212287,0.216601
4207,0.197755,0.221339,0.188671,0.230603,0.222421,0.227758,0.249918,0.220176,0.222248,0.212287,0.216601
4208,0.197755,0.221339,0.188671,0.230603,0.222421,0.227541,0.249918,0.220176,0.222248,0.212287,0.216601
4209,0.197755,0.221339,0.188671,0.230477,0.222421,0.227541,0.249918,0.220176,0.222248,0.212287,0.216601
4210,0.197755,0.221339,0.188671,0.230477,0.222421,0.227541,0.249918,0.220176,0.221673,0.212287,0.216601
4211,0.197755,0.221339,0.188671,0.230477,0.222844,0.227541,0.249918,0.220176,0.221673,0.212287,0.216601
4212,0.197755,0.221339,0.188671,0.230477,0.224483,0.227541,0.249918,0.220176,0.221673,0.212287,0.216601
4213,0.197755,0.221339,0.188671,0.230477,0.224352,0.227541,0.249918,0.220176,0.221673,0.212287,0.216601
4214,0.197755,0.221339,0.188671,0.230477,0.223779,0.227541,0.249918,0.220176,0.221673,0.212287,0.216601
4215,0.197755,0.221339,0.188671,0.230477,0.225003,0.227541,0.249918,0.220176,0.221673,0.212287,0.216601
4216,0.197755,0.221339,0.188671,0.230477,0.224406,0.227541,0.249918,0.220176,0.221673,0.212287,0.216601
4217,0.197755,0.221339,0.188671,0.230477,0.222458,0.227541,0.249918,0.220176,0.221673,0.212287,0.216601
4218,0.197755,0.220764,0.188671,0.230477,0.222458,0.227541,0.249918,0.220176,0.221673,0.212287,0.216601
4219,0.197755,0.220764,0.188671,0.230477,0.222458,0.227541,0.249918,0.220176,0.221673,0.212614,0.216601
4220,0.197755,0.220764,0.188671,0.230477,0.222458,0.227541,0.249918,0.220176,0.221673,0.212015,0.216601
4221,0.197755,0.220764,0.188671,0.229979,0.222458,0.227541,0.249918,0.220176,0.221673,0.212015,0.216601
4222,0.197755,0.220764,0.188671,0.229979,0.222458,0.227541,0.249918,0.220176,0.221673,0.212015,0.216669
4223,0.197755,0.220764,0.188671,0.229979,0.222458,0.227372,0.249918,0.220176,0.221673,0.212015,0.216669
4224,0.197121,0.220764,0.188671,0.229979,0.222458,0.227372,0.249918,0.220176,0.221673,0.212015,0.216669
4225,0.197121,0.220764,0.188671,0.229979,0.222458,0.227372,0.250148,0.220176,0.221673,0.212015,0.216669
4226,0.197121,0.220764,0.188671,0.229979,0.222458,0.227372,0.249669,0.220176,0.221673,0.212015,0.216669
4227,0.197121,0.220764,0.188303,0.229979,0.222458,0.227372,0.249669,0.220176,0.221673,0.212015,0.216669
4228,0.197121,0.220764,0.188303,0.229979,0.222458,0.227372,0.249669,0.220176,0.221673,0.212015,0.217657
4229,0.197121,0.220764,0.188303,0.229979,0.222458,0.227372,0.249669,0.220176,0.221673,0.212015,0.218003
4230,0.197121,0.220764,0.188303,0.229979,0.222458,0.227372,0.249669,0.220176,0.221673,0.212015,0.219388
4231,0.197121,0.220764,0.188303,0.229979,0.222458,0.227372,0.249669,0.220176,0.221673,0.212015,0.219413
4232,0.197121,0.220764,0.188303,0.229979,0.222458,0.227372,0.249669,0.220176,0.221673,0.212015,0.218881
4233,0.197121,0.220764,0.188303,0.229979,0.222458,0.227372,0.249669,0.220176,0.221673,0.212015,0.218494
4234,0.197121,0.220764,0.188303,0.229979,0.222458,0.227372,0.249669,0.220176,0.221673,0.212015,0.218108
4235,0.197121,0.220764,0.188303,0.229979,0.222458,0.227372,0.249669,0.221968,0.221673,0.212015,0.218108
4236,0.197121,0.220764,0.188303,0.229979,0.222458,0.227372,0.249669,0.222119,0.221673,0.212015,0.218108
4237,0.197121,0.220764,0.188303,0.229979,0.222458,0.227372,0.249669,0.221542,0.221673,0.212015,0.218108
4238,0.197121,0.220764,0.188303,0.229979,0.222458,0.227372,0.249669,0.221239,0.221673,0.212015,0.218108
4239,0.197121,0.220764,0.188303,0.229979,0.222458,0.227372,0.249669,0.221141,0.221673,0.212015,0.218108
4240,0.197121,0.220764,0.188303,0.229979,0.222458,0.226627,0.249669,0.221141,0.221673,0.212015,0.218108
4241,0.197121,0.220764,0.188303,0.229979,0.222458,0.226627,0.249669,0.221141,0.22121,0.212015,0.218108
4242,0.197121,0.221214,0.188303,0.229979,0.222458,0.226627,0.249669,0.221141,0.22121,0.212015,0.218108
4243,0.197121,0.221591,0.188303,0.229979,0.222458,0.226627,0.249669,0.221141,0.22121,0.212015,0.218108
4244,0.197121,0.221203,0.188303,0.229979,0.222458,0.226627,0.249669,0.221141,0.22121,0.212015,0.218108
4245,0.197121,0.221203,0.188303,0.229979,0.222458,0.226627,0.249669,0.221141,0.22121,0.212304,0.218108
4246,0.197121,0.221203,0.188303,0.231474,0.222458,0.226627,0.249669,0.221141,0.22121,0.212304,0.218108
4247,0.197121,0.221203,0.188303,0.23163,0.222458,0.226627,0.249669,0.221141,0.22121,0.212304,0.218108
4248,0.197121,0.221203,0.188303,0.231706,0.222458,0.226627,0.249669,0.221141,0.22121,0.212304,0.218108
4249,0.197121,0.221203,0.188303,0.231162,0.222458,0.226627,0.249669,0.221141,0.22121,0.212304,0.218108
4250,0.197121,0.221203,0.188303,0.230817,0.222458,0.226627,0.249669,0.221141,0.22121,0.212304,0.218108
4251,0.197121,0.221203,0.188303,0.230817,0.222458,0.226627,0.249669,0.221141,0.22121,0.212056,0.218108
4252,0.197121,0.221203,0.188303,0.230817,0.222458,0.226627,0.249669,0.220571,0.22121,0.212056,0.218108
4253,0.197121,0.221203,0.188303,0.230817,0.222458,0.226627,0.249821,0.220571,0.22121,0.212056,0.218108
4254,0.197121,0.221203,0.188303,0.230817,0.222458,0.226627,0.249821,0.220571,0.22121,0.212056,0.217955
4255,0.197121,0.221203,0.188303,0.230817,0.222458,0.226627,0.249342,0.220571,0.22121,0.212056,0.217955
4256,0.197121,0.221203,0.187654,0.230817,0.222458,0.226627,0.249342,0.220571,0.22121,0.212056,0.217955
4257,0.197121,0.220295,0.187654,0.230817,0.222458,0.226627,0.249342,0.220571,0.22121,0.212056,0.217955
4258,0.197121,0.220295,0.187654,0.230547,0.222458,0.226627,0.249342,0.220571,0.22121,0.212056,0.217955
4259,0.196301,0.220295,0.187654,0.230547,0.222458,0.226627,0.249342,0.220571,0.22121,0.212056,0.217955
4260,0.196301,0.220295,0.187654,0.230547,0.222458,0.226627,0.249342,0.220571,0.22121,0.212056,0.216322
4261,0.196301,0.220295,0.187654,0.230547,0.222458,0.226627,0.249342,0.220571,0.223026,0.212056,0.216322
4262,0.196301,0.220295,0.187654,0.230547,0.222458,0.226627,0.249342,0.220571,0.222947,0.212056,0.216322
4263,0.196301,0.220295,0.187654,0.230547,0.222458,0.226627,0.249342,0.220571,0.222842,0.212056,0.216322
4264,0.196301,0.220295,0.187654,0.230547,0.222458,0.226627,0.249342,0.220571,0.222089,0.212056,0.216322
4265,0.196301,0.220295,0.187654,0.230547,0.222458,0.226627,0.249342,0.220571,0.222089,0.211412,0.216322
4266,0.196301,0.220295,0.187654,0.230547,0.222458,0.226627,0.249342,0.220571,0.22357,0.211412,0.216322
4267,0.196301,0.220295,0.187654,0.230547,0.222458,0.226627,0.249342,0.220571,0.222415,0.211412,0.216322
4268,0.196301,0.220295,0.187654,0.230547,0.222458,0.226415,0.249342,0.220571,0.222415,0.211412,0.216322
4269,0.196301,0.220295,0.187654,0.230547,0.222458,0.226415,0.248866,0.220571,0.222415,0.211412,0.216322
4270,0.196301,0.220295,0.187654,0.230547,0.222365,0.226415,0.248866,0.220571,0.222415,0.211412,0.216322
4271,0.196301,0.220295,0.187654,0.230495,0.222365,0.226415,0.248866,0.220571,0.222415,0.211412,0.216322
4272,0.196301,0.220295,0.187654,0.230495,0.222365,0.226415,0.248866,0.220004,0.222415,0.211412,0.216322
4273,0.196301,0.220295,0.187654,0.230495,0.222365,0.226415,0.248866,0.220004,0.221853,0.211412,0.216322
4274,0.196301,0.220295,0.187654,0.230131,0.222365,0.226415,0.248866,0.220004,0.221853,0.211412,0.216322
4275,0.196301,0.220295,0.187654,0.230131,0.222365,0.225867,0.248866,0.220004,0.221853,0.211412,0.216322
4276,0.196301,0.220295,0.187654,0.230131,0.221805,0.225867,0.248866,0.220004,0.221853,0.211412,0.216322
4277,0.196301,0.220295,0.18957,0.230131,0.221805,0.225867,0.248866,0.220004,0.221853,0.211412,0.216322
4278,0.196301,0.220295,0.187378,0.230131,0.221805,0.225867,0.248866,0.220004,0.221853,0.211412,0.216322
4279,0.196301,0.220295,0.187378,0.230131,0.221805,0.225867,0.250206,0.220004,0.221853,0.211412,0.216322
4280,0.196301,0.220295,0.187378,0.230131,0.221805,0.225867,0.250143,0.220004,0.221853,0.211412,0.216322
4281,0.196301,0.220295,0.187378,0.230131,0.221805,0.225867,0.251601,0.220004,0.221853,0.211412,0.216322
4282,0.196301,0.220295,0.187378,0.230131,0.221805,0.225867,0.251189,0.220004,0.221853,0.211412,0.216322
4283,0.196301,0.220295,0.187378,0.230131,0.221805,0.225867,0.251093,0.220004,0.221853,0.211412,0.216322
4284,0.196301,0.220295,0.187378,0.230131,0.221805,0.225867,0.250811,0.220004,0.221853,0.211412,0.216322
4285,0.196301,0.220295,0.187378,0.230131,0.221805,0.225867,0.250719,0.220004,0.221853,0.211412,0.216322
4286,0.196301,0.220295,0.187378,0.230131,0.221805,0.225867,0.250786,0.220004,0.221853,0.211412,0.216322
4287,0.196301,0.220295,0.187378,0.230131,0.221805,0.225867,0.250701,0.220004,0.221853,0.211412,0.216322
4288,0.196301,0.220295,0.187378,0.230131,0.221805,0.225867,0.250361,0.220004,0.221853,0.211412,0.216322
4289,0.196301,0.220404,0.187378,0.230131,0.221805,0.225867,0.250361,0.220004,0.221853,0.211412,0.216322
4290,0.196301,0.220404,0.187378,0.230131,0.221805,0.225867,0.250361,0.220004,0.221853,0.211621,0.216322
4291,0.196301,0.220404,0.187378,0.230131,0.221805,0.225867,0.2506,0.220004,0.221853,0.211621,0.216322
4292,0.196301,0.220404,0.187378,0.230131,0.221805,0.225867,0.250594,0.220004,0.221853,0.211621,0.216322
4293,0.196301,0.219899,0.187378,0.230131,0.221805,0.225867,0.250594,0.220004,0.221853,0.211621,0.216322
4294,0.196301,0.219899,0.187378,0.230131,0.221805,0.225867,0.250594,0.220004,0.221853,0.209708,0.216322
4295,0.195863,0.219899,0.187378,0.230131,0.221805,0.225867,0.250594,0.220004,0.221853,0.209708,0.216322
4296,0.195863,0.219899,0.187378,0.230131,0.221805,0.225867,0.250126,0.220004,0.221853,0.209708,0.216322
4297,0.195863,0.219899,0.187378,0.230131,0.221805,0.225867,0.250126,0.220004,0.220876,0.209708,0.216322
4298,0.195863,0.219899,0.187378,0.230131,0.221805,0.225867,0.250126,0.219321,0.220876,0.209708,0.216322
4299,0.195863,0.219899,0.187378,0.23105,0.221805,0.225867,0.250126,0.219321,0.220876,0.209708,0.216322
4300,0.195863,0.219899,0.187378,0.230499,0.221805,0.225867,0.250126,0.219321,0.220876,0.209708,0.216322
4301,0.195863,0.219899,0.187378,0.229967,0.221805,0.225867,0.250126,0.219321,0.220876,0.209708,0.216322
4302,0.195863,0.219899,0.187378,0.229967,0.221805,0.225624,0.250126,0.219321,0.220876,0.209708,0.216322
4303,0.195863,0.219899,0.187378,0.229967,0.222566,0.225624,0.250126,0.219321,0.220876,0.209708,0.216322
4304,0.195863,0.219899,0.187378,0.229967,0.222008,0.225624,0.250126,0.219321,0.220876,0.209708,0.216322
4305,0.195863,0.219899,0.187378,0.229967,0.222008,0.225624,0.249661,0.219321,0.220876,0.209708,0.216322
4306,0.195863,0.219899,0.187378,0.229967,0.22157,0.225624,0.249661,0.219321,0.220876,0.209708,0.216322
4307,0.195863,0.219358,0.187378,0.229967,0.22157,0.225624,0.249661,0.219321,0.220876,0.209708,0.216322
4308,0.195863,0.219358,0.18712,0.229967,0.22157,0.225624,0.249661,0.219321,0.220876,0.209708,0.216322
4309,0.195863,0.219358,0.18712,0.229967,0.22157,0.225624,0.249661,0.219321,0.220876,0.209708,0.215014
4310,0.195241,0.219358,0.18712,0.229967,0.22157,0.225624,0.249661,0.219321,0.220876,0.209708,0.215014
4311,0.195241,0.219358,0.18712,0.229967,0.22157,0.225361,0.249661,0.219321,0.220876,0.209708,0.215014
4312,0.195241,0.219358,0.18712,0.230284,0.22157,0.225361,0.249661,0.219321,0.220876,0.209708,0.215014
4313,0.195241,0.219358,0.18712,0.232564,0.22157,0.225361,0.249661,0.219321,0.220876,0.209708,0.215014
4314,0.195241,0.219358,0.18712,0.232145,0.22157,0.225361,0.249661,0.219321,0.220876,0.209708,0.215014
4315,0.195241,0.219358,0.18712,0.232095,0.22157,0.225361,0.249661,0.219321,0.220876,0.209708,0.215014
4316,0.195241,0.219358,0.18712,0.232543,0.22157,0.225361,0.249661,0.219321,0.220876,0.209708,0.215014
4317,0.195241,0.219358,0.18712,0.231993,0.22157,0.225361,0.249661,0.219321,0.220876,0.209708,0.215014
4318,0.195241,0.219358,0.18712,0.231987,0.22157,0.225361,0.249661,0.219321,0.220876,0.209708,0.215014
4319,0.195241,0.219358,0.18712,0.232837,0.22157,0.225361,0.249661,0.219321,0.220876,0.209708,0.215014
4320,0.195241,0.219358,0.18712,0.232395,0.22157,0.225361,0.249661,0.219321,0.220876,0.209708,0.215014
4321,0.195241,0.219358,0.18712,0.231962,0.22157,0.225361,0.249661,0.219321,0.220876,0.209708,0.215014
4322,0.195241,0.219358,0.18712,0.231962,0.22157,0.225361,0.249661,0.220433,0.220876,0.209708,0.215014
4323,0.195241,0.219358,0.18712,0.231962,0.22157,0.225361,0.249661,0.22013,0.220876,0.209708,0.215014
4324,0.195241,0.219358,0.18712,0.231962,0.22157,0.225361,0.249661,0.220096,0.220876,0.209708,0.215014
4325,0.195241,0.219358,0.18712,0.231962,0.22157,0.225361,0.249661,0.219712,0.220876,0.209708,0.215014
4326,0.195241,0.219358,0.18712,0.232154,0.22157,0.225361,0.249661,0.219712,0.220876,0.209708,0.215014
4327,0.195241,0.219358,0.18712,0.231632,0.22157,0.225361,0.249661,0.219712,0.220876,0.209708,0.215014
4328,0.195241,0.219358,0.18712,0.231632,0.22157,0.225361,0.249661,0.219712,0.22147,0.209708,0.215014
4329,0.195241,0.219358,0.18712,0.231632,0.22157,0.225361,0.249661,0.219712,0.222286,0.209708,0.215014
4330,0.195241,0.219358,0.18712,0.231632,0.22157,0.225361,0.249661,0.219712,0.223716,0.209708,0.215014
4331,0.195241,0.219358,0.18712,0.231632,0.22157,0.225361,0.249661,0.219712,0.224303,0.209708,0.215014
4332,0.195241,0.219358,0.18712,0.231632,0.22157,0.225361,0.249661,0.219712,0.223999,0.209708,0.215014
4333,0.195241,0.219358,0.18712,0.231632,0.22157,0.225361,0.249661,0.219712,0.224407,0.209708,0.215014
4334,0.195241,0.219358,0.18712,0.231632,0.22157,0.225361,0.249661,0.219712,0.225405,0.209708,0.215014
4335,0.195241,0.219358,0.18712,0.231632,0.22157,0.225361,0.249661,0.219712,0.224848,0.209708,0.215014
4336,0.195241,0.219358,0.18712,0.231632,0.22157,0.225361,0.249661,0.219712,0.225255,0.209708,0.215014
4337,0.195241,0.219358,0.18712,0.231632,0.22157,0.225361,0.249661,0.219712,0.22583,0.209708,0.215014
4338,0.195241,0.219358,0.18712,0.231632,0.22157,0.225361,0.249661,0.219712,0.226012,0.209708,0.215014
4339,0.195241,0.219358,0.18712,0.231632,0.22157,0.225361,0.249661,0.219712,0.224604,0.209708,0.215014
4340,0.195241,0.219358,0.18712,0.231632,0.22157,0.225361,0.249661,0.219712,0.225038,0.209708,0.215014
4341,0.195241,0.219358,0.18712,0.231632,0.22157,0.225361,0.249661,0.219712,0.22666,0.209708,0.215014
4342,0.195241,0.219358,0.18712,0.231632,0.22157,0.225361,0.249661,0.219712,0.2296,0.209708,0.215014
4343,0.195241,0.219358,0.18712,0.231632,0.22157,0.225361,0.249661,0.219712,0.229874,0.209708,0.215014
4344,0.195241,0.219358,0.18712,0.231632,0.22157,0.225361,0.249661,0.219712,0.230858,0.209708,0.215014
4345,0.195241,0.219358,0.18712,0.231632,0.22157,0.225361,0.249661,0.219712,0.230302,0.209708,0.215014
4346,0.195241,0.219358,0.18712,0.231632,0.22157,0.225361,0.249661,0.219712,0.22981,0.209708,0.215014
4347,0.195241,0.219358,0.18712,0.231632,0.22157,0.225361,0.249661,0.219712,0.22949,0.209708,0.215014
4348,0.195241,0.219358,0.18712,0.231632,0.22157,0.225361,0.249661,0.219712,0.230845,0.209708,0.215014
4349,0.195241,0.219358,0.18712,0.231632,0.22157,0.225361,0.249661,0.219712,0.230893,0.209708,0.215014
4350,0.195241,0.219358,0.18712,0.231632,0.22157,0.225361,0.249661,0.219712,0.232127,0.209708,0.215014
4351,0.195241,0.219358,0.18712,0.231632,0.22157,0.225361,0.249661,0.219712,0.23203,0.209708,0.215014
4352,0.195241,0.219358,0.18712,0.231632,0.22157,0.225361,0.249661,0.219712,0.23148,0.209708,0.215014
4353,0.195241,0.219358,0.18712,0.231632,0.22157,0.225361,0.249661,0.219712,0.230957,0.209708,0.215014
4354,0.195241,0.219358,0.18712,0.231632,0.22157,0.225361,0.249661,0.219712,0.230423,0.209708,0.215014
4355,0.195241,0.219358,0.18712,0.231632,0.22157,0.225361,0.249661,0.219712,0.230544,0.209708,0.215014
4356,0.195241,0.219358,0.18712,0.231632,0.22157,0.225361,0.249661,0.219712,0.231277,0.209708,0.215014
4357,0.195241,0.219358,0.18712,0.231632,0.22157,0.225361,0.249661,0.219712,0.231769,0.209708,0.215014
4358,0.195241,0.219358,0.18712,0.231632,0.22157,0.225361,0.249661,0.219712,0.231847,0.209708,0.215014
4359,0.195241,0.219358,0.18712,0.231632,0.22157,0.225361,0.249661,0.219712,0.231379,0.209708,0.215014
4360,0.195241,0.219358,0.18712,0.231632,0.22157,0.225361,0.249661,0.219712,0.231116,0.209708,0.215014
4361,0.195241,0.219358,0.18712,0.231632,0.22157,0.225361,0.249661,0.219712,0.231454,0.209708,0.215014
4362,0.195241,0.219358,0.18712,0.231632,0.22157,0.225361,0.249661,0.219712,0.231935,0.209708,0.215014
4363,0.195241,0.219358,0.18712,0.231632,0.22157,0.225361,0.249661,0.219712,0.231573,0.209708,0.215014
4364,0.195241,0.219358,0.18712,0.231632,0.22157,0.225361,0.249661,0.219712,0.230847,0.209708,0.215014
4365,0.195241,0.219358,0.18712,0.231632,0.22157,0.225361,0.249661,0.219712,0.232694,0.209708,0.215014
4366,0.195241,0.219358,0.18712,0.231632,0.22157,0.225361,0.249661,0.219712,0.23216,0.209708,0.215014
4367,0.195241,0.219358,0.18712,0.231632,0.22157,0.225361,0.249661,0.219712,0.231721,0.209708,0.215014
4368,0.195241,0.219358,0.18712,0.231632,0.22157,0.225361,0.249661,0.219712,0.233188,0.209708,0.215014
4369,0.195241,0.219358,0.18712,0.231632,0.22157,0.225361,0.249661,0.219712,0.232957,0.209708,0.215014
4370,0.195241,0.219358,0.18712,0.231632,0.22157,0.225361,0.249661,0.219712,0.232505,0.209708,0.215014
4371,0.195241,0.219358,0.18712,0.231632,0.22157,0.225361,0.249661,0.219712,0.231979,0.209708,0.215014
4372,0.195241,0.219358,0.18712,0.231632,0.22157,0.225361,0.249661,0.219712,0.232931,0.209708,0.215014
4373,0.195241,0.219358,0.18712,0.231632,0.22157,0.225361,0.249661,0.219712,0.232243,0.209708,0.215014
4374,0.195241,0.219358,0.18712,0.231632,0.22157,0.225361,0.249661,0.219712,0.23194,0.209708,0.215014
4375,0.195241,0.219358,0.18712,0.231632,0.22157,0.224915,0.249661,0.219712,0.23194,0.209708,0.215014
4376,0.195241,0.219358,0.18712,0.231632,0.22157,0.224915,0.250643,0.219712,0.23194,0.209708,0.215014
4377,0.195241,0.219358,0.18712,0.231632,0.22157,0.224915,0.2501,0.219712,0.23194,0.209708,0.215014
4378,0.195241,0.219358,0.18712,0.231632,0.22157,0.224915,0.250437,0.219712,0.23194,0.209708,0.215014
4379,0.195241,0.219358,0.18712,0.231632,0.22157,0.224915,0.249974,0.219712,0.23194,0.209708,0.215014
4380,0.195241,0.219358,0.186459,0.231632,0.22157,0.224915,0.249974,0.219712,0.23194,0.209708,0.215014
4381,0.195241,0.219358,0.186459,0.231632,0.222513,0.224915,0.249974,0.219712,0.23194,0.209708,0.215014
4382,0.195241,0.219358,0.186459,0.231632,0.222582,0.224915,0.249974,0.219712,0.23194,0.209708,0.215014
4383,0.195241,0.219358,0.186459,0.231632,0.222587,0.224915,0.249974,0.219712,0.23194,0.209708,0.215014
4384,0.195241,0.219358,0.186459,0.231632,0.222923,0.224915,0.249974,0.219712,0.23194,0.209708,0.215014
4385,0.195241,0.219358,0.186459,0.231632,0.223495,0.224915,0.249974,0.219712,0.23194,0.209708,0.215014
4386,0.195241,0.219358,0.186459,0.231632,0.225189,0.224915,0.249974,0.219712,0.23194,0.209708,0.215014
4387,0.195241,0.219358,0.186459,0.231632,0.224764,0.224915,0.249974,0.219712,0.23194,0.209708,0.215014
4388,0.195241,0.219358,0.186459,0.231632,0.223018,0.224915,0.249974,0.219712,0.23194,0.209708,0.215014
4389,0.195241,0.219358,0.186459,0.231632,0.223018,0.224915,0.249974,0.219712,0.231412,0.209708,0.215014
4390,0.195241,0.22254,0.186459,0.231632,0.223018,0.224915,0.249974,0.219712,0.231412,0.209708,0.215014
4391,0.195241,0.223034,0.186459,0.231632,0.223018,0.224915,0.249974,0.219712,0.231412,0.209708,0.215014
4392,0.195241,0.222469,0.186459,0.231632,0.223018,0.224915,0.249974,0.219712,0.231412,0.209708,0.215014
4393,0.195241,0.222774,0.186459,0.231632,0.223018,0.224915,0.249974,0.219712,0.231412,0.209708,0.215014
4394,0.195241,0.222188,0.186459,0.231632,0.223018,0.224915,0.249974,0.219712,0.231412,0.209708,0.215014
4395,0.195241,0.221434,0.186459,0.231632,0.223018,0.224915,0.249974,0.219712,0.231412,0.209708,0.215014
4396,0.195241,0.220879,0.186459,0.231632,0.223018,0.224915,0.249974,0.219712,0.231412,0.209708,0.215014
4397,0.195241,0.220879,0.186459,0.231632,0.223018,0.224915,0.249555,0.219712,0.231412,0.209708,0.215014
4398,0.195241,0.220879,0.186459,0.231632,0.223018,0.224915,0.249555,0.219031,0.231412,0.209708,0.215014
4399,0.194808,0.220879,0.186459,0.231632,0.223018,0.224915,0.249555,0.219031,0.231412,0.209708,0.215014
4400,0.194808,0.222749,0.186459,0.231632,0.223018,0.224915,0.249555,0.219031,0.231412,0.209708,0.215014
4401,0.194808,0.223356,0.186459,0.231632,0.223018,0.224915,0.249555,0.219031,0.231412,0.209708,0.215014
4402,0.194808,0.225844,0.186459,0.231632,0.223018,0.224915,0.249555,0.219031,0.231412,0.209708,0.215014
4403,0.194808,0.225283,0.186459,0.231632,0.223018,0.224915,0.249555,0.219031,0.231412,0.209708,0.215014
4404,0.194808,0.225313,0.186459,0.231632,0.223018,0.224915,0.249555,0.219031,0.231412,0.209708,0.215014
4405,0.194808,0.224744,0.186459,0.231632,0.223018,0.224915,0.249555,0.219031,0.231412,0.209708,0.215014
4406,0.194808,0.224323,0.186459,0.231632,0.223018,0.224915,0.249555,0.219031,0.231412,0.209708,0.215014
4407,0.194808,0.225333,0.186459,0.231632,0.223018,0.224915,0.249555,0.219031,0.231412,0.209708,0.215014
4408,0.194808,0.22478,0.186459,0.231632,0.223018,0.224915,0.249555,0.219031,0.231412,0.209708,0.215014
4409,0.194808,0.224231,0.186459,0.231632,0.223018,0.224915,0.249555,0.219031,0.231412,0.209708,0.215014
4410,0.194808,0.223918,0.186459,0.231632,0.223018,0.224915,0.249555,0.219031,0.231412,0.209708,0.215014
4411,0.194808,0.224968,0.186459,0.231632,0.223018,0.224915,0.249555,0.219031,0.231412,0.209708,0.215014
4412,0.194808,0.226072,0.186459,0.231632,0.223018,0.224915,0.249555,0.219031,0.231412,0.209708,0.215014
4413,0.194808,0.225525,0.186459,0.231632,0.223018,0.224915,0.249555,0.219031,0.231412,0.209708,0.215014
4414,0.194808,0.227921,0.186459,0.231632,0.223018,0.224915,0.249555,0.219031,0.231412,0.209708,0.215014
4415,0.194808,0.227546,0.186459,0.231632,0.223018,0.224915,0.249555,0.219031,0.231412,0.209708,0.215014
4416,0.194808,0.226999,0.186459,0.231632,0.223018,0.224915,0.249555,0.219031,0.231412,0.209708,0.215014
4417,0.194808,0.22646,0.186459,0.231632,0.223018,0.224915,0.249555,0.219031,0.231412,0.209708,0.215014
4418,0.194808,0.225919,0.186459,0.231632,0.223018,0.224915,0.249555,0.219031,0.231412,0.209708,0.215014
4419,0.194808,0.226664,0.186459,0.231632,0.223018,0.224915,0.249555,0.219031,0.231412,0.209708,0.215014
4420,0.194808,0.227428,0.186459,0.231632,0.223018,0.224915,0.249555,0.219031,0.231412,0.209708,0.215014
4421,0.194808,0.231434,0.186459,0.231632,0.223018,0.224915,0.249555,0.219031,0.231412,0.209708,0.215014
4422,0.194808,0.230886,0.186459,0.231632,0.223018,0.224915,0.249555,0.219031,0.231412,0.209708,0.215014
4423,0.194808,0.230408,0.186459,0.231632,0.223018,0.224915,0.249555,0.219031,0.231412,0.209708,0.215014
4424,0.194808,0.229864,0.186459,0.231632,0.223018,0.224915,0.249555,0.219031,0.231412,0.209708,0.215014
4425,0.194808,0.229592,0.186459,0.231632,0.223018,0.224915,0.249555,0.219031,0.231412,0.209708,0.215014
4426,0.194808,0.229164,0.186459,0.231632,0.223018,0.224915,0.249555,0.219031,0.231412,0.209708,0.215014
4427,0.194808,0.228744,0.186459,0.231632,0.223018,0.224915,0.249555,0.219031,0.231412,0.209708,0.215014
4428,0.194808,0.230972,0.186459,0.231632,0.223018,0.224915,0.249555,0.219031,0.231412,0.209708,0.215014
4429,0.194808,0.232985,0.186459,0.231632,0.223018,0.224915,0.249555,0.219031,0.231412,0.209708,0.215014
4430,0.194808,0.23376,0.186459,0.231632,0.223018,0.224915,0.249555,0.219031,0.231412,0.209708,0.215014
4431,0.194808,0.233215,0.186459,0.231632,0.223018,0.224915,0.249555,0.219031,0.231412,0.209708,0.215014
4432,0.194808,0.234085,0.186459,0.231632,0.223018,0.224915,0.249555,0.219031,0.231412,0.209708,0.215014
4433,0.194808,0.23414,0.186459,0.231632,0.223018,0.224915,0.249555,0.219031,0.231412,0.209708,0.215014
4434,0.194808,0.233748,0.186459,0.231632,0.223018,0.224915,0.249555,0.219031,0.231412,0.209708,0.215014
4435,0.194808,0.23363,0.186459,0.231632,0.223018,0.224915,0.249555,0.219031,0.231412,0.209708,0.215014
4436,0.194808,0.233078,0.186459,0.231632,0.223018,0.224915,0.249555,0.219031,0.231412,0.209708,0.215014
4437,0.194808,0.232544,0.186459,0.231632,0.223018,0.224915,0.249555,0.219031,0.231412,0.209708,0.215014
4438,0.194808,0.231747,0.186459,0.231632,0.223018,0.224915,0.249555,0.219031,0.231412,0.209708,0.215014
4439,0.194808,0.231637,0.186459,0.231632,0.223018,0.224915,0.249555,0.219031,0.231412,0.209708,0.215014
4440,0.194808,0.231414,0.186459,0.231632,0.223018,0.224915,0.249555,0.219031,0.231412,0.209708,0.215014
4441,0.194808,0.231684,0.186459,0.231632,0.223018,0.224915,0.249555,0.219031,0.231412,0.209708,0.215014
4442,0.194808,0.231157,0.186459,0.231632,0.223018,0.224915,0.249555,0.219031,0.231412,0.209708,0.215014
4443,0.194808,0.232469,0.186459,0.231632,0.223018,0.224915,0.249555,0.219031,0.231412,0.209708,0.215014
4444,0.194808,0.232106,0.186459,0.231632,0.223018,0.224915,0.249555,0.219031,0.231412,0.209708,0.215014
4445,0.194808,0.232663,0.186459,0.231632,0.223018,0.224915,0.249555,0.219031,0.231412,0.209708,0.215014
4446,0.194808,0.23227,0.186459,0.231632,0.223018,0.224915,0.249555,0.219031,0.231412,0.209708,0.215014
4447,0.194808,0.232194,0.186459,0.231632,0.223018,0.224915,0.249555,0.219031,0.231412,0.209708,0.215014
4448,0.194808,0.232136,0.186459,0.231632,0.223018,0.224915,0.249555,0.219031,0.231412,0.209708,0.215014
4449,0.194808,0.232136,0.186459,0.231632,0.222473,0.224915,0.249555,0.219031,0.231412,0.209708,0.215014
4450,0.194808,0.232136,0.186459,0.231113,0.222473,0.224915,0.249555,0.219031,0.231412,0.209708,0.215014
4451,0.194808,0.232136,0.186459,0.231113,0.222473,0.224575,0.249555,0.219031,0.231412,0.209708,0.215014
4452,0.194808,0.231719,0.186459,0.231113,0.222473,0.224575,0.249555,0.219031,0.231412,0.209708,0.215014
4453,0.194808,0.231719,0.186459,0.231113,0.222473,0.224575,0.249555,0.219031,0.231412,0.210139,0.215014
4454,0.194808,0.231719,0.186459,0.231113,0.222473,0.224575,0.249555,0.219031,0.231412,0.208962,0.215014
4455,0.194808,0.231719,0.186459,0.231113,0.222473,0.224575,0.249555,0.219031,0.231088,0.208962,0.215014
4456,0.194808,0.231719,0.186459,0.231113,0.222473,0.224575,0.249095,0.219031,0.231088,0.208962,0.215014
4457,0.194808,0.231719,0.186459,0.231113,0.222473,0.224575,0.249095,0.219031,0.231088,0.208962,0.214908
4458,0.194808,0.231719,0.187701,0.231113,0.222473,0.224575,0.249095,0.219031,0.231088,0.208962,0.214908
4459,0.194808,0.231719,0.18728,0.231113,0.222473,0.224575,0.249095,0.219031,0.231088,0.208962,0.214908
4460,0.194808,0.231719,0.189789,0.231113,0.222473,0.224575,0.249095,0.219031,0.231088,0.208962,0.214908
4461,0.194808,0.231719,0.190865,0.231113,0.222473,0.224575,0.249095,0.219031,0.231088,0.208962,0.214908
4462,0.194808,0.231719,0.19115,0.231113,0.222473,0.224575,0.249095,0.219031,0.231088,0.208962,0.214908
4463,0.194808,0.231719,0.188622,0.231113,0.222473,0.224575,0.249095,0.219031,0.231088,0.208962,0.214908
4464,0.195848,0.231719,0.188622,0.231113,0.222473,0.224575,0.249095,0.219031,0.231088,0.208962,0.214908
4465,0.196004,0.231719,0.188622,0.231113,0.222473,0.224575,0.249095,0.219031,0.231088,0.208962,0.214908
4466,0.195772,0.231719,0.188622,0.231113,0.222473,0.224575,0.249095,0.219031,0.231088,0.208962,0.214908
4467,0.195772,0.231719,0.188622,0.231113,0.222473,0.222622,0.249095,0.219031,0.231088,0.208962,0.214908
4468,0.195772,0.231719,0.186982,0.231113,0.222473,0.222622,0.249095,0.219031,0.231088,0.208962,0.214908
4469,0.195204,0.231719,0.186982,0.231113,0.222473,0.222622,0.249095,0.219031,0.231088,0.208962,0.214908
4470,0.195204,0.231719,0.186982,0.231113,0.222473,0.222622,0.249095,0.220303,0.231088,0.208962,0.214908
4471,0.195204,0.231719,0.186982,0.231113,0.222473,0.222622,0.249095,0.220068,0.231088,0.208962,0.214908
4472,0.195204,0.231719,0.186982,0.231113,0.222473,0.222622,0.249095,0.221071,0.231088,0.208962,0.214908
4473,0.195204,0.231719,0.186982,0.231113,0.222473,0.222622,0.249095,0.221591,0.231088,0.208962,0.214908
4474,0.195204,0.231719,0.186982,0.231113,0.222473,0.222622,0.249095,0.222062,0.231088,0.208962,0.214908
4475,0.195204,0.231719,0.186982,0.231113,0.222473,0.222622,0.249095,0.221926,0.231088,0.208962,0.214908
4476,0.195204,0.231719,0.186982,0.231113,0.222473,0.222622,0.249095,0.220912,0.231088,0.208962,0.214908
4477,0.195204,0.231719,0.186982,0.231113,0.222473,0.222622,0.249095,0.221111,0.231088,0.208962,0.214908
4478,0.195204,0.231719,0.186982,0.231113,0.222473,0.222622,0.249095,0.221418,0.231088,0.208962,0.214908
4479,0.195204,0.231719,0.186982,0.231113,0.222473,0.222622,0.249095,0.220846,0.231088,0.208962,0.214908
4480,0.195204,0.231719,0.186982,0.23095,0.222473,0.222622,0.249095,0.220846,0.231088,0.208962,0.214908
4481,0.195204,0.231719,0.186982,0.23095,0.222473,0.222622,0.249095,0.220846,0.231088,0.208962,0.214436
4482,0.195204,0.231719,0.186982,0.23095,0.222473,0.222622,0.249095,0.220846,0.231837,0.208962,0.214436
4483,0.195204,0.231719,0.186982,0.23095,0.222473,0.222622,0.249095,0.220846,0.232311,0.208962,0.214436
4484,0.195204,0.231719,0.186982,0.23095,0.222473,0.222622,0.249095,0.220846,0.231793,0.208962,0.214436
4485,0.195204,0.231719,0.186982,0.23095,0.222473,0.222622,0.249095,0.220846,0.231278,0.208962,0.214436
4486,0.195204,0.231233,0.186982,0.23095,0.222473,0.222622,0.249095,0.220846,0.231278,0.208962,0.214436
4487,0.195204,0.231233,0.186982,0.23095,0.222902,0.222622,0.249095,0.220846,0.231278,0.208962,0.214436
4488,0.195204,0.231233,0.186982,0.23095,0.222673,0.222622,0.249095,0.220846,0.231278,0.208962,0.214436
4489,0.195204,0.231233,0.186982,0.23095,0.222673,0.222622,0.24952,0.220846,0.231278,0.208962,0.214436
4490,0.195204,0.231233,0.186982,0.23095,0.222673,0.222622,0.250037,0.220846,0.231278,0.208962,0.214436
4491,0.195204,0.231233,0.186982,0.23095,0.222673,0.222622,0.24894,0.220846,0.231278,0.208962,0.214436
4492,0.195204,0.231233,0.186982,0.23095,0.223437,0.222622,0.24894,0.220846,0.231278,0.208962,0.214436
4493,0.195204,0.231233,0.186982,0.23095,0.222896,0.222622,0.24894,0.220846,0.231278,0.208962,0.214436
4494,0.195204,0.231233,0.186982,0.230435,0.222896,0.222622,0.24894,0.220846,0.231278,0.208962,0.214436
4495,0.195204,0.231233,0.186982,0.230435,0.223374,0.222622,0.24894,0.220846,0.231278,0.208962,0.214436
4496,0.195204,0.231233,0.186982,0.230435,0.222063,0.222622,0.24894,0.220846,0.231278,0.208962,0.214436
4497,0.195204,0.231233,0.186982,0.230435,0.222063,0.222622,0.24894,0.220893,0.231278,0.208962,0.214436
4498,0.195204,0.231233,0.186982,0.230435,0.222063,0.222622,0.24894,0.220893,0.231816,0.208962,0.214436
4499,0.195204,0.231233,0.186982,0.230435,0.222063,0.222622,0.24894,0.220893,0.231347,0.208962,0.214436
4500,0.195204,0.230756,0.186982,0.230435,0.222063,0.222622,0.24894,0.220893,0.231347,0.208962,0.214436
4501,0.195204,0.230756,0.186982,0.230435,0.222063,0.222622,0.24894,0.220893,0.231347,0.208962,0.214618
4502,0.195204,0.230756,0.186982,0.230435,0.222063,0.222622,0.24894,0.220893,0.231347,0.20987,0.214618
4503,0.195204,0.230756,0.186982,0.230435,0.222063,0.222622,0.24894,0.220893,0.231347,0.209538,0.214618
4504,0.195204,0.230756,0.186982,0.230435,0.222063,0.222622,0.24894,0.220893,0.231347,0.209729,0.214618
4505,0.197809,0.230756,0.186982,0.230435,0.222063,0.222622,0.24894,0.220893,0.231347,0.209729,0.214618
4506,0.197454,0.230756,0.186982,0.230435,0.222063,0.222622,0.24894,0.220893,0.231347,0.209729,0.214618
4507,0.194964,0.230756,0.186982,0.230435,0.222063,0.222622,0.24894,0.220893,0.231347,0.209729,0.214618
4508,0.194964,0.230756,0.186982,0.230435,0.222063,0.222622,0.24894,0.220893,0.231347,0.209729,0.214026
4509,0.194964,0.230756,0.186982,0.230435,0.222063,0.222622,0.248877,0.220893,0.231347,0.209729,0.214026
4510,0.194964,0.230756,0.186982,0.230435,0.222063,0.222622,0.248877,0.220351,0.231347,0.209729,0.214026
4511,0.194964,0.230756,0.186982,0.230435,0.222063,0.222622,0.248877,0.220351,0.231347,0.213258,0.214026
4512,0.194964,0.230756,0.186982,0.230435,0.222063,0.222622,0.248877,0.220351,0.231347,0.212676,0.214026
4513,0.194964,0.230756,0.186982,0.230435,0.222063,0.222622,0.248877,0.220351,0.231347,0.2128,0.214026
4514,0.194964,0.230756,0.186982,0.230435,0.222063,0.222622,0.248877,0.220351,0.231347,0.211929,0.214026
4515,0.194964,0.230756,0.186982,0.230435,0.222063,0.222622,0.248877,0.220351,0.231347,0.211443,0.214026
4516,0.194964,0.230756,0.186982,0.230435,0.222063,0.222622,0.248877,0.220351,0.231347,0.213053,0.214026
4517,0.194964,0.230756,0.186982,0.230435,0.222063,0.222622,0.248877,0.220351,0.231347,0.212517,0.214026
4518,0.194964,0.230756,0.186982,0.230435,0.222063,0.222622,0.248877,0.220351,0.231347,0.211947,0.214026
4519,0.194964,0.230756,0.186982,0.230435,0.222063,0.222622,0.248877,0.220351,0.231347,0.212132,0.214026
4520,0.194964,0.230756,0.186982,0.230435,0.222063,0.222622,0.248877,0.220351,0.230836,0.212132,0.214026
4521,0.194964,0.230756,0.186982,0.230435,0.222063,0.222622,0.248645,0.220351,0.230836,0.212132,0.214026
4522,0.194964,0.230756,0.186982,0.230435,0.222063,0.222622,0.248645,0.220351,0.230836,0.210394,0.214026
4523,0.194964,0.230756,0.186982,0.230262,0.222063,0.222622,0.248645,0.220351,0.230836,0.210394,0.214026
4524,0.194964,0.228732,0.186982,0.230262,0.222063,0.222622,0.248645,0.220351,0.230836,0.210394,0.214026
4525,0.194964,0.228732,0.186982,0.230262,0.222063,0.222622,0.248275,0.220351,0.230836,0.210394,0.214026
4526,0.194964,0.228732,0.186982,0.232027,0.222063,0.222622,0.248275,0.220351,0.230836,0.210394,0.214026
4527,0.194964,0.228732,0.186982,0.23455,0.222063,0.222622,0.248275,0.220351,0.230836,0.210394,0.214026
4528,0.194964,0.228732,0.186982,0.234168,0.222063,0.222622,0.248275,0.220351,0.230836,0.210394,0.214026
4529,0.194964,0.228732,0.186982,0.235013,0.222063,0.222622,0.248275,0.220351,0.230836,0.210394,0.214026
4530,0.194964,0.228732,0.186982,0.235233,0.222063,0.222622,0.248275,0.220351,0.230836,0.210394,0.214026
4531,0.194964,0.228732,0.186982,0.236453,0.222063,0.222622,0.248275,0.220351,0.230836,0.210394,0.214026
4532,0.194964,0.228732,0.186982,0.237304,0.222063,0.222622,0.248275,0.220351,0.230836,0.210394,0.214026
4533,0.194964,0.228732,0.186982,0.237821,0.222063,0.222622,0.248275,0.220351,0.230836,0.210394,0.214026
4534,0.194964,0.228732,0.186982,0.238435,0.222063,0.222622,0.248275,0.220351,0.230836,0.210394,0.214026
4535,0.194964,0.228732,0.186982,0.237916,0.222063,0.222622,0.248275,0.220351,0.230836,0.210394,0.214026
4536,0.194964,0.228732,0.186982,0.236424,0.222063,0.222622,0.248275,0.220351,0.230836,0.210394,0.214026
4537,0.194964,0.228732,0.186982,0.235912,0.222063,0.222622,0.248275,0.220351,0.230836,0.210394,0.214026
4538,0.194964,0.228732,0.186982,0.235401,0.222063,0.222622,0.248275,0.220351,0.230836,0.210394,0.214026
4539,0.194964,0.228732,0.186982,0.235854,0.222063,0.222622,0.248275,0.220351,0.230836,0.210394,0.214026
4540,0.194964,0.228732,0.186982,0.236839,0.222063,0.222622,0.248275,0.220351,0.230836,0.210394,0.214026
4541,0.194964,0.228732,0.186982,0.235744,0.222063,0.222622,0.248275,0.220351,0.230836,0.210394,0.214026
4542,0.194964,0.228732,0.186982,0.236863,0.222063,0.222622,0.248275,0.220351,0.230836,0.210394,0.214026
4543,0.194964,0.228732,0.186982,0.236871,0.222063,0.222622,0.248275,0.220351,0.230836,0.210394,0.214026
4544,0.194964,0.228732,0.186982,0.23633,0.222063,0.222622,0.248275,0.220351,0.230836,0.210394,0.214026
4545,0.194964,0.228732,0.186982,0.237343,0.222063,0.222622,0.248275,0.220351,0.230836,0.210394,0.214026
4546,0.194964,0.228732,0.186982,0.236513,0.222063,0.222622,0.248275,0.220351,0.230836,0.210394,0.214026
4547,0.194964,0.228732,0.186982,0.236206,0.222063,0.222622,0.248275,0.220351,0.230836,0.210394,0.214026
4548,0.194964,0.228732,0.186982,0.236885,0.222063,0.222622,0.248275,0.220351,0.230836,0.210394,0.214026
4549,0.194964,0.228732,0.186982,0.236962,0.222063,0.222622,0.248275,0.220351,0.230836,0.210394,0.214026
4550,0.194964,0.228732,0.186982,0.236463,0.222063,0.222622,0.248275,0.220351,0.230836,0.210394,0.214026
4551,0.194964,0.228732,0.186982,0.237663,0.222063,0.222622,0.248275,0.220351,0.230836,0.210394,0.214026
4552,0.194964,0.228732,0.186982,0.23736,0.222063,0.222622,0.248275,0.220351,0.230836,0.210394,0.214026
4553,0.194964,0.228732,0.186982,0.2373,0.222063,0.222622,0.248275,0.220351,0.230836,0.210394,0.214026
4554,0.194964,0.228732,0.186982,0.236804,0.222063,0.222622,0.248275,0.220351,0.230836,0.210394,0.214026
4555,0.194964,0.228732,0.186982,0.237072,0.222063,0.222622,0.248275,0.220351,0.230836,0.210394,0.214026
4556,0.194964,0.228732,0.186982,0.238911,0.222063,0.222622,0.248275,0.220351,0.230836,0.210394,0.214026
4557,0.194964,0.228732,0.186982,0.239201,0.222063,0.222622,0.248275,0.220351,0.230836,0.210394,0.214026
4558,0.194964,0.228732,0.186982,0.238705,0.222063,0.222622,0.248275,0.220351,0.230836,0.210394,0.214026
4559,0.194964,0.228732,0.186982,0.239973,0.222063,0.222622,0.248275,0.220351,0.230836,0.210394,0.214026
4560,0.194964,0.228732,0.186982,0.239478,0.222063,0.222622,0.248275,0.220351,0.230836,0.210394,0.214026
4561,0.194964,0.228732,0.186982,0.239311,0.222063,0.222622,0.248275,0.220351,0.230836,0.210394,0.214026
4562,0.194964,0.228732,0.186982,0.238879,0.222063,0.222622,0.248275,0.220351,0.230836,0.210394,0.214026
4563,0.194964,0.228732,0.186982,0.238516,0.222063,0.222622,0.248275,0.220351,0.230836,0.210394,0.214026
4564,0.194964,0.228732,0.186982,0.238027,0.222063,0.222622,0.248275,0.220351,0.230836,0.210394,0.214026
4565,0.194964,0.228732,0.186982,0.237918,0.222063,0.222622,0.248275,0.220351,0.230836,0.210394,0.214026
4566,0.194964,0.228732,0.186982,0.237918,0.222063,0.222622,0.248275,0.21981,0.230836,0.210394,0.214026
4567,0.194964,0.228732,0.186982,0.237918,0.222063,0.222622,0.248275,0.21981,0.230836,0.210394,0.214567
4568,0.194964,0.228732,0.186982,0.237918,0.222063,0.222622,0.248275,0.21981,0.230836,0.210394,0.216593
4569,0.194964,0.228732,0.186982,0.237918,0.222063,0.222622,0.248275,0.21981,0.230836,0.210394,0.216959
4570,0.194964,0.228732,0.186982,0.237918,0.222063,0.222622,0.248275,0.21981,0.230836,0.210394,0.214001
4571,0.194964,0.228732,0.186982,0.237918,0.222063,0.222622,0.248275,0.21981,0.232787,0.210394,0.214001
4572,0.194964,0.228732,0.186982,0.237918,0.222063,0.222622,0.248275,0.21981,0.235897,0.210394,0.214001
4573,0.194964,0.228732,0.186982,0.237918,0.222063,0.222622,0.248275,0.21981,0.234884,0.210394,0.214001
4574,0.194964,0.228732,0.186982,0.237918,0.222063,0.222622,0.248275,0.21981,0.234971,0.210394,0.214001
4575,0.194964,0.228732,0.186982,0.237918,0.222063,0.222622,0.248275,0.21981,0.233678,0.210394,0.214001
4576,0.194964,0.228732,0.186982,0.237918,0.222063,0.222622,0.248275,0.21981,0.233963,0.210394,0.214001
4577,0.194964,0.228732,0.186982,0.237918,0.222063,0.222622,0.248275,0.21981,0.233576,0.210394,0.214001
4578,0.194964,0.228732,0.186982,0.237918,0.222063,0.222622,0.248275,0.21981,0.233106,0.210394,0.214001
4579,0.194964,0.228732,0.186982,0.237918,0.222063,0.222622,0.248275,0.21981,0.232275,0.210394,0.214001
4580,0.194964,0.228732,0.186229,0.237918,0.222063,0.222622,0.248275,0.21981,0.232275,0.210394,0.214001
4581,0.194964,0.228732,0.186229,0.237918,0.222321,0.222622,0.248275,0.21981,0.232275,0.210394,0.214001
4582,0.194964,0.228732,0.186229,0.237918,0.223329,0.222622,0.248275,0.21981,0.232275,0.210394,0.214001
4583,0.194964,0.228732,0.186229,0.237918,0.223396,0.222622,0.248275,0.21981,0.232275,0.210394,0.214001
4584,0.194964,0.228732,0.186229,0.237918,0.222863,0.222622,0.248275,0.21981,0.232275,0.210394,0.214001
4585,0.194964,0.228732,0.186229,0.237734,0.222863,0.222622,0.248275,0.21981,0.232275,0.210394,0.214001
4586,0.194964,0.228732,0.186229,0.237734,0.222863,0.222622,0.248085,0.21981,0.232275,0.210394,0.214001
4587,0.194964,0.228732,0.186229,0.237734,0.222332,0.222622,0.248085,0.21981,0.232275,0.210394,0.214001
4588,0.194964,0.228732,0.186229,0.237734,0.222332,0.222995,0.248085,0.21981,0.232275,0.210394,0.214001
4589,0.194964,0.228732,0.186229,0.237734,0.222332,0.222604,0.248085,0.21981,0.232275,0.210394,0.214001
4590,0.195315,0.228732,0.186229,0.237734,0.222332,0.222604,0.248085,0.21981,0.232275,0.210394,0.214001
4591,0.194714,0.228732,0.186229,0.237734,0.222332,0.222604,0.248085,0.21981,0.232275,0.210394,0.214001
4592,0.194714,0.228732,0.186229,0.237734,0.222332,0.222604,0.248085,0.21981,0.231976,0.210394,0.214001
4593,0.194714,0.228732,0.186229,0.23744,0.222332,0.222604,0.248085,0.21981,0.231976,0.210394,0.214001
4594,0.194714,0.228732,0.186229,0.23744,0.222332,0.222604,0.247698,0.21981,0.231976,0.210394,0.214001
4595,0.194714,0.228732,0.186229,0.23744,0.222332,0.222604,0.247698,0.219786,0.231976,0.210394,0.214001
4596,0.194714,0.228732,0.186229,0.23744,0.222332,0.22188,0.247698,0.219786,0.231976,0.210394,0.214001
4597,0.194714,0.228732,0.186229,0.23744,0.222332,0.22188,0.247698,0.219547,0.231976,0.210394,0.214001
4598,0.194714,0.228732,0.186229,0.23744,0.222332,0.22188,0.247698,0.219547,0.231453,0.210394,0.214001
4599,0.194714,0.228732,0.186229,0.237197,0.222332,0.22188,0.247698,0.219547,0.231453,0.210394,0.214001
4600,0.194714,0.228732,0.186229,0.237197,0.222332,0.22188,0.247698,0.219547,0.231453,0.210394,0.213432
4601,0.194714,0.228732,0.186229,0.237197,0.221797,0.22188,0.247698,0.219547,0.231453,0.210394,0.213432
4602,0.194714,0.228732,0.186229,0.237197,0.221797,0.22188,0.248578,0.219547,0.231453,0.210394,0.213432
4603,0.194714,0.228732,0.186229,0.237197,0.221797,0.22188,0.248329,0.219547,0.231453,0.210394,0.213432
4604,0.194714,0.228732,0.186229,0.237197,0.221797,0.22188,0.247786,0.219547,0.231453,0.210394,0.213432
4605,0.194714,0.228732,0.185201,0.237197,0.221797,0.22188,0.247786,0.219547,0.231453,0.210394,0.213432
4606,0.198228,0.228732,0.185201,0.237197,0.221797,0.22188,0.247786,0.219547,0.231453,0.210394,0.213432
4607,0.197622,0.228732,0.185201,0.237197,0.221797,0.22188,0.247786,0.219547,0.231453,0.210394,0.213432
4608,0.196741,0.228732,0.185201,0.237197,0.221797,0.22188,0.247786,0.219547,0.231453,0.210394,0.213432
4609,0.196143,0.228732,0.185201,0.237197,0.221797,0.22188,0.247786,0.219547,0.231453,0.210394,0.213432
4610,0.195549,0.228732,0.185201,0.237197,0.221797,0.22188,0.247786,0.219547,0.231453,0.210394,0.213432
4611,0.195549,0.228732,0.185201,0.237197,0.221797,0.22188,0.247786,0.219547,0.231453,0.209617,0.213432
4612,0.195549,0.228732,0.185201,0.237197,0.221797,0.22188,0.247786,0.219332,0.231453,0.209617,0.213432
4613,0.195549,0.228732,0.185201,0.236398,0.221797,0.22188,0.247786,0.219332,0.231453,0.209617,0.213432
4614,0.195549,0.228732,0.185201,0.236398,0.221797,0.22188,0.24735,0.219332,0.231453,0.209617,0.213432
4615,0.195549,0.228732,0.185201,0.236398,0.221797,0.22188,0.24735,0.219332,0.231039,0.209617,0.213432
4616,0.195549,0.228732,0.185201,0.236398,0.221797,0.220765,0.24735,0.219332,0.231039,0.209617,0.213432
4617,0.195549,0.228732,0.185201,0.236398,0.221271,0.220765,0.24735,0.219332,0.231039,0.209617,0.213432
4618,0.195549,0.228732,0.185201,0.236398,0.221271,0.220765,0.24735,0.219332,0.231039,0.209617,0.213334
4619,0.195549,0.228732,0.185201,0.236398,0.221271,0.220765,0.24735,0.218223,0.231039,0.209617,0.213334
4620,0.195549,0.228163,0.185201,0.236398,0.221271,0.220765,0.24735,0.218223,0.231039,0.209617,0.213334
4621,0.195549,0.228163,0.185201,0.236398,0.221271,0.220765,0.247477,0.218223,0.231039,0.209617,0.213334
4622,0.195549,0.228163,0.185201,0.236398,0.221271,0.220765,0.247736,0.218223,0.231039,0.209617,0.213334
4623,0.195549,0.228163,0.185201,0.236398,0.221271,0.220765,0.247292,0.218223,0.231039,0.209617,0.213334
4624,0.195448,0.228163,0.185201,0.236398,0.221271,0.220765,0.247292,0.218223,0.231039,0.209617,0.213334
4625,0.195448,0.228163,0.185201,0.236398,0.221271,0.220765,0.247292,0.218223,0.231039,0.209617,0.21548
4626,0.195448,0.228163,0.185201,0.236398,0.221271,0.220765,0.247292,0.218223,0.231039,0.209617,0.21576
4627,0.195448,0.228163,0.185201,0.236398,0.221271,0.220765,0.247292,0.218223,0.231039,0.209617,0.215344
4628,0.195448,0.228163,0.185201,0.236398,0.221271,0.220765,0.247292,0.218223,0.231039,0.209617,0.214846
4629,0.195448,0.228163,0.185201,0.236398,0.221271,0.220765,0.247292,0.218223,0.231039,0.209617,0.214301
4630,0.195448,0.228163,0.185201,0.236398,0.221271,0.220765,0.247292,0.218223,0.231507,0.209617,0.214301
4631,0.195448,0.228163,0.185201,0.236398,0.221271,0.220765,0.247292,0.218223,0.231014,0.209617,0.214301
4632,0.195448,0.228163,0.185201,0.236398,0.221271,0.220765,0.247292,0.218223,0.231014,0.209061,0.214301
4633,0.195448,0.228163,0.185201,0.23697,0.221271,0.220765,0.247292,0.218223,0.231014,0.209061,0.214301
4634,0.195448,0.228163,0.185201,0.237701,0.221271,0.220765,0.247292,0.218223,0.231014,0.209061,0.214301
4635,0.195448,0.228163,0.185201,0.237222,0.221271,0.220765,0.247292,0.218223,0.231014,0.209061,0.214301
4636,0.195448,0.228163,0.185201,0.237432,0.221271,0.220765,0.247292,0.218223,0.231014,0.209061,0.214301
4637,0.195448,0.228163,0.185201,0.237773,0.221271,0.220765,0.247292,0.218223,0.231014,0.209061,0.214301
4638,0.195448,0.228163,0.185201,0.237297,0.221271,0.220765,0.247292,0.218223,0.231014,0.209061,0.214301
4639,0.195448,0.228163,0.185201,0.237297,0.221271,0.220765,0.247292,0.218223,0.231014,0.209061,0.214743
4640,0.195448,0.228163,0.185201,0.237297,0.221271,0.220765,0.247292,0.218223,0.231014,0.209061,0.215774
4641,0.195448,0.228163,0.185201,0.237297,0.221271,0.220765,0.247292,0.218223,0.231014,0.209061,0.215371
4642,0.195448,0.228163,0.185201,0.237297,0.221271,0.220765,0.247292,0.218223,0.231014,0.209061,0.214972
4643,0.197237,0.228163,0.185201,0.237297,0.221271,0.220765,0.247292,0.218223,0.231014,0.209061,0.214972
4644,0.196802,0.228163,0.185201,0.237297,0.221271,0.220765,0.247292,0.218223,0.231014,0.209061,0.214972
4645,0.196213,0.228163,0.185201,0.237297,0.221271,0.220765,0.247292,0.218223,0.231014,0.209061,0.214972
4646,0.196213,0.228163,0.185201,0.237297,0.222005,0.220765,0.247292,0.218223,0.231014,0.209061,0.214972
4647,0.196213,0.228163,0.185201,0.237297,0.221521,0.220765,0.247292,0.218223,0.231014,0.209061,0.214972
4648,0.196213,0.228163,0.185515,0.237297,0.221521,0.220765,0.247292,0.218223,0.231014,0.209061,0.214972
4649,0.196213,0.228163,0.185515,0.238207,0.221521,0.220765,0.247292,0.218223,0.231014,0.209061,0.214972
4650,0.196213,0.228163,0.185515,0.239234,0.221521,0.220765,0.247292,0.218223,0.231014,0.209061,0.214972
4651,0.196213,0.228163,0.185515,0.238234,0.221521,0.220765,0.247292,0.218223,0.231014,0.209061,0.214972
4652,0.196213,0.228163,0.185515,0.239456,0.221521,0.220765,0.247292,0.218223,0.231014,0.209061,0.214972
4653,0.196213,0.228163,0.185515,0.238983,0.221521,0.220765,0.247292,0.218223,0.231014,0.209061,0.214972
4654,0.196213,0.228163,0.185515,0.239845,0.221521,0.220765,0.247292,0.218223,0.231014,0.209061,0.214972
4655,0.196213,0.228163,0.185515,0.239462,0.221521,0.220765,0.247292,0.218223,0.231014,0.209061,0.214972
4656,0.196213,0.228163,0.185515,0.23906,0.221521,0.220765,0.247292,0.218223,0.231014,0.209061,0.214972
4657,0.196213,0.228163,0.185515,0.240534,0.221521,0.220765,0.247292,0.218223,0.231014,0.209061,0.214972
4658,0.196213,0.228163,0.185515,0.24185,0.221521,0.220765,0.247292,0.218223,0.231014,0.209061,0.214972
4659,0.196213,0.228163,0.185515,0.242264,0.221521,0.220765,0.247292,0.218223,0.231014,0.209061,0.214972
4660,0.196213,0.228163,0.185515,0.241531,0.221521,0.220765,0.247292,0.218223,0.231014,0.209061,0.214972
4661,0.196213,0.228163,0.185515,0.241046,0.221521,0.220765,0.247292,0.218223,0.231014,0.209061,0.214972
4662,0.196213,0.228163,0.185515,0.240576,0.221521,0.220765,0.247292,0.218223,0.231014,0.209061,0.214972
4663,0.196213,0.228163,0.185515,0.240439,0.221521,0.220765,0.247292,0.218223,0.231014,0.209061,0.214972
4664,0.196213,0.228163,0.185515,0.240006,0.221521,0.220765,0.247292,0.218223,0.231014,0.209061,0.214972
4665,0.196213,0.228163,0.185515,0.240006,0.221521,0.220765,0.247716,0.218223,0.231014,0.209061,0.214972
4666,0.196213,0.228163,0.185515,0.240006,0.221521,0.220765,0.247164,0.218223,0.231014,0.209061,0.214972
4667,0.196213,0.227949,0.185515,0.240006,0.221521,0.220765,0.247164,0.218223,0.231014,0.209061,0.214972
4668,0.196213,0.227949,0.184002,0.240006,0.221521,0.220765,0.247164,0.218223,0.231014,0.209061,0.214972
4669,0.196213,0.227949,0.184002,0.240006,0.221521,0.220765,0.247164,0.218223,0.231883,0.209061,0.214972
4670,0.196213,0.227949,0.184002,0.240006,0.221521,0.220765,0.247164,0.218223,0.230642,0.209061,0.214972
4671,0.196213,0.227949,0.184002,0.240006,0.221,0.220765,0.247164,0.218223,0.230642,0.209061,0.214972
4672,0.196213,0.227949,0.184002,0.23973,0.221,0.220765,0.247164,0.218223,0.230642,0.209061,0.214972
4673,0.195628,0.227949,0.184002,0.23973,0.221,0.220765,0.247164,0.218223,0.230642,0.209061,0.214972
4674,0.195628,0.227949,0.184002,0.23973,0.221,0.220765,0.247164,0.218223,0.230642,0.209061,0.214433
4675,0.195628,0.227531,0.184002,0.23973,0.221,0.220765,0.247164,0.218223,0.230642,0.209061,0.214433
4676,0.195628,0.227531,0.184002,0.23973,0.221,0.220765,0.247167,0.218223,0.230642,0.209061,0.214433
4677,0.195628,0.227531,0.184002,0.23973,0.221,0.220599,0.247167,0.218223,0.230642,0.209061,0.214433
4678,0.195628,0.227531,0.184002,0.23973,0.221,0.220599,0.247167,0.218223,0.230642,0.210104,0.214433
4679,0.195628,0.227531,0.184002,0.23973,0.221,0.220599,0.247167,0.218223,0.230642,0.211143,0.214433
4680,0.195628,0.227531,0.184002,0.23973,0.221,0.220599,0.247167,0.218223,0.230642,0.210587,0.214433
4681,0.195628,0.227531,0.184002,0.23973,0.221,0.220599,0.247167,0.218223,0.230642,0.21235,0.214433
4682,0.195628,0.227531,0.184002,0.23973,0.221,0.220599,0.247167,0.218223,0.230642,0.211429,0.214433
4683,0.195628,0.227531,0.184002,0.23973,0.221,0.220599,0.247167,0.218223,0.230642,0.211562,0.214433
4684,0.195628,0.227531,0.184002,0.23973,0.221,0.220599,0.247167,0.218223,0.230642,0.213018,0.214433
4685,0.195628,0.227531,0.184002,0.23973,0.221,0.220599,0.247167,0.218223,0.230642,0.213419,0.214433
4686,0.195628,0.227531,0.184002,0.23973,0.221,0.220599,0.247167,0.218223,0.230642,0.214228,0.214433
4687,0.195628,0.227531,0.184002,0.23973,0.221,0.220599,0.247167,0.218223,0.230642,0.21365,0.214433
4688,0.195628,0.227531,0.184002,0.23973,0.221,0.220599,0.247167,0.218223,0.230642,0.214962,0.214433
4689,0.195628,0.227531,0.184002,0.23973,0.221,0.220599,0.247167,0.218223,0.230642,0.216236,0.214433
4690,0.195628,0.227531,0.184002,0.23973,0.221,0.220599,0.247167,0.218223,0.230642,0.21541,0.214433
4691,0.195628,0.227531,0.184002,0.23973,0.221,0.220599,0.247167,0.218223,0.230642,0.215292,0.214433
4692,0.195628,0.227531,0.184002,0.23973,0.221,0.220599,0.247167,0.218223,0.230642,0.216379,0.214433
4693,0.195628,0.227531,0.184002,0.23973,0.221,0.220599,0.247167,0.218223,0.230642,0.215952,0.214433
4694,0.195628,0.227531,0.184002,0.23973,0.221,0.220599,0.247167,0.218223,0.230642,0.215488,0.214433
4695,0.195628,0.227531,0.184002,0.23973,0.221,0.220599,0.247167,0.218223,0.230642,0.215386,0.214433
4696,0.195628,0.227531,0.184002,0.23973,0.221,0.220599,0.247167,0.218223,0.230642,0.21645,0.214433
4697,0.195628,0.227531,0.184002,0.23973,0.221,0.220599,0.247167,0.218223,0.230642,0.215002,0.214433
4698,0.195628,0.227531,0.184002,0.23973,0.221,0.220599,0.247167,0.218223,0.230642,0.214695,0.214433
4699,0.195628,0.227531,0.184002,0.23973,0.221,0.220599,0.247167,0.218223,0.230642,0.21558,0.214433
4700,0.195628,0.227531,0.184002,0.23973,0.221,0.220599,0.247167,0.218223,0.230642,0.213595,0.214433
4701,0.195628,0.227531,0.184002,0.23973,0.221,0.220599,0.247167,0.217692,0.230642,0.213595,0.214433
4702,0.195628,0.227531,0.184002,0.23973,0.221,0.220599,0.247234,0.217692,0.230642,0.213595,0.214433
4703,0.195628,0.227531,0.184002,0.240778,0.221,0.220599,0.247234,0.217692,0.230642,0.213595,0.214433
4704,0.195628,0.227531,0.184002,0.240127,0.221,0.220599,0.247234,0.217692,0.230642,0.213595,0.214433
4705,0.195628,0.227531,0.184002,0.239665,0.221,0.220599,0.247234,0.217692,0.230642,0.213595,0.214433
4706,0.195628,0.227531,0.184002,0.239665,0.221,0.220599,0.24679,0.217692,0.230642,0.213595,0.214433
4707,0.195628,0.227531,0.184002,0.239665,0.221,0.22059,0.24679,0.217692,0.230642,0.213595,0.214433
4708,0.195628,0.227531,0.184002,0.239665,0.221,0.22059,0.24679,0.217692,0.230906,0.213595,0.214433
4709,0.195628,0.227531,0.184002,0.239665,0.221,0.22059,0.24679,0.217692,0.231157,0.213595,0.214433
4710,0.195628,0.227531,0.184002,0.239665,0.221,0.22059,0.24679,0.217692,0.232372,0.213595,0.214433
4711,0.195628,0.227531,0.184002,0.239665,0.221,0.22059,0.24679,0.217692,0.232528,0.213595,0.214433
4712,0.195628,0.227531,0.184002,0.239665,0.221,0.22059,0.24679,0.217692,0.232473,0.213595,0.214433
4713,0.195628,0.227531,0.184002,0.239665,0.221,0.22059,0.24679,0.217692,0.232116,0.213595,0.214433
4714,0.195628,0.227531,0.184002,0.239665,0.221,0.22059,0.24679,0.217692,0.231828,0.213595,0.214433
4715,0.195628,0.227531,0.184002,0.239665,0.220492,0.22059,0.24679,0.217692,0.231828,0.213595,0.214433
4716,0.195628,0.227785,0.184002,0.239665,0.220492,0.22059,0.24679,0.217692,0.231828,0.213595,0.214433
4717,0.195628,0.22721,0.184002,0.239665,0.220492,0.22059,0.24679,0.217692,0.231828,0.213595,0.214433
4718,0.195628,0.22721,0.184002,0.239665,0.220492,0.22059,0.24679,0.217692,0.231443,0.213595,0.214433
4719,0.19744,0.22721,0.184002,0.239665,0.220492,0.22059,0.24679,0.217692,0.231443,0.213595,0.214433
4720,0.196856,0.22721,0.184002,0.239665,0.220492,0.22059,0.24679,0.217692,0.231443,0.213595,0.214433
4721,0.196961,0.22721,0.184002,0.239665,0.220492,0.22059,0.24679,0.217692,0.231443,0.213595,0.214433
4722,0.197246,0.22721,0.184002,0.239665,0.220492,0.22059,0.24679,0.217692,0.231443,0.213595,0.214433
4723,0.198258,0.22721,0.184002,0.239665,0.220492,0.22059,0.24679,0.217692,0.231443,0.213595,0.214433
4724,0.197269,0.22721,0.184002,0.239665,0.220492,0.22059,0.24679,0.217692,0.231443,0.213595,0.214433
4725,0.197269,0.22721,0.184002,0.239665,0.220492,0.22059,0.24679,0.217692,0.231443,0.213595,0.213927
4726,0.197269,0.22721,0.184002,0.239665,0.220492,0.221572,0.24679,0.217692,0.231443,0.213595,0.213927
4727,0.197269,0.22721,0.184002,0.239665,0.220492,0.221058,0.24679,0.217692,0.231443,0.213595,0.213927
4728,0.197269,0.22721,0.184002,0.239665,0.220492,0.22217,0.24679,0.217692,0.231443,0.213595,0.213927
4729,0.197269,0.22721,0.184002,0.239665,0.220492,0.222389,0.24679,0.217692,0.231443,0.213595,0.213927
4730,0.197269,0.22721,0.184002,0.239665,0.220492,0.222447,0.24679,0.217692,0.231443,0.213595,0.213927
4731,0.197269,0.22721,0.184002,0.239665,0.220492,0.223966,0.24679,0.217692,0.231443,0.213595,0.213927
4732,0.197269,0.22721,0.184002,0.239665,0.220492,0.223769,0.24679,0.217692,0.231443,0.213595,0.213927
4733,0.197269,0.22721,0.184002,0.239665,0.220492,0.222817,0.24679,0.217692,0.231443,0.213595,0.213927
4734,0.197269,0.22721,0.184002,0.239665,0.220492,0.222402,0.24679,0.217692,0.231443,0.213595,0.213927
4735,0.197269,0.22721,0.184002,0.239115,0.220492,0.222402,0.24679,0.217692,0.231443,0.213595,0.213927
4736,0.197269,0.22721,0.184002,0.239115,0.220492,0.222402,0.246874,0.217692,0.231443,0.213595,0.213927
4737,0.197269,0.22721,0.184002,0.239115,0.220492,0.222402,0.246874,0.218451,0.231443,0.213595,0.213927
4738,0.197269,0.22721,0.184002,0.239115,0.220492,0.222402,0.246874,0.218393,0.231443,0.213595,0.213927
4739,0.197269,0.22721,0.184002,0.239115,0.220492,0.222402,0.246874,0.218095,0.231443,0.213595,0.213927
4740,0.197269,0.22721,0.184002,0.239115,0.220492,0.222702,0.246874,0.218095,0.231443,0.213595,0.213927
4741,0.197269,0.22721,0.184002,0.239115,0.220492,0.222922,0.246874,0.218095,0.231443,0.213595,0.213927
4742,0.197269,0.22721,0.184002,0.239115,0.220492,0.223112,0.246874,0.218095,0.231443,0.213595,0.213927
4743,0.197269,0.22721,0.184002,0.239115,0.220492,0.222771,0.246874,0.218095,0.231443,0.213595,0.213927
4744,0.197269,0.22721,0.184002,0.239115,0.220492,0.222771,0.247485,0.218095,0.231443,0.213595,0.213927
4745,0.197269,0.22721,0.184002,0.239115,0.220492,0.222771,0.247546,0.218095,0.231443,0.213595,0.213927
4746,0.197269,0.22721,0.184002,0.239115,0.220492,0.222771,0.247859,0.218095,0.231443,0.213595,0.213927
4747,0.197269,0.22721,0.184002,0.239115,0.220492,0.222771,0.247423,0.218095,0.231443,0.213595,0.213927
4748,0.196775,0.22721,0.184002,0.239115,0.220492,0.222771,0.247423,0.218095,0.231443,0.213595,0.213927
4749,0.196775,0.22721,0.184002,0.239115,0.220492,0.222771,0.246988,0.218095,0.231443,0.213595,0.213927
4750,0.196775,0.22721,0.184002,0.239115,0.21997,0.222771,0.246988,0.218095,0.231443,0.213595,0.213927
4751,0.196775,0.22721,0.184002,0.239115,0.21997,0.222771,0.246988,0.218095,0.2312,0.213595,0.213927
4752,0.196775,0.22721,0.184002,0.239115,0.21997,0.222771,0.246988,0.217412,0.2312,0.213595,0.213927
4753,0.196775,0.226724,0.184002,0.239115,0.21997,0.222771,0.246988,0.217412,0.2312,0.213595,0.213927
4754,0.196775,0.226724,0.184002,0.239115,0.21997,0.222771,0.246988,0.217412,0.2312,0.213595,0.213393
4755,0.196775,0.226724,0.1834,0.239115,0.21997,0.222771,0.246988,0.217412,0.2312,0.213595,0.213393
4756,0.196775,0.226724,0.1834,0.239115,0.21997,0.221341,0.246988,0.217412,0.2312,0.213595,0.213393
4757,0.196775,0.226724,0.1834,0.238656,0.21997,0.221341,0.246988,0.217412,0.2312,0.213595,0.213393
4758,0.196775,0.226724,0.1834,0.238656,0.21997,0.221341,0.246586,0.217412,0.2312,0.213595,0.213393
4759,0.196775,0.226724,0.1834,0.238656,0.21997,0.221341,0.246586,0.217412,0.230717,0.213595,0.213393
4760,0.196775,0.226724,0.1834,0.238656,0.21997,0.221341,0.246586,0.217412,0.230717,0.213563,0.213393
4761,0.196201,0.226724,0.1834,0.238656,0.21997,0.221341,0.246586,0.217412,0.230717,0.213563,0.213393
4762,0.196201,0.226724,0.1834,0.238656,0.219844,0.221341,0.246586,0.217412,0.230717,0.213563,0.213393
4763,0.196201,0.226724,0.1834,0.238656,0.219844,0.221341,0.246586,0.217412,0.230717,0.213243,0.213393
4764,0.196201,0.226676,0.1834,0.238656,0.219844,0.221341,0.246586,0.217412,0.230717,0.213243,0.213393
4765,0.196201,0.226676,0.1834,0.238656,0.219844,0.221341,0.246154,0.217412,0.230717,0.213243,0.213393
4766,0.196201,0.226676,0.1834,0.238199,0.219844,0.221341,0.246154,0.217412,0.230717,0.213243,0.213393
4767,0.196201,0.226676,0.1834,0.238199,0.219844,0.221341,0.246154,0.216878,0.230717,0.213243,0.213393
4768,0.196201,0.226676,0.1834,0.238199,0.219844,0.221341,0.246154,0.216878,0.230717,0.213243,0.212814
4769,0.196201,0.226676,0.1834,0.238199,0.219142,0.221341,0.246154,0.216878,0.230717,0.213243,0.212814
4770,0.196201,0.226188,0.1834,0.238199,0.219142,0.221341,0.246154,0.216878,0.230717,0.213243,0.212814
4771,0.196201,0.226188,0.1834,0.238199,0.219142,0.221341,0.246154,0.216878,0.230018,0.213243,0.212814
4772,0.196201,0.226188,0.18327,0.238199,0.219142,0.221341,0.246154,0.216878,0.230018,0.213243,0.212814
4773,0.196201,0.226188,0.18327,0.238199,0.219142,0.221341,0.246154,0.216878,0.230018,0.214437,0.212814
4774,0.196201,0.226188,0.18327,0.238199,0.219142,0.221341,0.246154,0.216878,0.230018,0.216029,0.212814
4775,0.196201,0.226188,0.18327,0.238199,0.219142,0.221341,0.246154,0.216878,0.230018,0.215645,0.212814
4776,0.196201,0.226188,0.18327,0.238199,0.219142,0.221341,0.246154,0.216878,0.230018,0.215103,0.212814
4777,0.196201,0.226188,0.18327,0.238199,0.219142,0.221341,0.246154,0.216878,0.230018,0.215438,0.212814
4778,0.196201,0.226188,0.18327,0.238199,0.219142,0.221341,0.246154,0.216878,0.230018,0.214728,0.212814
4779,0.196201,0.226188,0.18327,0.238199,0.219142,0.221341,0.246154,0.216878,0.230018,0.214377,0.212814
4780,0.197885,0.226188,0.18327,0.238199,0.219142,0.221341,0.246154,0.216878,0.230018,0.214377,0.212814
4781,0.199368,0.226188,0.18327,0.238199,0.219142,0.221341,0.246154,0.216878,0.230018,0.214377,0.212814
4782,0.198792,0.226188,0.18327,0.238199,0.219142,0.221341,0.246154,0.216878,0.230018,0.214377,0.212814
4783,0.198064,0.226188,0.18327,0.238199,0.219142,0.221341,0.246154,0.216878,0.230018,0.214377,0.212814
4784,0.197701,0.226188,0.18327,0.238199,0.219142,0.221341,0.246154,0.216878,0.230018,0.214377,0.212814
4785,0.197701,0.226188,0.18327,0.238199,0.219142,0.221341,0.247166,0.216878,0.230018,0.214377,0.212814
4786,0.197701,0.226188,0.18327,0.238199,0.219142,0.221341,0.247025,0.216878,0.230018,0.214377,0.212814
4787,0.197701,0.226188,0.18327,0.238199,0.219142,0.221341,0.246594,0.216878,0.230018,0.214377,0.212814
4788,0.197701,0.226188,0.18327,0.238199,0.219142,0.221341,0.247016,0.216878,0.230018,0.214377,0.212814
4789,0.197701,0.226188,0.18327,0.238199,0.219142,0.221341,0.246588,0.216878,0.230018,0.214377,0.212814
4790,0.197701,0.226188,0.18327,0.238183,0.219142,0.221341,0.246588,0.216878,0.230018,0.214377,0.212814
4791,0.198132,0.226188,0.18327,0.238183,0.219142,0.221341,0.246588,0.216878,0.230018,0.214377,0.212814
4792,0.197566,0.226188,0.18327,0.238183,0.219142,0.221341,0.246588,0.216878,0.230018,0.214377,0.212814
4793,0.197566,0.226188,0.18327,0.238183,0.219142,0.221341,0.246588,0.21633,0.230018,0.214377,0.212814
4794,0.197566,0.226188,0.182809,0.238183,0.219142,0.221341,0.246588,0.21633,0.230018,0.214377,0.212814
4795,0.197566,0.226188,0.182809,0.237898,0.219142,0.221341,0.246588,0.21633,0.230018,0.214377,0.212814
4796,0.197566,0.226188,0.182809,0.237898,0.219142,0.221341,0.246588,0.21633,0.230018,0.214377,0.212286
4797,0.197566,0.225697,0.182809,0.237898,0.219142,0.221341,0.246588,0.21633,0.230018,0.214377,0.212286
4798,0.197566,0.225697,0.182809,0.237898,0.219142,0.221341,0.247818,0.21633,0.230018,0.214377,0.212286
4799,0.197566,0.225697,0.182809,0.237898,0.219142,0.221341,0.248263,0.21633,0.230018,0.214377,0.212286
4800,0.197566,0.225697,0.182809,0.237898,0.219142,0.221341,0.248867,0.21633,0.230018,0.214377,0.212286
4801,0.197566,0.225697,0.182809,0.237898,0.219142,0.221341,0.248902,0.21633,0.230018,0.214377,0.212286
4802,0.197566,0.225697,0.182809,0.237898,0.219142,0.221341,0.249087,0.21633,0.230018,0.214377,0.212286
4803,0.197566,0.225697,0.182809,0.237898,0.219142,0.221341,0.249324,0.21633,0.230018,0.214377,0.212286
4804,0.197566,0.225697,0.182809,0.237898,0.219142,0.221341,0.24905,0.21633,0.230018,0.214377,0.212286
4805,0.197566,0.225697,0.182809,0.237898,0.219142,0.221341,0.250288,0.21633,0.230018,0.214377,0.212286
4806,0.197566,0.225697,0.182809,0.237898,0.219142,0.221341,0.249862,0.21633,0.230018,0.214377,0.212286
4807,0.197566,0.225697,0.182809,0.237898,0.219142,0.221341,0.249463,0.21633,0.230018,0.214377,0.212286
4808,0.197566,0.225697,0.182809,0.237898,0.219142,0.221341,0.250195,0.21633,0.230018,0.214377,0.212286
4809,0.197566,0.225697,0.182809,0.237898,0.219142,0.221341,0.249186,0.21633,0.230018,0.214377,0.212286
4810,0.197566,0.225697,0.182809,0.237898,0.219142,0.221341,0.248763,0.21633,0.230018,0.214377,0.212286
4811,0.197566,0.225697,0.182809,0.237898,0.219142,0.221341,0.249229,0.21633,0.230018,0.214377,0.212286
4812,0.197566,0.225697,0.182809,0.237898,0.219142,0.221341,0.248942,0.21633,0.230018,0.214377,0.212286
4813,0.197566,0.225697,0.182809,0.237898,0.219142,0.221341,0.248508,0.21633,0.230018,0.214377,0.212286
4814,0.197566,0.225697,0.182809,0.237898,0.219142,0.221071,0.248508,0.21633,0.230018,0.214377,0.212286
4815,0.197566,0.225697,0.182809,0.237898,0.219142,0.221071,0.248508,0.21633,0.230018,0.214409,0.212286
4816,0.197566,0.225697,0.182809,0.237898,0.219142,0.221071,0.248508,0.21633,0.229871,0.214409,0.212286
4817,0.197566,0.225697,0.182809,0.237898,0.218674,0.221071,0.248508,0.21633,0.229871,0.214409,0.212286
4818,0.197566,0.225697,0.182809,0.237445,0.218674,0.221071,0.248508,0.21633,0.229871,0.214409,0.212286
4819,0.197566,0.225697,0.182809,0.237445,0.218674,0.221071,0.248508,0.21633,0.229871,0.213901,0.212286
4820,0.197566,0.225697,0.182809,0.237445,0.218674,0.221071,0.248108,0.21633,0.229871,0.213901,0.212286
4821,0.200912,0.225697,0.182809,0.237445,0.218674,0.221071,0.248108,0.21633,0.229871,0.213901,0.212286
4822,0.200349,0.225697,0.182809,0.237445,0.218674,0.221071,0.248108,0.21633,0.229871,0.213901,0.212286
4823,0.20002,0.225697,0.182809,0.237445,0.218674,0.221071,0.248108,0.21633,0.229871,0.213901,0.212286
4824,0.198894,0.225697,0.182809,0.237445,0.218674,0.221071,0.248108,0.21633,0.229871,0.213901,0.212286
4825,0.196379,0.225697,0.182809,0.237445,0.218674,0.221071,0.248108,0.21633,0.229871,0.213901,0.212286
4826,0.196379,0.225697,0.182809,0.237445,0.218674,0.221071,0.248108,0.21633,0.230798,0.213901,0.212286
4827,0.196379,0.225697,0.182809,0.237445,0.218674,0.221071,0.248108,0.21633,0.229947,0.213901,0.212286
4828,0.196379,0.225697,0.182809,0.237445,0.218674,0.220778,0.248108,0.21633,0.229947,0.213901,0.212286
4829,0.196379,0.225697,0.182809,0.237445,0.218674,0.220778,0.248108,0.216848,0.229947,0.213901,0.212286
4830,0.196379,0.225697,0.182809,0.237445,0.218674,0.220778,0.248108,0.217589,0.229947,0.213901,0.212286
4831,0.196379,0.225697,0.182809,0.237445,0.218674,0.220778,0.248108,0.217433,0.229947,0.213901,0.212286
4832,0.196379,0.225697,0.182809,0.237445,0.218674,0.220778,0.248108,0.216919,0.229947,0.213901,0.212286
4833,0.196379,0.226104,0.182809,0.237445,0.218674,0.220778,0.248108,0.216919,0.229947,0.213901,0.212286
4834,0.196379,0.226359,0.182809,0.237445,0.218674,0.220778,0.248108,0.216919,0.229947,0.213901,0.212286
4835,0.196379,0.226009,0.182809,0.237445,0.218674,0.220778,0.248108,0.216919,0.229947,0.213901,0.212286
4836,0.196379,0.226009,0.18262,0.237445,0.218674,0.220778,0.248108,0.216919,0.229947,0.213901,0.212286
4837,0.196379,0.226009,0.18262,0.237445,0.218674,0.220778,0.248108,0.216919,0.229947,0.213901,0.214208
4838,0.196379,0.226009,0.18262,0.237445,0.218674,0.220778,0.248108,0.216919,0.229947,0.213901,0.214262
4839,0.196379,0.226009,0.18262,0.237445,0.218674,0.220778,0.248108,0.216919,0.229947,0.213901,0.213734
4840,0.196379,0.226009,0.18262,0.237445,0.218674,0.220778,0.248108,0.216919,0.229947,0.213901,0.21316
4841,0.196379,0.226009,0.18262,0.237445,0.218674,0.220778,0.248108,0.216919,0.229472,0.213901,0.21316
4842,0.196379,0.226009,0.18262,0.237445,0.218674,0.220778,0.248108,0.216919,0.229472,0.213901,0.213875
4843,0.196379,0.226009,0.18262,0.237445,0.218674,0.220778,0.248108,0.216919,0.229472,0.213901,0.213479
4844,0.196379,0.226009,0.18262,0.237445,0.218167,0.220778,0.248108,0.216919,0.229472,0.213901,0.213479
4845,0.196379,0.226009,0.18262,0.237445,0.218167,0.220778,0.249696,0.216919,0.229472,0.213901,0.213479
4846,0.196379,0.226009,0.18262,0.237445,0.218167,0.220778,0.250767,0.216919,0.229472,0.213901,0.213479
4847,0.196379,0.226009,0.18262,0.237445,0.218167,0.220778,0.250431,0.216919,0.229472,0.213901,0.213479
4848,0.196379,0.226009,0.18262,0.237445,0.218167,0.220778,0.250244,0.216919,0.229472,0.213901,0.213479
4849,0.196379,0.226009,0.18262,0.237445,0.218167,0.220778,0.251536,0.216919,0.229472,0.213901,0.213479
4850,0.196379,0.226009,0.18262,0.237445,0.218167,0.220778,0.2509,0.216919,0.229472,0.213901,0.213479
4851,0.196379,0.226009,0.18262,0.237445,0.218167,0.220778,0.251036,0.216919,0.229472,0.213901,0.213479
4852,0.196379,0.226009,0.18262,0.237445,0.218167,0.220778,0.251231,0.216919,0.229472,0.213901,0.213479
4853,0.196379,0.226009,0.18262,0.237445,0.218167,0.220778,0.251122,0.216919,0.229472,0.213901,0.213479
4854,0.196379,0.226009,0.18262,0.237445,0.218167,0.220778,0.250714,0.216919,0.229472,0.213901,0.213479
4855,0.196379,0.226009,0.18262,0.237445,0.218167,0.220778,0.250423,0.216919,0.229472,0.213901,0.213479
4856,0.196379,0.226009,0.18262,0.237445,0.218167,0.220778,0.250066,0.216919,0.229472,0.213901,0.213479
4857,0.196379,0.226009,0.18262,0.237445,0.218167,0.220778,0.249959,0.216919,0.229472,0.213901,0.213479
4858,0.196379,0.226009,0.18262,0.237445,0.218167,0.220778,0.249547,0.216919,0.229472,0.213901,0.213479
4859,0.196379,0.225592,0.18262,0.237445,0.218167,0.220778,0.249547,0.216919,0.229472,0.213901,0.213479
4860,0.196379,0.225592,0.18262,0.23816,0.218167,0.220778,0.249547,0.216919,0.229472,0.213901,0.213479
4861,0.196379,0.225592,0.18262,0.238343,0.218167,0.220778,0.249547,0.216919,0.229472,0.213901,0.213479
4862,0.196379,0.225592,0.18262,0.238514,0.218167,0.220778,0.249547,0.216919,0.229472,0.213901,0.213479
4863,0.196379,0.225592,0.18262,0.23807,0.218167,0.220778,0.249547,0.216919,0.229472,0.213901,0.213479
4864,0.196379,0.225592,0.18262,0.23807,0.218167,0.220778,0.249547,0.216709,0.229472,0.213901,0.213479
4865,0.196379,0.225592,0.18262,0.23807,0.218167,0.220778,0.249547,0.216709,0.229472,0.213901,0.212963
4866,0.196379,0.225592,0.18262,0.237819,0.218167,0.220778,0.249547,0.216709,0.229472,0.213901,0.212963
4867,0.196379,0.225592,0.18262,0.237819,0.218167,0.220277,0.249547,0.216709,0.229472,0.213901,0.212963
4868,0.196379,0.225592,0.18262,0.237819,0.218167,0.220277,0.249547,0.216709,0.229472,0.214744,0.212963
4869,0.196379,0.225592,0.18262,0.237819,0.218167,0.220277,0.249547,0.216709,0.229472,0.215335,0.212963
4870,0.196379,0.225592,0.18262,0.237819,0.218167,0.220277,0.249547,0.216709,0.229472,0.215144,0.212963
4871,0.196379,0.225592,0.18262,0.237819,0.218167,0.220277,0.249547,0.216709,0.229472,0.214618,0.212963
4872,0.196379,0.225592,0.181542,0.237819,0.218167,0.220277,0.249547,0.216709,0.229472,0.214618,0.212963
4873,0.196379,0.225592,0.181542,0.237819,0.218167,0.220277,0.249547,0.216709,0.229472,0.213313,0.212963
4874,0.196379,0.225592,0.181542,0.237819,0.218167,0.220277,0.249547,0.216199,0.229472,0.213313,0.212963
4875,0.196379,0.225592,0.181542,0.23948,0.218167,0.220277,0.249547,0.216199,0.229472,0.213313,0.212963
4876,0.196379,0.225592,0.181542,0.239364,0.218167,0.220277,0.249547,0.216199,0.229472,0.213313,0.212963
4877,0.196379,0.225592,0.181542,0.239402,0.218167,0.220277,0.249547,0.216199,0.229472,0.213313,0.212963
4878,0.196379,0.225592,0.181542,0.239128,0.218167,0.220277,0.249547,0.216199,0.229472,0.213313,0.212963
4879,0.196379,0.225592,0.181542,0.23912,0.218167,0.220277,0.249547,0.216199,0.229472,0.213313,0.212963
4880,0.196379,0.225592,0.181542,0.23914,0.218167,0.220277,0.249547,0.216199,0.229472,0.213313,0.212963
4881,0.196379,0.225592,0.181542,0.239544,0.218167,0.220277,0.249547,0.216199,0.229472,0.213313,0.212963
4882,0.196379,0.225592,0.181542,0.240205,0.218167,0.220277,0.249547,0.216199,0.229472,0.213313,0.212963
4883,0.196379,0.225592,0.181542,0.241021,0.218167,0.220277,0.249547,0.216199,0.229472,0.213313,0.212963
4884,0.196379,0.225592,0.181542,0.242102,0.218167,0.220277,0.249547,0.216199,0.229472,0.213313,0.212963
4885,0.196379,0.225592,0.181542,0.241326,0.218167,0.220277,0.249547,0.216199,0.229472,0.213313,0.212963
4886,0.196379,0.225592,0.181542,0.241269,0.218167,0.220277,0.249547,0.216199,0.229472,0.213313,0.212963
4887,0.196379,0.225592,0.181542,0.240825,0.218167,0.220277,0.249547,0.216199,0.229472,0.213313,0.212963
4888,0.196379,0.225592,0.181542,0.240564,0.218167,0.220277,0.249547,0.216199,0.229472,0.213313,0.212963
4889,0.196379,0.225592,0.181542,0.240122,0.218167,0.220277,0.249547,0.216199,0.229472,0.213313,0.212963
4890,0.196379,0.225592,0.181542,0.240122,0.218167,0.220277,0.249626,0.216199,0.229472,0.213313,0.212963
4891,0.196379,0.225592,0.181542,0.240122,0.218167,0.220277,0.249626,0.216199,0.229034,0.213313,0.212963
4892,0.196379,0.225592,0.181542,0.240122,0.218167,0.220277,0.249123,0.216199,0.229034,0.213313,0.212963
4893,0.196379,0.225095,0.181542,0.240122,0.218167,0.220277,0.249123,0.216199,0.229034,0.213313,0.212963
4894,0.196379,0.225095,0.181542,0.240122,0.218173,0.220277,0.249123,0.216199,0.229034,0.213313,0.212963
4895,0.196379,0.225095,0.181542,0.240408,0.218173,0.220277,0.249123,0.216199,0.229034,0.213313,0.212963
4896,0.196379,0.225095,0.181542,0.239961,0.218173,0.220277,0.249123,0.216199,0.229034,0.213313,0.212963
4897,0.196379,0.225095,0.181542,0.239961,0.218173,0.220901,0.249123,0.216199,0.229034,0.213313,0.212963
4898,0.196379,0.225095,0.181542,0.239961,0.218173,0.220402,0.249123,0.216199,0.229034,0.213313,0.212963
4899,0.196379,0.225095,0.181542,0.239961,0.218173,0.220402,0.249123,0.216199,0.229034,0.213313,0.21462
4900,0.196379,0.225095,0.181542,0.239961,0.218173,0.220402,0.249123,0.216199,0.229034,0.213313,0.216042
4901,0.196379,0.225095,0.181542,0.239961,0.218173,0.220402,0.249123,0.216199,0.229034,0.213313,0.215678
4902,0.196379,0.225095,0.181542,0.239961,0.218173,0.220402,0.249123,0.216199,0.229034,0.213313,0.216898
4903,0.196379,0.225095,0.181542,0.239961,0.218173,0.220402,0.249123,0.216199,0.229034,0.213313,0.216464
4904,0.196379,0.225095,0.181542,0.239961,0.218173,0.220402,0.249123,0.216199,0.229034,0.213313,0.217544
4905,0.196379,0.225095,0.181542,0.239961,0.218173,0.220402,0.249123,0.216199,0.229034,0.213313,0.217055
4906,0.196379,0.225095,0.181542,0.239961,0.218173,0.220402,0.249123,0.216199,0.229034,0.213313,0.217466
4907,0.196379,0.225095,0.181542,0.239961,0.218173,0.220402,0.249123,0.216199,0.229034,0.213313,0.217293
4908,0.196379,0.225095,0.181542,0.239961,0.218173,0.220402,0.249123,0.216199,0.229034,0.213313,0.218315
4909,0.196379,0.225095,0.181542,0.239961,0.218173,0.220402,0.249123,0.216199,0.229034,0.213313,0.220132
4910,0.196379,0.225095,0.181542,0.239961,0.218173,0.220402,0.249123,0.216199,0.229034,0.213313,0.220939
4911,0.196379,0.225095,0.181542,0.239961,0.218173,0.220402,0.249123,0.216199,0.229034,0.213313,0.220584
4912,0.196379,0.225095,0.181542,0.239961,0.218173,0.220402,0.249123,0.216199,0.229034,0.213313,0.220501
4913,0.196379,0.225095,0.181542,0.239961,0.218173,0.220402,0.249123,0.216199,0.229034,0.213313,0.219982
4914,0.196379,0.225095,0.181542,0.239961,0.218173,0.220402,0.249123,0.216199,0.229034,0.213313,0.219674
4915,0.196379,0.225095,0.181542,0.239961,0.218173,0.220402,0.249123,0.216199,0.229034,0.213313,0.220506
4916,0.196379,0.225095,0.181542,0.239961,0.218173,0.220402,0.249123,0.216199,0.229034,0.213313,0.219989
4917,0.196379,0.225095,0.181542,0.239961,0.218173,0.220402,0.249123,0.216199,0.229034,0.213313,0.222041
4918,0.196379,0.225095,0.181542,0.239961,0.218173,0.220402,0.249123,0.216199,0.229034,0.213313,0.221525
4919,0.196379,0.225095,0.181542,0.239961,0.218173,0.220402,0.249123,0.216199,0.229034,0.213313,0.221484
4920,0.196379,0.225095,0.181542,0.239961,0.218173,0.220402,0.249123,0.216199,0.229034,0.213313,0.221029
4921,0.196379,0.225095,0.181542,0.239961,0.218173,0.220402,0.249123,0.216199,0.229034,0.213313,0.220483
4922,0.196379,0.225095,0.181542,0.239961,0.218173,0.220402,0.249123,0.216199,0.229034,0.213313,0.220921
4923,0.196379,0.225095,0.181542,0.239961,0.218173,0.220402,0.249123,0.216199,0.229034,0.213313,0.220594
4924,0.196379,0.225095,0.181542,0.239961,0.218173,0.220402,0.249123,0.216199,0.229034,0.213313,0.220833
4925,0.196379,0.225095,0.181542,0.239961,0.218173,0.220402,0.249123,0.216199,0.229034,0.213313,0.221475
4926,0.196379,0.225095,0.181542,0.239961,0.218173,0.220402,0.249123,0.216199,0.229034,0.213313,0.220978
4927,0.196379,0.225095,0.181542,0.239961,0.218173,0.220402,0.249123,0.216199,0.229034,0.213313,0.221848
4928,0.196379,0.225095,0.181542,0.239961,0.218173,0.220402,0.249123,0.216199,0.229034,0.213313,0.221344
4929,0.196379,0.225095,0.181542,0.239961,0.218173,0.220402,0.249123,0.216199,0.229034,0.213313,0.220901
4930,0.196379,0.225095,0.181542,0.239961,0.218173,0.220402,0.249123,0.216199,0.229034,0.213313,0.220402
4931,0.196379,0.225095,0.181542,0.239961,0.217669,0.220402,0.249123,0.216199,0.229034,0.213313,0.220402
4932,0.196379,0.225095,0.181542,0.239961,0.217669,0.220402,0.249123,0.216199,0.229034,0.213313,0.22006
4933,0.196379,0.225095,0.181542,0.239961,0.217669,0.220328,0.249123,0.216199,0.229034,0.213313,0.22006
4934,0.196379,0.225095,0.181542,0.239961,0.217669,0.220328,0.249123,0.216199,0.228859,0.213313,0.22006
4935,0.196379,0.225095,0.181542,0.239527,0.217669,0.220328,0.249123,0.216199,0.228859,0.213313,0.22006
4936,0.196379,0.225095,0.181542,0.239527,0.217669,0.220328,0.249123,0.217551,0.228859,0.213313,0.22006
4937,0.196379,0.225095,0.181542,0.239527,0.217669,0.220328,0.249123,0.219387,0.228859,0.213313,0.22006
4938,0.196379,0.225095,0.181542,0.239527,0.217669,0.220328,0.249123,0.21894,0.228859,0.213313,0.22006
4939,0.196379,0.225095,0.181542,0.239527,0.217669,0.220328,0.249123,0.219482,0.228859,0.213313,0.22006
4940,0.196379,0.225095,0.181542,0.239527,0.217669,0.220328,0.249123,0.219945,0.228859,0.213313,0.22006
4941,0.196379,0.225095,0.181542,0.239527,0.217669,0.220328,0.249123,0.221275,0.228859,0.213313,0.22006
4942,0.196379,0.225095,0.181542,0.239527,0.217669,0.220328,0.249123,0.220576,0.228859,0.213313,0.22006
4943,0.196379,0.225095,0.181542,0.239527,0.217669,0.220328,0.249123,0.220408,0.228859,0.213313,0.22006
4944,0.196379,0.225095,0.181542,0.239527,0.217669,0.220328,0.249123,0.220469,0.228859,0.213313,0.22006
4945,0.196379,0.225095,0.181542,0.239527,0.217669,0.220328,0.249123,0.220714,0.228859,0.213313,0.22006
4946,0.196379,0.225095,0.181542,0.239527,0.217669,0.220328,0.249123,0.222303,0.228859,0.213313,0.22006
4947,0.196379,0.225095,0.181542,0.239527,0.217669,0.220328,0.249123,0.221794,0.228859,0.213313,0.22006
4948,0.196379,0.225095,0.181542,0.239527,0.217669,0.220328,0.249123,0.222055,0.228859,0.213313,0.22006
4949,0.196379,0.225095,0.181542,0.239527,0.217669,0.220328,0.249123,0.222166,0.228859,0.213313,0.22006
4950,0.196379,0.225095,0.181542,0.239527,0.217669,0.220328,0.249123,0.221661,0.228859,0.213313,0.22006
4951,0.196379,0.225095,0.181542,0.239527,0.217669,0.220328,0.249123,0.221351,0.228859,0.213313,0.22006
4952,0.196379,0.225095,0.181542,0.239527,0.217669,0.220328,0.249123,0.221264,0.228859,0.213313,0.22006
4953,0.196379,0.225095,0.181542,0.239527,0.217669,0.220328,0.249123,0.220764,0.228859,0.213313,0.22006
4954,0.196379,0.225095,0.181542,0.239527,0.217669,0.220328,0.249123,0.221482,0.228859,0.213313,0.22006
4955,0.196379,0.225095,0.181542,0.239527,0.217669,0.220328,0.249123,0.221241,0.228859,0.213313,0.22006
4956,0.196379,0.225095,0.181542,0.239527,0.217669,0.220328,0.249123,0.221279,0.228859,0.213313,0.22006
4957,0.196379,0.225095,0.181542,0.239527,0.217669,0.220328,0.249123,0.220252,0.228859,0.213313,0.22006
4958,0.196379,0.225095,0.181542,0.239527,0.217669,0.220328,0.249245,0.220252,0.228859,0.213313,0.22006
4959,0.196379,0.225095,0.181542,0.239527,0.217669,0.220328,0.248837,0.220252,0.228859,0.213313,0.22006
4960,0.196379,0.224427,0.181542,0.239527,0.217669,0.220328,0.248837,0.220252,0.228859,0.213313,0.22006
4961,0.196379,0.224427,0.181542,0.239527,0.217669,0.219833,0.248837,0.220252,0.228859,0.213313,0.22006
4962,0.196379,0.224427,0.181542,0.239527,0.217669,0.219833,0.248837,0.220252,0.228859,0.213313,0.220544
4963,0.196379,0.224427,0.181542,0.239527,0.217669,0.219833,0.248837,0.220252,0.228859,0.213313,0.221441
4964,0.196379,0.224427,0.181542,0.239527,0.217669,0.219833,0.248837,0.220252,0.228859,0.213313,0.221536
4965,0.196379,0.224427,0.181542,0.239527,0.217669,0.219833,0.248837,0.220252,0.228859,0.213313,0.22008
4966,0.196379,0.224427,0.181542,0.239527,0.217669,0.219833,0.248837,0.220252,0.23052,0.213313,0.22008
4967,0.196379,0.224427,0.181542,0.239527,0.217669,0.219833,0.248837,0.220252,0.230126,0.213313,0.22008
4968,0.196379,0.224427,0.181542,0.239527,0.217669,0.219833,0.248837,0.220252,0.231855,0.213313,0.22008
4969,0.196379,0.224427,0.181542,0.239527,0.217669,0.219833,0.248837,0.220252,0.231366,0.213313,0.22008
4970,0.196379,0.224427,0.181542,0.239527,0.217669,0.219833,0.248837,0.220252,0.23113,0.213313,0.22008
4971,0.196379,0.224427,0.181542,0.239527,0.217669,0.219833,0.248837,0.220252,0.231283,0.213313,0.22008
4972,0.196379,0.224427,0.181542,0.239527,0.217669,0.219833,0.248837,0.220252,0.232224,0.213313,0.22008
4973,0.196379,0.224427,0.181542,0.239527,0.217669,0.219833,0.248837,0.220252,0.231819,0.213313,0.22008
4974,0.196379,0.224427,0.181542,0.239527,0.217669,0.219833,0.248837,0.220252,0.230773,0.213313,0.22008
4975,0.196379,0.224427,0.181542,0.239527,0.217669,0.219833,0.248837,0.220252,0.230298,0.213313,0.22008
4976,0.196379,0.224427,0.181542,0.239527,0.217757,0.219833,0.248837,0.220252,0.230298,0.213313,0.22008
4977,0.196379,0.224427,0.180951,0.239527,0.217757,0.219833,0.248837,0.220252,0.230298,0.213313,0.22008
4978,0.196379,0.224427,0.180951,0.239527,0.218811,0.219833,0.248837,0.220252,0.230298,0.213313,0.22008
4979,0.196379,0.224427,0.180951,0.239527,0.2184,0.219833,0.248837,0.220252,0.230298,0.213313,0.22008
4980,0.196379,0.224427,0.180951,0.239527,0.219214,0.219833,0.248837,0.220252,0.230298,0.213313,0.22008
4981,0.196379,0.224427,0.180951,0.239527,0.219446,0.219833,0.248837,0.220252,0.230298,0.213313,0.22008
4982,0.196379,0.224427,0.180951,0.239527,0.219107,0.219833,0.248837,0.220252,0.230298,0.213313,0.22008
4983,0.196379,0.224427,0.180951,0.239527,0.219466,0.219833,0.248837,0.220252,0.230298,0.213313,0.22008
4984,0.196379,0.224427,0.180951,0.239527,0.219271,0.219833,0.248837,0.220252,0.230298,0.213313,0.22008
4985,0.196379,0.224427,0.180951,0.239148,0.219271,0.219833,0.248837,0.220252,0.230298,0.213313,0.22008
4986,0.196379,0.224427,0.180951,0.239148,0.219271,0.219833,0.247157,0.220252,0.230298,0.213313,0.22008
4987,0.196379,0.224427,0.180951,0.239148,0.218697,0.219833,0.247157,0.220252,0.230298,0.213313,0.22008
4988,0.196379,0.224427,0.180951,0.239148,0.218697,0.219833,0.247157,0.220252,0.230298,0.213057,0.22008
4989,0.196379,0.224427,0.180951,0.239148,0.218697,0.219833,0.247157,0.220252,0.229874,0.213057,0.22008
4990,0.196379,0.224427,0.180951,0.239148,0.218697,0.219801,0.247157,0.220252,0.229874,0.213057,0.22008
4991,0.196379,0.224427,0.180951,0.239148,0.218697,0.219801,0.247157,0.219662,0.229874,0.213057,0.22008
4992,0.194583,0.224427,0.180951,0.239148,0.218697,0.219801,0.247157,0.219662,0.229874,0.213057,0.22008
4993,0.194583,0.225949,0.180951,0.239148,0.218697,0.219801,0.247157,0.219662,0.229874,0.213057,0.22008
4994,0.194583,0.225657,0.180951,0.239148,0.218697,0.219801,0.247157,0.219662,0.229874,0.213057,0.22008
4995,0.194583,0.227101,0.180951,0.239148,0.218697,0.219801,0.247157,0.219662,0.229874,0.213057,0.22008
4996,0.194583,0.227051,0.180951,0.239148,0.218697,0.219801,0.247157,0.219662,0.229874,0.213057,0.22008
4997,0.194583,0.227139,0.180951,0.239148,0.218697,0.219801,0.247157,0.219662,0.229874,0.213057,0.22008
4998,0.194583,0.22659,0.180951,0.239148,0.218697,0.219801,0.247157,0.219662,0.229874,0.213057,0.22008
4999,0.194583,0.226577,0.180951,0.239148,0.218697,0.219801,0.247157,0.219662,0.229874,0.213057,0.22008
5000,0.194583,0.226122,0.180951,0.239148,0.218697,0.219801,0.247157,0.219662,0.229874,0.213057,0.22008
